Informe generado por  :,Etsol SRL,,,,,,,,,,,
Generado el  :,03 Oct 2025 09:35 AM,,,,,,,,,,,
Nombre de departamento:,Mesa de soporte,,,,,,,,,,,
1-Cantidad de Ticket por Rango Fecha ,,,,,,,,,,,,
ID de Ticket,Hora de creación (Ticket),Nombre de Cuenta,Asunto,Descripción del error,Ticket Descripción,Estado (Ticket),Fecha de cierre,Canal,Clasificaciones,Motivo de la urgencia,Propietario de Ticket,Módulo
104110,01 Sep 2025 08:03 AM,FUGAS,"Modificación reportes por campo de ""pago diferido""",-,,Cerrado,01 Sep 2025,Chat,Consulta,-,Elizabeth Alvarez,Reportes
104111,01 Sep 2025 08:10 AM,HERRAJES YORI,Modificar dirección IP de IF EPSON por cambios en la misma,-,,Cerrado,01 Sep 2025,Phone,Consulta,-,Lautaro Bustos,Impresoras Fiscales
104112,01 Sep 2025 08:14 AM,METAL GRANDE,Consulta por script personalizados dados de alta en el sistema,-,,Cerrado,01 Sep 2025,Chat,Consulta,-,Karen Varon,Script
104113,01 Sep 2025 08:27 AM,Lampe,Solicita archivos xls para importar los códigos de barra de los artículos.,-,Solicita archivos xls para importar los códigos de barra de los artículos.,Cerrado,01 Sep 2025,Chat,Consulta,-,Leila Bonacina,PalJet Import
104114,01 Sep 2025 08:38 AM,DIPORÁ,Modificar fecha emisión en factura,-,,Cerrado,01 Sep 2025,Chat,Consulta,-,Elizabeth Alvarez,CPR Ventas
104115,01 Sep 2025 08:45 AM,BRM REPUESTOS MOTOR,Cambio punto de venta a comprobantes emitidos por IF,-,,Cerrado,02 Sep 2025,Email,Consulta,-,Karen Varon,CPR Ventas
104116,01 Sep 2025 08:45 AM,Lampe,consulta planilla para importar el ean de artículos,-,consulta planilla para importar el ean de artículos,Cerrado,01 Sep 2025,Chat,Consulta,-,Leila Bonacina,PalJet Import
104117,01 Sep 2025 09:03 AM,El Super de los Filtros,Trabajar con cantidades bonificadas,-,"Trabajar con cantidades bonificadas Indicamos desde donde se colocan las cantidades bonificadas, que se habilitan el el flags ID 51 y que puede controlar las cantidades bonificadas con la consulta ID 182. Además indicamos que el sistema no restringe las cantidades bonificadas que se cargan a no ser que se coloque un script. Indica que lo trabajarán asi y cualquier cosa solicitarán ya que solo es por una promoción de unos días",Cerrado,01 Sep 2025,Phone,Consulta,-,Macarena Analía Ramirez Barzola,CPR Ventas
104118,01 Sep 2025 09:09 AM,ROUTER,Consulta por facturas emitidas por tickets #101824 y #102761,-,,Cerrado,01 Sep 2025,Chat,Consulta,-,Karen Varon,Administración
104119,01 Sep 2025 09:25 AM,REFRIGERACION MR,Incidentes para ingresar al sistema en diferentes pcs,-,,Cerrado,01 Sep 2025,Phone,Incidente,-,Lautaro Bustos,Servidores
104120,01 Sep 2025 09:36 AM,REDFLUX,baja de servicio completo,-,"Estimados, Queremos informarles que, a partir del 31 de agosto de 2025, nuestra empresa prescindirá de los servicios que ustedes nos vienen brindando. Tomamos esta decisión con mucho pesar, ya que la experiencia de trabajo con su equipo siempre ha sido sumamente positiva y profesional. Sin embargo, una de las compañías más importantes que representamos nos exige la utilización de su sistema propio, lo que nos obliga a discontinuar la relación con Paljet. Lamentamos profundamente no poder continuar en este momento, aunque mantenemos la puerta abierta para que, en un futuro, podamos volver a desarrollar proyectos en conjunto. Agradecemos sinceramente todo el acompañamiento, el compromiso y la calidad de servicio que nos han brindado durante este tiempo. Un cordial saludo, Tomasgo SA Gonzalo Rosa Presidente",Cerrado,01 Sep 2025,Chat,Baja Licencia/Modulo,-,Macarena Monetta,Licencia / Modulo
104121,01 Sep 2025 09:41 AM,SUMIAGRO,Instalación de servidor por falla en pc original,-,"llamada entrante de (3424406300) Llama Belén Solicitan instalación del sistema en pc nueva ya que la original que tenían se rompió y no poseen acceso, consultamos e indica que poseen backup de semana pasada",Cerrado,11 Sep 2025,Phone,Instalación,-,Agustina Acosta,Servidores
104122,01 Sep 2025 09:42 AM,El Super de los Filtros,Reestablecer contraseña Portal Mesa de ayuda,-,,Cerrado,01 Sep 2025,Email,Consulta,-,Elizabeth Alvarez,Administración
104123,01 Sep 2025 09:51 AM,Lampe,Error al importar planilla de excell con los codigos ean,-,"Error al importar planilla de Excel con los códigos EAN, dado que los códigos EAN de empaque poseían el mismo código surge el error. Se le informo que actualmente no poseemos herramientas para desasociarlo de forma masiva",Cerrado,01 Sep 2025,Chat,Consulta,-,Leila Bonacina,PalJet Import
104124,01 Sep 2025 09:55 AM,MARCHAL,Fiscalización de comprobante por IF,-,"llamada entrante de (2262304024) Llama Ariel Revisamos funcionamiento de spooler, sacamos cierre z y x desde allí y luego pueden fiscalizar la factura con normalidad",Cerrado,01 Sep 2025,Phone,Consulta,-,Agostina Lozano,Impresoras Fiscales
104125,01 Sep 2025 09:59 AM,MAGAFLA,"Error en envío de email con copia adjunta ""no se encontró el e-mail o esta inactivo""",-,"Error en envío de email con copia adjunta ""no se encontró el e-mail o esta inactivo"" Vimos que tenía el script desactivado, luego vimos que no tenía activada la plantilla con la que trabaja el script, activando ambos se pudo enviar la factura con la opción de ""envío con copia adjunta"" El error que daba era ""no se encontró el mail o no se encuentra activo""",Cerrado,01 Sep 2025,Phone,Consulta,-,Macarena Analía Ramirez Barzola,E-mail
104126,01 Sep 2025 10:00 AM,FORTEHOUSE,"Error ""el campo ID en AlicIVA no debe repetirse"" al solicitar cae en factura",-,,Cerrado,01 Sep 2025,Chat,Consulta,-,Karen Varon,Factura electrónica
104127,01 Sep 2025 10:03 AM,Greca,Consulta por recibo de imputación.,-,,Cerrado,01 Sep 2025,Chat,Consulta,-,Elizabeth Alvarez,CPR Ventas
104128,01 Sep 2025 10:05 AM,CALZADOS BETER,Consulta por inventario desde excel,-,Consulta por inventario desde excel Indica que necesita hablar con Juan Acosta ya que en su momento lo vio con el y comenta que lo visto con Nicolas el día viernes no sería lo que estan necesitando,Cerrado,01 Sep 2025,Phone,Consulta,-,Macarena Analía Ramirez Barzola,Inventario
104129,01 Sep 2025 10:06 AM,SERVITOOLS,"""Error alguna de las publicación que esta en Mercado Libre no se encuentra vinculado con bbjet_ml""",-,llamada entrante de (1157446161),Cerrado,01 Sep 2025,Phone,Consulta,-,Karen Varon,BBJet ML
104130,01 Sep 2025 10:14 AM,REFRIGERACION MR,No funciona sistema en pc clientes de sucursal,-,llamada entrante de (3424891062) Llama Martin,Cerrado,01 Sep 2025,Phone,Consulta,-,Agostina Lozano,Conexión PC/Infraestructura
104131,01 Sep 2025 10:14 AM,FUGAS,Solicita contacto con Elizabeth por ticket #104110,-,Solicita contacto con Elizabeth por ticket #104110,Cerrado,01 Sep 2025,Phone,Consulta,-,Macarena Analía Ramirez Barzola,Comunicarse con Soporte
104132,01 Sep 2025 10:18 AM,Maderera San Antonio,consulta sobre las existencias. Al momento de cargar un item en una factura necesitaría que me figueren los números de las existencias para poder corroborar el stock existente al momento de realizar las ventas.,-,Se le solicito acceso pero no obtuvimos respuestas.,Cerrado,01 Sep 2025,Chat,Consulta,-,Leila Bonacina,Sin respuesta
104133,01 Sep 2025 10:18 AM,RODA SERVICE,Notas de credito emitidas con pto de venta 1,-,,No aplica,08 Sep 2025,Email,Consulta,-,Agostina Lozano,CPR Ventas
104134,01 Sep 2025 10:26 AM,Valeant S.R.L.,Inconvenientes con lectura de certificado digital al emitir CAE / Varias consultas por el sistema,-,,Cerrado,01 Sep 2025,Phone,Incidente,-,Lautaro Bustos,Factura electrónica
104135,01 Sep 2025 10:31 AM,VERGARA,"Error ""no se encontró el mail o está inactivo""",-,,Cerrado,01 Sep 2025,Chat,Consulta,-,Karen Varon,E-mail
104136,01 Sep 2025 10:37 AM,FUGAS,Confirmación funcionamiento ticket #104110,-,,Cerrado,01 Sep 2025,Chat,Consulta,-,Elizabeth Alvarez,ABM Clientes
104137,01 Sep 2025 10:37 AM,ANDRETICH,Tableros de BI desactualizados,-,,Cerrado,03 Sep 2025,Chat,Consulta,-,Karen Varon,BI
104138,01 Sep 2025 10:39 AM,MAXILIMP,se puede acceder al verificador de precios desde otro dispositivo,-,Se le brindo el link para que pueda acceder pero no obtuvimos respuesta si pudieron acceder.,Cerrado,01 Sep 2025,Chat,Consulta,-,Leila Bonacina,BBJet Pretium
104139,01 Sep 2025 10:43 AM,ANDERSEN MATERIALES,Controlar autorización de comprobantes en logística,-,,Cerrado,17 Sep 2025,Chat,Consulta,-,Elizabeth Alvarez,Logística
104140,01 Sep 2025 11:04 AM,BOURLOT,Informe de mejoras indicadas en ticket #101391,-,llamada entrante de (3446373961) Llama Juan Cruz Comentamos las mejoras hechas en orden de compras que se indica en el ticket,Cerrado,01 Sep 2025,Phone,Consulta,-,Agostina Lozano,Consulta por ticket
104141,01 Sep 2025 11:08 AM,SUMIAGRO,Solicita contacto con Agustin Acosta por ticket #104121,-,,Cerrado,01 Sep 2025,Phone,Consulta,-,Lautaro Bustos,Comunicarse con otra área
104142,01 Sep 2025 11:10 AM,EL TROPEZÓN,Articulos en comprobantes de compra con precio $0,-,"Buen día estimados, tenemos la siguiente consulta Las ordenes de compras actualmente no aparecen valorizadas Nosotros necesitamos que aparezcan los precios de listas de los artículos del proveedor para poder tener una referencia de cuanto va a ser el valor del pedido",Cerrado,01 Sep 2025,Web,Consulta,-,Karen Varon,CPR Compras
104143,01 Sep 2025 11:19 AM,EL SURCO,Hora de capacitación en el Menú Cuentas,-,Buenos días. Se solicita 1h de capacitación en el Menú cuentas. El costo es bonificado por premio de participación en el Etsol Webinar. Gracias.,Cerrado,11 Sep 2025,Chat,Capacitación,-,Agostina Lozano,Cuentas
104144,01 Sep 2025 11:24 AM,Lampe,Cargar ruta de imagen en plantilla de importación,-,,Cerrado,01 Sep 2025,Chat,Consulta,-,Karen Varon,ABM Artículos
104145,01 Sep 2025 11:33 AM,FERROMUNDO,"Error ""tbParamsvalues:missing data provider or data packet"" al ejecutar la  consulta 1083.",-,"Error ""tbParamsvalues:missing data provider or data packet"" al ejecutar la consulta 1083. Al ingresar se corroboro que desde el ADMIN el error no se generaba por lo que se eliminaron los temporales y ejecuto paljet como administrador y quedo solucionando.",Cerrado,01 Sep 2025,Chat,Consulta,-,Leila Bonacina,Consultas y Herramientas
104146,01 Sep 2025 11:36 AM,Smack,Solicita contacto con Eliana,-,llamada entrante de (Chantal Smack) Dejamos número de contacto a Eliana,Cerrado,01 Sep 2025,Phone,Consulta,-,Agostina Lozano,Comunicarse con otra área
104147,01 Sep 2025 11:47 AM,MERCONOR,MODIFICAR POR BASE DE DATO PTO 47,-,,Cerrado,02 Sep 2025,Email,Consulta,-,Lautaro Bustos,CPR Ventas
104148,01 Sep 2025 12:07 PM,CASA CARLITOS,Consulta por config de artículo combo,-,,Cerrado,01 Sep 2025,Phone,Consulta,-,Lautaro Bustos,ABM Artículos
104149,01 Sep 2025 12:07 PM,ACEROS DEFER,Continuación y respuesta de ticket #103898,-,,Cerrado,01 Sep 2025,Chat,Consulta,-,Elizabeth Alvarez,Consulta por ticket
104150,01 Sep 2025 12:17 PM,AB CONSTRUCCIONES,Consulta sobre como registrar una  factura en dolares con un descuento,-,Consulta sobre como registrar una factura en dólares con un descuento,En Tratamiento,04 Sep 2025,Chat,Consulta,-,Leila Bonacina,CPR Compras
104151,01 Sep 2025 12:17 PM,REMAQH,Error de cae por consecutividad de numeración de cpr y limitar permisos para eliminar cpr pendiente de cae,-,,Cerrado,03 Sep 2025,Chat,Consulta,-,Karen Varon,Factura electrónica
104152,01 Sep 2025 12:22 PM,IOMAQ,Saldos de cta cte de proveedores en determinado período,-,,Cerrado,01 Sep 2025,Chat,Consulta,-,Elizabeth Alvarez,Consultas y Herramientas
104153,01 Sep 2025 12:23 PM,DISSER,No se pueden conectar de manera remota,-,"Se ingreso a la pc y se corroboro que la ip era incorrecta, también que el puerto en el servidor se encontraba cerrado. Entendemos que se cambio el roúter por cuestiones de la empresa por lo que no se encontraba abierto el puerto 3011 en el mismo. Se le indico que debe solicitar asistencia de un técnico para que abra el mismo.",Cerrado,01 Sep 2025,Chat,Consulta,-,Leila Bonacina,Conexión
104154,01 Sep 2025 12:27 PM,LEOFILM,Detalle de impuesto del art en reporte factura pto vta 2008,-,,Cerrado,08 Sep 2025,Email,Requerimiento,-,Karen Varon,Reportes
104155,01 Sep 2025 12:39 PM,TOYOMEC,"Quitar columna de ""importe"" en reporte remito pto vta 3",-,,Cerrado,01 Sep 2025,Chat,Requerimiento,-,Karen Varon,Reportes
104156,01 Sep 2025 12:40 PM,INTER PARTS,Extraer libro diario,-,,Cerrado,01 Sep 2025,Chat,Consulta,-,Elizabeth Alvarez,Contabilidad
104157,01 Sep 2025 12:41 PM,FERROMUNDO,Error vacío al solicitar CAE,-,,Cerrado,01 Sep 2025,Phone,Consulta,-,Lautaro Bustos,Factura electrónica
104159,01 Sep 2025 12:51 PM,Direfil,Consulta sobre archivo de excel para importacion y horario de back up,-,,Cerrado,01 Sep 2025,Chat,Consulta,-,Karen Varon,Sistema
104161,01 Sep 2025 12:57 PM,E-Parts Franquicia San Luis,Información y consulta para administracion,-,,Cerrado,01 Sep 2025,Phone,Consulta,-,Joaquina Villanueva,Comunicarse con otra área
104162,01 Sep 2025 01:06 PM,LEOFILM,"Revisar el boton de busqueda, pongo *dispenser* por ejemplo y aparecen pilas, productos sin fotos, etc",-,"Revisar el boton de busqueda, pongo *dispenser* por ejemplo y aparecen pilas, productos sin fotos, etc",Cerrado,08 Sep 2025,Chat,Mejora,-,Eliana Barreto,Tienda BtoC
104163,01 Sep 2025 01:07 PM,LEOFILM,"Pedir teléfono de contacto a quienes realizan compras, como requisito obligatorio.",-,"Pedir teléfono de contacto a quienes realizan compras, como requisito obligatorio.",Cerrado,02 Sep 2025,Chat,Requerimiento,-,Pablo Grimaldi,Tienda BtoC
104164,01 Sep 2025 02:10 PM,MAYOR,Comenta que un artículo cargado en una FA de proveedor no ingresó stock- El art no tenía el tilde de administra existencias,-,Comenta que un artículo cargado en una FA de proveedor no ingresó stock- El art no tenía el tilde de administra existencias,Cerrado,01 Sep 2025,Phone,Consulta,-,Macarena Monetta,ABM Artículos
104165,01 Sep 2025 02:11 PM,DON COCO,Error al generar parte de caja por comprobante en -1 o sin valor,-,Error al generar parte de caja por comprobante en -1 o sin valor,Cerrado,01 Sep 2025,Chat,Consulta,-,Macarena Analía Ramirez Barzola,Caja
104166,01 Sep 2025 02:24 PM,Smack,"Error al generar Nota de crédito financiera: ""S"" is not a valid integer value",-,llamada entrante de (Chantal Smack),Cerrado,03 Sep 2025,Phone,Consulta,-,Elizabeth Alvarez,CPR Ventas
104167,01 Sep 2025 02:33 PM,LARE SA,Solicita id de herramienta para eliminar un asiento por número de minuta,-,Solicita id de herramienta para eliminar un asiento por número de minuta,Cerrado,01 Sep 2025,Phone,Consulta,-,Macarena Monetta,Consultas y Herramientas
104168,01 Sep 2025 02:45 PM,MERCONOR,Visualización de comprobantes de venta con dtos/rgos,-,llamada entrante de (3416178102),Cerrado,08 Sep 2025,Phone,Requerimiento,-,Elizabeth Alvarez,Consultas y Herramientas
104169,01 Sep 2025 02:49 PM,ANDERSEN MATERIALES,Buenas queria consultar por el ticket 104139/ como devolver la mercaderia si se encuentra facurada,-,"Consulta si se realiza la factura como puede devolver la mercadería, s ele indica que debería realizarse una nota de crédito. También que debería realizar si es un remito y no se factura todavía, ene este caso corresponde un remito de devolución.",Cerrado,02 Sep 2025,Chat,Consulta,-,Leila Bonacina,Logística
104170,01 Sep 2025 02:55 PM,E-Parts Franquicia Posadas,Consulta pasos para identificar el saldo que le debe a un proveedor,-,Consulta pasos para identificar el saldo que le debe a un proveedor,Cerrado,01 Sep 2025,Phone,Consulta,-,Macarena Monetta,ABM Proveedores
104171,01 Sep 2025 03:01 PM,FERRARO MATERIALES,"Error ""El stock no fue actualizado ya que hay pedidos relacionados a esta publicación que no se han pasado a paljet"" al actualizar publicación en ML",-,"Error ""El stock no fue actualizado ya que hay pedidos relacionados a esta publicación que no se han pasado a paljet"" al actualizar publicación en ML",Cerrado,01 Sep 2025,Chat,Consulta,-,Macarena Analía Ramirez Barzola,BBJet ML
104172,01 Sep 2025 03:28 PM,Calabria Aceros,Inconvenientes para acceder al servidor luego de corte de energía,-,Inconvenientes para acceder al servidor luego de corte de energía,Cerrado,01 Sep 2025,Phone,Consulta,-,Lautaro Bustos,Servidores
104173,01 Sep 2025 03:35 PM,CERAMICA NORTE,Dudas sobre impresión de Etiquetas de Artículos - Tamaños y campos,-,,Cerrado,01 Sep 2025,Phone,Consulta,-,Micaela Gatti,Reportes
104174,01 Sep 2025 03:35 PM,Freezar Congelados,Corrección de impuesto al pie de pedido en Mobile,-,"Da error de que no coincide el pie con la base imponible, lo corregimos por base de datos. En otros tickets se les ha ofrecido actualizar ya que el error se corrigió en otras versiones de Mobile pero el cliente indica que no lo requerirán por el momento",Cerrado,01 Sep 2025,Chat,Consulta,-,Agostina Lozano,BBJet Mobile
104175,01 Sep 2025 03:36 PM,E-Parts - Grupo Cervantes,Diferencia de centavos entre FA y NC,-,llamada entrante de (2615664475),Cerrado,01 Sep 2025,Phone,Consulta,-,Elizabeth Alvarez,CPR Ventas
104176,01 Sep 2025 03:39 PM,RTI / PBS - NICARAGUA,"Revisión y corrección de consulta ID 902 ""orden de servicio que registran un cambio de estado en un periodo de tiempo""",-,,Espera del Cliente,-,Email,Requerimiento,-,Karen Varon,Consultas y Herramientas
104177,01 Sep 2025 03:40 PM,E-Parts Franquicia San Luis,Consulta sobre liquidaciones tarjeta,-,llamada entrante de (1162044193),Cerrado,01 Sep 2025,Phone,Consulta,-,Karen Varon,Tarjeta
104178,01 Sep 2025 03:43 PM,E-Parts Franquicia San Luis,Consulta sobre ingreso de cheques electrónicos y transferencia emitidos por tarjeta naranjaX: liquidación tarjeta,-,,Cerrado,02 Sep 2025,Email,Consulta,-,Karen Varon,Tarjeta
104179,01 Sep 2025 03:56 PM,EL SURCO,Permiso de usuario - Modificación de precios de detalle de comprobante,-,"llamada entrante de (2302484302) Llama Lucas Zarate Usuario LUCASZ, vemos que no posee el permiso para la edición de los precios de los artículos en los comprobantes, debido al grupo de usuarios en el que se encuentra (ENCARGADOS), indicamos consultar con su encargado para que le den el permiso o bien darnos autorización para realizarlo",Cerrado,01 Sep 2025,Phone,Consulta,-,Agostina Lozano,Configuración de usuarios
104180,01 Sep 2025 04:07 PM,Lubricentro Goya,"Error ""Access violation at address"" en PC de caja al consultar comprobantes de venta",-,"Error ""Access violation at address"" en PC de caja al consultar comprobantes de venta",Cerrado,01 Sep 2025,Chat,Consulta,-,Micaela Gatti,CPR Ventas
104181,01 Sep 2025 04:11 PM,FERRE TEROS,Error de licencia al ingresar al sistema en pc cliente,-,"Buenas tardes, luego del fin de semana donde hubo una tormenta tuvimos problemas con las máquinas y en una de ellas aparece el siguiente cuadro de mensaje que adjunto. Todas están con la licencia vigente.",Cerrado,01 Sep 2025,Web,Consulta,-,Agostina Lozano,Licencia / Modulo
104182,01 Sep 2025 04:36 PM,Ferretería Comercial Colón,Consulta por avances del ticket #90685 para coordinar capacitación,-,,Cerrado,01 Sep 2025,Chat,Consulta,-,Macarena Monetta,Consulta por ticket
104183,01 Sep 2025 04:45 PM,MOSAICOS CHAJARÍ,Instalacion Modulo ML,-,Coordinar con Guillermo Tito ------------------------------------------------------------------------------- Instalacion e implementacion de Modulo ML Opera sobre empresa adicional Mattra 30-71855742-5 ya están trabajando con Mercado Libre sin integración ------------------------------------------------------------------------------- completado la instalacion e implementacion se procede a coordinar la instalacion e implementacion del Modulo BtoC TK # también opera sobre empresa adicional Mattra 30-71855742-5 -------------------------------------------------------------------------------,En Tratamiento,-,Chat,Instalación,-,Karen Bonacina,BBJet ML
104184,01 Sep 2025 04:50 PM,BRM REPUESTOS SAS,Diferencias en caja por movimiento financiero de egreso duplicado,-,Diferencias en caja por movimiento financiero de egreso duplicado,Cerrado,01 Sep 2025,Phone,Consulta,-,Micaela Gatti,Caja
104185,01 Sep 2025 04:55 PM,MOSAICOS CHAJARÍ,Instalacion e implementacion de Modulo BtoC,-,Coordinar con Guillermo Tito ------------------------------------------------------------------------------- Finalizada la Instalacion e implementacion de Modulo ML en TK #104183 se procede a coordinar la instalacion e implementacion del Modulo BtoC TK # también opera sobre empresa adicional Mattra 30-71855742-5 --------------------------------------------------------------------------------,En Tratamiento,-,Chat,Instalación,-,Karen Bonacina,Tienda BtoC
104186,01 Sep 2025 05:37 PM,MAXILIMP,qr  en el reporte de impresora fiscal,-,,Cerrado,01 Sep 2025,Chat,Consulta,-,Joaquina Villanueva,Reportes
104187,01 Sep 2025 05:44 PM,Total Caño,Consultan que procedimiento realizar con cupones que tienen sin liquidar y necesitan quitarlos de la cuenta de caja,-,"Consultan que procedimiento realizar con cupones que tienen sin liquidar y necesitan quitarlos de la cuenta de caja, se le indicaron los pasos para crear una nueva cuenta, y poder pasar todos esos cupones que ya eran viejos, para que la consulta de la otra caja no demore tanto",Cerrado,01 Sep 2025,Phone,Consulta,-,Macarena Monetta,Cuentas
104188,01 Sep 2025 05:58 PM,EL GURI,Consulta por visualización de comprobantes en usuario,-,Consulta por visualización de comprobantes en usuario,Cerrado,01 Sep 2025,Chat,Consulta,-,Micaela Gatti,Esquemas
104189,01 Sep 2025 07:58 PM,BOURLOT,Caída de servicios del servidor de capa 5 --,-,Caída de servicios del servidor de capa 5,Cerrado,01 Sep 2025,Phone,Consulta,-,Macarena Monetta,Servidores
104190,01 Sep 2025 08:14 PM,Freezar Congelados,Error al generar parte de caja por comprobantes en -1,-,Error al generar parte de caja por comprobantes en -1,Cerrado,01 Sep 2025,Phone,Consulta,-,Micaela Gatti,Caja
104191,02 Sep 2025 08:30 AM,MERCONOR,Consulta por modificación de cantidad/eliminación de arts en NP B2B,-,,Cerrado,03 Sep 2025,Phone,Consulta,-,Lautaro Bustos,CPR Ventas
104192,02 Sep 2025 08:48 AM,IMPRESORA DEL NEA SA,Consultas varias sobre Contabilidad,-,,Cerrado,02 Sep 2025,Chat,Consulta,-,Elizabeth Alvarez,Contabilidad
104193,02 Sep 2025 08:52 AM,La Mendocina,Error en ingreso al sistema desde todas las PC --,-,Error en ingreso al sistema desde todas las PC,Cerrado,02 Sep 2025,Phone,Consulta,-,Macarena Analía Ramirez Barzola,Servidores
104194,02 Sep 2025 08:54 AM,BACI,Factura electrónica en -1,-,Factura electrónica en -1 Indicamos que debe eliminar la misma y volver a realizarla para que tome la numeración,Cerrado,02 Sep 2025,Phone,Consulta,-,Macarena Analía Ramirez Barzola,Factura electrónica
104195,02 Sep 2025 08:55 AM,Samaco,acceso al servidor de BI,-,,Cerrado,02 Sep 2025,Phone,Consulta,-,Joaquina Villanueva,Conexión
104196,02 Sep 2025 09:02 AM,Ferretotal,fechas de capacitacion.,-,,No aplica,02 Sep 2025,Email,Consulta,-,Eliana Barreto,Capacitación
104197,02 Sep 2025 09:06 AM,VERGARA,Consulta funcionalidad del campo Oferta que se visualiza en Listas de precios-consulta,-,,Cerrado,02 Sep 2025,Chat,Consulta,-,Macarena Monetta,Lista de Precios
104198,02 Sep 2025 09:08 AM,ALMADA,Inconvenientes para solicitar CAE en distintas terminales,-,Inconvenientes para solicitar CAE en distintas terminales. No nos pudimos conectar por el momento dado a que los team viewers de dichas pcs se encontraban encriptados por su técnico. 3515194626,Cerrado,02 Sep 2025,Phone,Consulta,-,Lautaro Bustos,Factura electrónica
104199,02 Sep 2025 09:14 AM,Lampe,creacion de paises por base,-,,Cerrado,02 Sep 2025,Chat,Consulta,-,Joaquina Villanueva,Herramientas
104200,02 Sep 2025 09:23 AM,FERRETEC,Cargar ítems a FA proveedor mediante Excel,-,,Cerrado,02 Sep 2025,Chat,Consulta,-,Elizabeth Alvarez,CPR Compras
104201,02 Sep 2025 09:26 AM,EL CORRALON,Dudas sobre creación de talonarios y depósito para nueva sucursal,-,,Cerrado,02 Sep 2025,Phone,Consulta,-,Micaela Gatti,Talonario / Config. PC Talonarios
104202,02 Sep 2025 09:29 AM,ANGACO MATERIALES,ERROR ALTA PC- Chat sin respuesta del cliente,-,,Cerrado,02 Sep 2025,Chat,Consulta,-,Macarena Monetta,Sin respuesta
104203,02 Sep 2025 09:35 AM,Samaco,Solicita contacto con Joaquina por ticket #104195,-,,Cerrado,02 Sep 2025,Phone,Consulta,-,Micaela Gatti,Comunicarse con Soporte
104204,02 Sep 2025 09:48 AM,Smack,consulta por ticket 104166,-,,Cerrado,02 Sep 2025,Chat,Consulta,-,Joaquina Villanueva,Consulta por ticket
104205,02 Sep 2025 09:53 AM,IOMAQ,Solicita número telefónico para realizar una consulta compleja,-,,Cerrado,02 Sep 2025,Chat,Consulta,-,Macarena Monetta,Comunicarse con Soporte
104206,02 Sep 2025 09:54 AM,BDL,Movimiento entre cuentas en -1,-,"Movimiento entre cuentas en -1 Ayudamos con pasos para eliminarlo, eliminar la fac elec en -1 y volver a generar el mov entre cuentas",Cerrado,02 Sep 2025,Phone,Consulta,-,Macarena Analía Ramirez Barzola,Caja
104207,02 Sep 2025 09:55 AM,LINARES,CONSULTA ORIGEN ORD. DE DEVOLUCION,-,"Buenas necesitaria saber que consulta sirve para identificar los comprobantes de origen de las ordenes de devoluciones. Deberian emitirse en base de un remito, necesitaria identificar cual fue el remito de origen. Saludos",Cerrado,02 Sep 2025,Web,Consulta,-,Macarena Analía Ramirez Barzola,Consultas y Herramientas
104208,02 Sep 2025 09:58 AM,GRAVAFILT,Error al solicitar cae- El comprobante a autorizar no se corresponde con el último autorizado,-,,Cerrado,02 Sep 2025,Chat,Consulta,-,Macarena Monetta,Factura electrónica
104209,02 Sep 2025 09:58 AM,MARCHAL,Consulta por cambios en config de stock de un artículo,-,,Cerrado,02 Sep 2025,Chat,Consulta,-,Elizabeth Alvarez,ABM Artículos
104210,02 Sep 2025 09:58 AM,LOISA,"consultas sobre eliminar recibo, y ordenes de pago",-,,Cerrado,02 Sep 2025,Chat,Consulta,-,Joaquina Villanueva,CPR Ventas
104211,02 Sep 2025 10:06 AM,Total Caño,Tomar cupones de tarjeta de un año de manera masiva para generar movimiento entre cuentas,-,Tomar cupones de tarjeta de un año de manera masiva para generar movimiento entre cuentas,Cerrado,02 Sep 2025,Phone,Consulta,-,Micaela Gatti,Tarjeta
104212,02 Sep 2025 10:17 AM,CCS,"Modificar reporte ""presupuesto""",-,"Modificar reporte ""presupuesto""",Cerrado,03 Sep 2025,Email,Mejora,-,Macarena Analía Ramirez Barzola,Reportes
104213,02 Sep 2025 10:18 AM,MARCHAL,Usuario no visualiza comprobante pendiente de solicitar CAE,-,,Cerrado,02 Sep 2025,Phone,Consulta,-,Micaela Gatti,Esquemas
104214,02 Sep 2025 10:26 AM,VERGARA,No figura dentro del informe de Stock comprometido del cliente- Los artículos compuestos comprometidos en un pendiente de cliente,-,,En Analisis,-,Chat,Incidente,-,Macarena Monetta,Stock
104215,02 Sep 2025 10:27 AM,IOMAQ,Aporta datos para ticket #102968 más explicación de procesamiento masivo de comprobantes,-,,Cerrado,02 Sep 2025,Phone,Consulta,-,Lautaro Bustos,Otros temas
104216,02 Sep 2025 10:29 AM,BDL,Consulta por diferencia en mov entre cuentas,-,llamada entrante de (3436213862),Cerrado,02 Sep 2025,Phone,Consulta,-,Elizabeth Alvarez,Caja
104217,02 Sep 2025 10:32 AM,CORSAN,solicitud de formulario de licencia,-,,Cerrado,02 Sep 2025,Chat,Consulta,-,Joaquina Villanueva,Licencia / Modulo
104218,02 Sep 2025 10:34 AM,FEMAT ACE,Adjunta padrón de IBB de ARBA actualizado para pasar al sistema,-,,Cerrado,02 Sep 2025,Chat,Consulta,-,Macarena Monetta,Padrones
104219,02 Sep 2025 10:39 AM,El Super de los Filtros,"Al cargar Remito de proveedor, no permite cargar más de una Factura",-,"Al cargar Remito de proveedor, no permite cargar más de una Factura",Cerrado,02 Sep 2025,Phone,Consulta,-,Micaela Gatti,CPR Compras
104220,02 Sep 2025 10:39 AM,CORSAN,Adquirir una licencia para Paljet ERP,-,"Habilitar y facturar Licencia Seleccioná el producto para el cual deseás solicitar licencias. : PalJet ERP Cantidad de licencias : 1 Razón Social : VIETTI JORGE ALBERTO ARIEL CUIT : 20178100565 Correo electrónico : corsan@riotel.com.ar Nombre : JOSE, PIZZ Correo electrónico : corsanadm@riotel.com.ar Teléfono : 3571320584 Declaro estar autorizado/a por la empresa para solicitar estas licencias. : true Términos y condiciones : De acuerdo",Cerrado,03 Sep 2025,Chat,Adquisición Licencia/Módulos,-,Karen Varon,Licencia / Modulo
104221,02 Sep 2025 10:47 AM,BACI,Clientes a quienes se les vendió determinado artículo,-,Clientes a quienes se les vendió determinado artículo. Se recomienda utilizar consulta Id 414,Cerrado,02 Sep 2025,Phone,Consulta,-,Micaela Gatti,Consultas y Herramientas
104222,02 Sep 2025 10:49 AM,FERRETEC,Información para ticket #103557,-,Información para ticket #103557,Cerrado,02 Sep 2025,Chat,Consulta,-,Macarena Analía Ramirez Barzola,Ticket Duplicado
104223,02 Sep 2025 11:00 AM,LEOFILM,Solicita contacto con Juan Pablo,-,,Cerrado,02 Sep 2025,Phone,Consulta,-,Micaela Gatti,Comunicarse con otra área
104224,02 Sep 2025 11:01 AM,Etsol,PRUEBA DE TICKET,-,PRUEBA DE TICKET,Cerrado,02 Sep 2025,Web,Consulta,-,Jésica Leguiza,Otros temas
104225,02 Sep 2025 11:01 AM,MERCONOR,Ver saldos de clientes a determinada fecha,-,Ver saldos de clientes a determinada fecha VENTAS > CLIENTES > CONSULTA DE SALDOS,Cerrado,02 Sep 2025,Phone,Consulta,-,Macarena Analía Ramirez Barzola,ABM Clientes
104226,02 Sep 2025 11:03 AM,Corralón Kalama,Consulta por estado de ticket #103882,-,Consulta por estado de ticket #103882,Cerrado,02 Sep 2025,Phone,Consulta,-,Macarena Analía Ramirez Barzola,Consulta por ticket
104227,02 Sep 2025 11:03 AM,GARAY,Consulta por permisos de usuarios y grupos para eliminar cprs de clientes,-,,Cerrado,02 Sep 2025,Phone,Consulta,-,Lautaro Bustos,Menú Empresa y formularios
104228,02 Sep 2025 11:03 AM,SUMIAGRO,la condición de venta no se encuentra disponible al cliente,-,,Cerrado,02 Sep 2025,Chat,Consulta,-,Joaquina Villanueva,CPR Ventas
104229,02 Sep 2025 11:05 AM,ANGACO MATERIALES,Asistencia para asignar licencia a computadora,-,Asistencia para asignar licencia a computadora,Cerrado,02 Sep 2025,Phone,Consulta,-,Micaela Gatti,Conexión PC/Infraestructura
104230,02 Sep 2025 11:07 AM,ECHAZU,Asignar clasificación a vendedor,-,,Cerrado,02 Sep 2025,Phone,Consulta,-,Micaela Gatti,Herramientas
104231,02 Sep 2025 11:13 AM,LINARES,Liquidar tarjetas sin que se reflejen en Libro IVA,-,,Cerrado,03 Sep 2025,Email,Consulta,-,Micaela Gatti,Tarjeta
104232,02 Sep 2025 11:21 AM,MERCONOR,Saldos de cliente a determinada fecha por punto de venta,-,,Cerrado,15 Sep 2025,Phone,Requerimiento,-,Micaela Gatti,Consultas y Herramientas
104233,02 Sep 2025 11:26 AM,LEOFILM,Comunicarse con administración,-,Comunicarse con administración Brindamos wsp,Cerrado,02 Sep 2025,Phone,Consulta,-,Macarena Analía Ramirez Barzola,Comunicarse con otra área
104234,02 Sep 2025 11:40 AM,ROUTER,imposible generar parte de caja,-,,Cerrado,02 Sep 2025,Chat,Consulta,-,Joaquina Villanueva,Caja
104235,02 Sep 2025 11:44 AM,Credimisión,Consulta como sacar efectivo de una caja por un ingreso no correcto,-,,Cerrado,02 Sep 2025,Chat,Consulta,-,Macarena Monetta,Caja
104236,02 Sep 2025 11:52 AM,RTI / PBS - NICARAGUA,Elaboración de informe sobre liquidaciones de contratos de alquiler,-,,Cerrado,02 Sep 2025,Email,Consulta,-,Lautaro Bustos,Ticket Duplicado
104237,02 Sep 2025 11:52 AM,FERROMUNDO,Consulta por control de stock,-,"Consulta por control de stock Según lo planteado por el cliente indicamos gestión de inventarios, comentamos un poco el producto, pasmos webinar para que vea e indicamos que puede solicitar una demo personalizada o bien mandar para adquirir el producto si es que le convence",Cerrado,02 Sep 2025,Phone,Consulta,-,Macarena Analía Ramirez Barzola,BBJet Gestión de Inventario
104238,02 Sep 2025 11:56 AM,TECNOPERFIL,Integración con Tienda Nube,-,,Cerrado,02 Sep 2025,Email,Consulta,-,Lautaro Bustos,Integraciones
104239,02 Sep 2025 12:01 PM,COMACO,Solicita contacto con Agustina por migración de ticket #98385,-,Solicita contacto con Agustina por migración de ticket #98385,Cerrado,02 Sep 2025,Phone,Consulta,-,Micaela Gatti,Comunicarse con otra área
104240,02 Sep 2025 12:10 PM,AGUA NUESTRA,Cambiar configuracion de stock,-,"Victoria comenta que desean realizar facturas sin que la misma descuente el stock, luego de corroborar su configuración de stock se visualizo que tanto la factura alternativa como estándar descuentan de la existencia. Acordado con victoria desean configurar el circuito de stock factura alternativa no genera ninguna accion sobre el stock- remito trayendo la factura como comprobante de origen resta a la existencia.",No aplica,17 Sep 2025,Chat,Consulta,-,Leila Bonacina,Stock
104241,02 Sep 2025 12:13 PM,BOGGIO REPUESTOS,Solicita que se habilite que en el esquema 2 afecte contabilidad,-,,Cerrado,02 Sep 2025,Chat,Consulta,-,Macarena Monetta,Contabilidad
104242,02 Sep 2025 12:13 PM,IMPRESORA DEL NEA SA,Error al desasignar cuenta contable en segunda empresa (Polinea),-,,En Analisis,-,Chat,Requerimiento,-,Elizabeth Alvarez,Contabilidad
104243,02 Sep 2025 12:33 PM,FERRARO MATERIALES,Visualizacion erronea en  el stock comprometido del cliente,-,"Nos informa que el al hacer una consulta de stock comprometido por cliente en el id de cliente 17018 con el articulo LNEGRA A109-1025 visualiza 3 unidades en comprometido, pero al abrir el comprobante da 0 el saldo.",Cerrado,03 Sep 2025,Chat,Consulta,-,Leila Bonacina,Stock
104244,02 Sep 2025 12:38 PM,SUMIAGRO,Chat sin respuesta del cliente,-,,Cerrado,02 Sep 2025,Chat,Consulta,-,Elizabeth Alvarez,Sin respuesta
104245,02 Sep 2025 12:50 PM,BERNARDI,Consulta sobre instalación de servidores capa para distribuir conexión de pc,-,llamada entrante de (3834008536),Cerrado,02 Sep 2025,Phone,Consulta,-,Karen Varon,Sistema
104246,02 Sep 2025 12:54 PM,Ineco,Solicita cotización e información respecto al módulo de Dolar,-,,Cerrado,29 Sep 2025,Chat,Adquisición Licencia/Módulos,-,Eliana Barreto,Multimoneda
104247,02 Sep 2025 01:02 PM,ANDERSEN MATERIALES,Consulta por configuración de familias,-,,Cerrado,02 Sep 2025,Chat,Consulta,-,Elizabeth Alvarez,ABM Artículos
104248,02 Sep 2025 01:32 PM,FERRETERÍA ARGENTINA TRELEW,Error al solicitar Caea-No pudieron brindarnos acceso al servidor,-,,Cerrado,02 Sep 2025,Chat,Consulta,-,Macarena Monetta,Factura electrónica
104249,02 Sep 2025 01:34 PM,Freezar Congelados,Consulta sobre herramienta para visualizar totalidad de pedidos con descuentos,-,,Cerrado,02 Sep 2025,Phone,Consulta,-,Lautaro Bustos,Consultas y Herramientas
104250,02 Sep 2025 01:35 PM,GARAY,"Forzar actualización carpeta proveedor ""cepas""",-,llamada entrante de (3435322297),Cerrado,02 Sep 2025,Phone,Consulta,-,Karen Varon,ABM Proveedores
104251,02 Sep 2025 01:40 PM,El Ranquel,Configurar impresión de Retención,-,Configurar impresión de Retención,Cerrado,02 Sep 2025,Phone,Consulta,-,Eliana Barreto,CPR Compras
104252,02 Sep 2025 01:44 PM,TOYOTA DEL SUR,conexion remota,-,,Cerrado,02 Sep 2025,Chat,Consulta,-,Joaquina Villanueva,Conexión
104253,02 Sep 2025 02:29 PM,ANGACO MATERIALES,Artículos sin clasificación en consulta ID 363,-,llamada entrante de (Andres),Cerrado,02 Sep 2025,Phone,Consulta,-,Karen Varon,Consultas y Herramientas
104254,02 Sep 2025 02:37 PM,COMSA,Asistencia para configurar la equivalencia de un Producto,-,"Dado que el producto que nos indica se compra por unidad pero se vende por dos unidades, se indico que en la venta se debe reflejar que la equivalencia es de 2 para que así descuente el stock, también se configuro la equivalencia en el costo de la compra del producto respecto a la venta para que sea correcto",Cerrado,02 Sep 2025,Chat,Consulta,-,Leila Bonacina,ABM Artículos
104255,02 Sep 2025 02:52 PM,BDL,Mejoras en circuitos de stock,-,,Cerrado,19 Sep 2025,Chat,Consulta,-,Jésica Leguiza,Otros temas
104256,02 Sep 2025 02:59 PM,El Ranquel,Cargar FC de servicio (esq. secundario),-,Cargar FC de servicio (esq. secundario),Cerrado,-,Phone,Consulta,-,Eliana Barreto,CPR Compras
104257,02 Sep 2025 03:02 PM,Agrobarbero,clasificación en los comprobantes de ventas,-,,Cerrado,-,Chat,Consulta,-,Joaquina Villanueva,CPR Ventas
104258,02 Sep 2025 03:03 PM,ANDRETICH,BORRAR COMPROBANTE,-,,Cerrado,03 Sep 2025,Email,Consulta,-,Agostina Lozano,Eliminación de CPR
104259,02 Sep 2025 03:09 PM,MARCHAL,Consulta artículo que no toma empaque,-,,Cerrado,03 Sep 2025,Chat,Consulta,-,Elizabeth Alvarez,ABM Artículos
104260,02 Sep 2025 03:15 PM,COMACO,Solicita contacto con Agustina por migración de ticket #98385,-,Solicita contacto con Agustina por migración de ticket #98385,Cerrado,02 Sep 2025,Phone,Consulta,-,Micaela Gatti,Comunicarse con otra área
104261,02 Sep 2025 03:37 PM,INTER PARTS,Modificar asiento de refundición,-,"Indicamos que no puede modificar el asiento de refundición, sino que eliminarlo y volverlo a generar",Cerrado,02 Sep 2025,Chat,Consulta,-,Agostina Lozano,Contabilidad
104262,02 Sep 2025 03:47 PM,INTER PARTS,Actualización versión 10.5.8,-,Actualización versión 10.5.8,Cerrado,02 Sep 2025,Chat,Actualización,-,Eliana Barreto,BBJet ML
104263,02 Sep 2025 03:55 PM,EL TROPEZÓN,"Error ""el CUIT ingresado ya ha sido dado de alta"" al dar de alta nuevo cliente",-,"Buenas tardes, tenemos inconvenientes con este cuil que no esta asociado a ningún cliente Pero cuando queremos agregarlo al cliente nos surge el inconveniente",Cerrado,02 Sep 2025,Web,Consulta,-,Karen Varon,ABM Clientes
104264,02 Sep 2025 04:01 PM,LOGBELTS SRL,Actualización masiva de precios de arts compuestos,-,,Cerrado,02 Sep 2025,Phone,Consulta,-,Lautaro Bustos,ABM Artículos
104265,02 Sep 2025 04:21 PM,FLORIDA NORTE,Deja mensaje para Juan Pablo,-,llamada entrante de (Lautaro Cuenca) Llama Lautaro deja recordatorio para Juan Pablo de planillas a recibir,Cerrado,-,Phone,Consulta,-,Agostina Lozano,Comunicarse con otra área
104266,02 Sep 2025 04:37 PM,AMPERBAT,"Al importar archivo con lista de precios de proveedor, carga 99 artículos y se rompe el archivo",-,,Cerrado,02 Sep 2025,Phone,Consulta,-,Micaela Gatti,Lista de Precios
104267,02 Sep 2025 04:45 PM,Ferretería Comercial Colón,Error de cookies al ingresar a mesa de soporte para habilitar nuevo usuario,-,,Cerrado,02 Sep 2025,Chat,Consulta,-,Karen Varon,Otros temas
104268,02 Sep 2025 04:48 PM,NARCISI,Error de solicitud de CAE en una pc cliente - Sincronización horaria con ARCA y permisos de navegación,-,Da error de CAE en una sola pc. Detectamos que se debe a que no estaba sincronizada la hora con ARCA y al búscar las URL en el navegador detectamos que había restricciones de permisos en la navegación por internet debido a que no devolvían información,Cerrado,03 Sep 2025,Chat,Consulta,-,Agostina Lozano,Factura electrónica
104269,02 Sep 2025 05:01 PM,Compraliados,COMPRALIADO || COMISIONES SEPTIEMBRE 2025,-,,Cerrado,02 Sep 2025,Email,Consulta,-,Karen Varon,Script
104270,02 Sep 2025 05:09 PM,EL CORRALON,"Consulta como dar de alta un deposito, asignarl el mismo a un talonario y configurar usuario",-,"Se le indica como crear el nuevo deposito, como cargarle el stock, asignar el mismo a los comprobantes y comprobantes debe crearle",Cerrado,02 Sep 2025,Phone,Consulta,-,Leila Bonacina,Inventario
104271,02 Sep 2025 05:18 PM,RTI / PBS - NICARAGUA,CAMBIO DE TALONARIO,-,"Solicita configuración de talonario de orden de venta de dos talonarios para poder cambiarlo, con dos usuarios .",Cerrado,02 Sep 2025,Chat,Consulta,-,Leila Bonacina,Talonario / Config. PC Talonarios
104272,02 Sep 2025 05:19 PM,EL CORRALON,Como configurar un usuario nuevo y los talonarios,-,,Cerrado,02 Sep 2025,Phone,Consulta,-,Leila Bonacina,Sistema
104273,02 Sep 2025 05:31 PM,E-Parts Franquicia Posadas,Advertencia de control de fecha al realizar factura de proveedor,-,llamada entrante de (3764296782),Cerrado,02 Sep 2025,Phone,Consulta,-,Karen Varon,CPR Compras
104274,02 Sep 2025 05:33 PM,HIPERPLACA,Restringir permiso para que usuario no pueda modificar precio en cpr ventas,-,,Cerrado,02 Sep 2025,Chat,Consulta,-,Karen Varon,CPR Ventas
104275,02 Sep 2025 05:33 PM,BERNARDI,Consulta por comprobantes de cliente,-,llamada entrante de (3834008536) Llama Juan,Cerrado,03 Sep 2025,Phone,Consulta,-,Agostina Lozano,CPR Ventas
104276,02 Sep 2025 05:47 PM,IOMAQ,Consulta por ticket #102968,-,Consulta por ticket #102968,Cerrado,02 Sep 2025,Phone,Consulta,-,Leila Bonacina,Consulta por ticket
104277,02 Sep 2025 06:17 PM,CORSAN,Consulta por licencias disponibles en el sistema,-,,Cerrado,02 Sep 2025,Chat,Consulta,-,Karen Varon,Licencia / Modulo
104278,02 Sep 2025 06:53 PM,CORSAN,Continuidad ticket #104277. Pasos para instalación de Paljet ERP en nueva pc,-,,Cerrado,02 Sep 2025,Chat,Consulta,-,Karen Varon,Ticket Duplicado
104279,02 Sep 2025 07:12 PM,MAXILIMP,Tiempo de espera del sistema en pc cliente,-,"Aplicamos al archivo sif.ini el Intervalping para aumentar el tiempo de espera del sistema sin uso, sin que se tilde",Cerrado,03 Sep 2025,Chat,Consulta,-,Agostina Lozano,Conexión
104280,03 Sep 2025 07:56 AM,MOSAICOS CHAJARÍ,"Error ""Mismatch in datapacket"" al ingresar al sistema",-,"Error ""Mismatch in datapacket"" al ingresar al sistema. Solucionado por el soporte técnico del cliente.",Cerrado,03 Sep 2025,Email,Consulta,-,Lautaro Bustos,Otros temas
104281,03 Sep 2025 08:03 AM,CORSAN,Solicita seguir con el ticket #104220 para adquirir una nueva licencia paljet erp,-,Solicita seguir con el ticket #104220 para adquirir una nueva licencia paljet erp,Cerrado,03 Sep 2025,Chat,Consulta,-,Macarena Analía Ramirez Barzola,Consulta por ticket
104282,03 Sep 2025 08:03 AM,LA BIANCA,"Dudas sobre información de consulta Id 943 ""CONSULTA DE AJUSTES DE STOCK""",-,"Dudas sobre información de consulta Id 943 ""CONSULTA DE AJUSTES DE STOCK""",Cerrado,03 Sep 2025,Chat,Consulta,-,Micaela Gatti,Consultas y Herramientas
104283,03 Sep 2025 08:06 AM,TOYOTA DEL SUR,Error en solicitud de CAE en pc cliente - Sin certificado digital ARCA,-,"Vemos que no poseía el certificado digital de ARCA ni la clave privada pem en la pc cliente , cuando los instalamos, corregimos la configuración regional y registramos la pc, queda funcionando correctamente",Cerrado,03 Sep 2025,Chat,Consulta,-,Agostina Lozano,Factura electrónica
104284,03 Sep 2025 08:14 AM,LEOFILM,Solicita hablar con Juan Pablo  por ticket #102905,-,Solicita hablar con Juan Pablo por ticket #102905,Cerrado,03 Sep 2025,Phone,Consulta,-,Leila Bonacina,Comunicarse con otra área
104285,03 Sep 2025 08:19 AM,BOURLOT,Comenta que tuvo que reiniciar el capa 5 hoy temprano --,-,Comenta que tuvo que reiniciar el capa 5 hoy temprano,Cerrado,03 Sep 2025,Chat,Consulta,-,Macarena Analía Ramirez Barzola,Servidores
104286,03 Sep 2025 08:20 AM,NARCISI,"Inconvenientes al solicitar CAE desde PC Sucursal - ""El documento XML debe tener un elemento de nivel superior""",-,"Inconvenientes al solicitar CAE desde PC Sucursal - ""El documento XML debe tener un elemento de nivel superior""",Cerrado,03 Sep 2025,Chat,Consulta,-,Micaela Gatti,Factura electrónica
104287,03 Sep 2025 08:25 AM,ANDRETICH,Consulta por carga de comprobantes eliminado - Solicitud de CAEA,-,Indicamos pasos para volver a cargar comprobante que fue eliminado por error pendiente de solicitud de CAEA,Cerrado,03 Sep 2025,Chat,Consulta,-,Agostina Lozano,CPR Ventas
104288,03 Sep 2025 08:30 AM,El Super de los Filtros,Error al solicitar cae por lectura de certificado digital,-,llamada entrante de (3482652618),Cerrado,03 Sep 2025,Phone,Consulta,-,Karen Varon,Factura electrónica
104289,03 Sep 2025 08:32 AM,SUMIAGRO,"""Field value required"" al dar de alta un cliente nuevo",-,"""Field value required"" al dar de alta un cliente nuevo",Cerrado,03 Sep 2025,Chat,Consulta,-,Macarena Analía Ramirez Barzola,ABM Clientes
104290,03 Sep 2025 08:40 AM,BASUALDO,Consulta alternativas para realizar una factura que no se cancela en la totalidad,-,"Consulta alternativas para realizar una factura que no se cancela en la totalidad, que no sea en contra reembolso, ni en cta cte, se le indica que no.",Cerrado,03 Sep 2025,Phone,Consulta,-,Leila Bonacina,CPR Ventas
104291,03 Sep 2025 08:42 AM,IMPRESORA DEL NEA SA,Consultas que indiquen el promedio de pago en clientes,-,Consultas que indiquen el promedio de pago en clientes,Cerrado,03 Sep 2025,Chat,Consulta,-,Micaela Gatti,Consultas y Herramientas
104292,03 Sep 2025 08:45 AM,Credimisión,Instalación de la Tienda online BtoC + integración con Mobbex,-,"Buenos días. Se solicita la instalación de: - Instalación y configuración de la tienda (Prestashop®). - Configuración de infraestructura en la nube (Oracle). - Aplicación de la plantilla de diseño a la tienda. - Configuración standard de la plantilla de diseño. - Configuración de los espacios de contenido estático (Nosotros, Condiciones de pago, Términos y condiciones y Contacto) - Configuración de buscador por facetas (Filtros) - Personalización básica: logo de la empresa y colores de la plantilla. - Integración con plataformas de pago (Mercado Pago) - Configuración de la integración con PalJet® ERP. - Módulo Recursos de PalJet® ERP. - Carga masiva inicial de productos . - Personalización inicial (hasta 3 horas) - Capacitación: incluye hasta 12 clases de 1 hora de duración. Además, 6h de desarrollador para la integración con Mobbex. Se aprueba el presupuesto por el Whatsapp de ventas. Gracias.",En Curso,-,Chat,Instalación,-,Eliana Barreto,Tienda BtoC
104293,03 Sep 2025 09:01 AM,AB CONSTRUCCIONES,Asignar permiso a usuario JTEJERINA para realizar presupuesto de venta,-,Asignar permiso a usuario JTEJERINA para realizar presupuesto de venta,Cerrado,03 Sep 2025,Chat,Consulta,-,Macarena Analía Ramirez Barzola,Talonario / Config. PC Talonarios
104294,03 Sep 2025 09:20 AM,AUTOPARTES,Corrección de configuración de stock en circuito de compra,-,"Ayudamos a corregir circuito de comprobantes de compra para que la configuración de stock que tienen sea coherente, lo dejamos de la siguiente forma: ORDEN DE COMPRA(suma a recibir)>FACTURA(no genera nada)>REMITO (suma existencia, resta a recibir) INTERFAZ>FACTURA(suma a recibir)>REMITO (suma existencia, resta a recibir)",Cerrado,03 Sep 2025,Chat,Consulta,-,Agostina Lozano,Stock
104295,03 Sep 2025 09:37 AM,MERCONOR,Consulta sobre procesar NP BtoB en preparado y factura,-,llamada entrante de (3416002121),Cerrado,03 Sep 2025,Phone,Consulta,-,Karen Varon,CPR Ventas
104296,03 Sep 2025 09:44 AM,DRUBICH Y CIA,Comenta que en el presupuesto para un Exento sale discriminado el IVA 21,-,Comenta que en el presupuesto para un Exento sale discriminado el IVA 21,Cerrado,10 Sep 2025,Phone,Consulta,-,Macarena Monetta,Reportes
104297,03 Sep 2025 09:44 AM,LA CLARITA,Consulta por mensaje en cola de Rabbit en Btoc,-,Consulta por mensaje en cola de Rabbit en Btoc,Cerrado,03 Sep 2025,Chat,Consulta,-,Macarena Analía Ramirez Barzola,Tienda BtoC
104298,03 Sep 2025 09:44 AM,AMUCHASTEGUI,Agregar columna descuento al detalle de facturas y presupuestos,-,Agregar columna descuento al detalle de facturas y presupuestos,Cerrado,08 Sep 2025,Chat,Mejora,-,Agostina Lozano,Reportes
104299,03 Sep 2025 09:47 AM,IOMAQ,Consulta por comunicación de ticket #102968,-,Consulta por comunicación de ticket #102968,Cerrado,03 Sep 2025,Chat,Consulta,-,Macarena Analía Ramirez Barzola,Consulta por ticket
104300,03 Sep 2025 09:53 AM,LOGBELTS SRL,Cuando quiere generar un nota de credito sobre una factura no se la muesrtra,-,"Cuando quiere generar un nota de crédito sobre una factura no se la muestra, dado que la factura del cliente es de importación de saldos no le permitirá generar una nota de crédito, solo una no fiscal.",Cerrado,03 Sep 2025,Phone,Consulta,-,Leila Bonacina,CPR Ventas
104301,03 Sep 2025 09:59 AM,SUMIAGRO,Desvincular artículos de un conjunto de un proveedor,-,Desvincular artículos de un conjunto de un proveedor,Cerrado,03 Sep 2025,Chat,Consulta,-,Micaela Gatti,ABM Proveedores
104302,03 Sep 2025 10:03 AM,Credimisión,Regeneración de stock de ordenes de compra,-,Se descuenta a recibir de ordenes de compra viejas,Cerrado,03 Sep 2025,Chat,Consulta,-,Agostina Lozano,Stock
104303,03 Sep 2025 10:09 AM,CALZADOS BETER,No se asigna proveedor por defecto en articulo curva al importar plantilla articulo_proveedor,-,llamada entrante de (Renzo Gregorutti),Cerrado,03 Sep 2025,Phone,Consulta,-,Karen Varon,ABM Artículos
104304,03 Sep 2025 10:15 AM,Total Caño,[SERVER ERROR] Imposible generar el parte de caja. Se encontraron 1 comprobantes con Nro. -1 o sin valor anteriores al 01/09/2025,-,MOSTRADOR MISIONES [SERVER ERROR] Imposible generar el parte de caja. Se encontraron 1 comprobantes con Nro. -1 o sin valor anteriores al 01/09/2025,Cerrado,03 Sep 2025,Phone,Consulta,-,Leila Bonacina,Caja
104305,03 Sep 2025 10:18 AM,CMS,Solicita comunicarse con Joaquina por el ticket #103198,-,Solicita comunicarse con Joaquina por el ticket #103198,Cerrado,03 Sep 2025,Phone,Consulta,-,Leila Bonacina,Comunicarse con Soporte
104306,03 Sep 2025 10:21 AM,Montajes y Construcciones Quequén,Comenta que no visualiza las liquidaciones de banco en Libro banco,-,"Comenta que no visualiza las liquidaciones de banco en Libro banco, el error se daba porque al colocar la fecha dentro del informe presionaba tabulador y nunca daba un enter, por lo cual la fecha que tomaba no era la correcta, siempre tomaba de hoy a hoy y por ello no arrojaba resultado",Cerrado,03 Sep 2025,Phone,Consulta,-,Macarena Monetta,Banco
104307,03 Sep 2025 10:24 AM,El Super de los Filtros,Consulta por total en reporte de FA y pasos para registrar pc para que solicite cae automatico,-,Consulta por total en reporte de FA y pasos para registrar pc para que solicite cae automatico,Cerrado,03 Sep 2025,Phone,Consulta,-,Macarena Monetta,Sistema
104308,03 Sep 2025 10:32 AM,Montajes y Construcciones Quequén,Comunicación con Maca M. por ticker #104306,-,Comunicación con Maca M. por ticker #104306 llamada entrante de (2262414431),Cerrado,03 Sep 2025,Phone,Consulta,-,Karen Varon,Comunicarse con Soporte
104309,03 Sep 2025 10:39 AM,SANTA FE MATERIALES,Consulta sobre como crear conjunto de artículos,-,llamada entrante de (3424905300),Cerrado,03 Sep 2025,Phone,Consulta,-,Karen Varon,ABM Artículos
104310,03 Sep 2025 10:46 AM,TOYO NQN,Plantilla para importar artículos y precios de proveedor,-,Plantilla para importar artículos y precios de proveedor,Cerrado,03 Sep 2025,Chat,Consulta,-,Macarena Analía Ramirez Barzola,PalJet Import
104311,03 Sep 2025 10:48 AM,GARAY,Error al buscar en la publicación de catalogo la publicación asociada a bbjet_ml. La misma puede que no exista o no se encuentre vinculada/Error alguna de las publicación que esta en Mercado Libre no se encuentra vinculado con bbjet_ml,-,Error al buscar en la publicación de catalogo la publicación asociada a bbjet_ml. La misma puede que no exista o no se encuentre vinculada/Error alguna de las publicación que esta en Mercado Libre no se encuentra vinculado con bbjet_ml,Cerrado,03 Sep 2025,Phone,Consulta,-,Leila Bonacina,BBJet ML
104312,03 Sep 2025 10:53 AM,Total Caño,Error al eliminar comprobante en -1 por poseer comprobantes asociados,-,llamada entrante de (3834546060),Cerrado,03 Sep 2025,Phone,Consulta,-,Karen Varon,CPR Ventas
104313,03 Sep 2025 10:58 AM,TOYOTA DEL SUR,Pérdida de conexión del sistema en PC con remoto y dos copias en impresión de factura,-,Pérdida de conexión del sistema en PC con remoto y dos copias en impresión de factura,Cerrado,03 Sep 2025,Chat,Consulta,-,Micaela Gatti,Conexión PC/Infraestructura
104314,03 Sep 2025 11:02 AM,Lampe,Cargar URL de imágenes en import con rutas correspondiente a la nube del proveedor,-,"Buen dia. Me tope con el problemita de que las imágenes que se pueden cagar por plantilla de importar artículos solo son los que tienen dirección en almacenamiento local en la PC y solo en formato jpg, no en la nube ni en otro formato de imagen. Mi consulta es...como la mayoría de nuestros proveedores tienen las imágenes subidas a la nube..existiría la forma de desarrollar el tema de permitir cargar imagen desde PC o url de nube? Gracias Saludos Oscar Abalos",Cerrado,04 Sep 2025,Web,Requerimiento,-,Karen Varon,ABM Artículos
104315,03 Sep 2025 11:04 AM,Central Denaro,Ocultar campos en reporte factura y configurar para que la NC copie como vendedor al usuario que la hace,-,Ocultar campos en reporte factura y configurar para que la NC copie como vendedor al usuario que la hace,Cerrado,03 Sep 2025,Chat,Consulta,-,Macarena Analía Ramirez Barzola,Reportes
104316,03 Sep 2025 11:04 AM,Lampe,Ticket duplicado: URL imágenes en Import artículos,-,"Buen dia. Me tope con el problemita de que las imágenes que se pueden cagar por plantilla de importar artículos solo son los que tienen dirección en almacenamiento local en la PC y solo en formato jpg, no en la nube ni en otro formato de imagen. Mi consulta es...como la mayoría de nuestros proveedores tienen las imágenes subidas a la nube..existiría la forma de desarrollar el tema de permitir cargar imagen desde PC o url de nube? Gracias Saludos Oscar Abalos",Cerrado,03 Sep 2025,Web,Consulta,-,Karen Varon,Ticket Duplicado
104317,03 Sep 2025 11:05 AM,ROSTOCK,"Cambiar columna de ""Orden de recorrido numérico"" a ""Orden de recorrido alfanumérico"" en reporte de Nota de Pedido.",-,"Cambiar columna de ""Orden de recorrido numérico"" a ""Orden de recorrido alfanumérico"" en reporte de Nota de Pedido.",Cerrado,10 Sep 2025,Chat,Mejora,-,Agostina Lozano,Reportes
104318,03 Sep 2025 11:16 AM,ANDERSEN MATERIALES,Modificar diseño de reporte para consulta de lista de precios,-,"Buenos dias, queria saber si se puede hacer unas modificaciones en cuanto a diseño del reporte: *Margenes de contencion que definan los sectores de cada columna y espacio entre el banner y las columnas.",Cerrado,04 Sep 2025,Web,Requerimiento,-,Karen Varon,Reportes
104319,03 Sep 2025 11:25 AM,ANDERSEN MATERIALES,Solicita ayuda para destrabar varias Notas de crédito sin cae trabadas desde hace algunos meses,-,Solicita ayuda para destrabar varias Notas de crédito sin cae trabadas desde hace algunos meses,Cerrado,03 Sep 2025,Phone,Consulta,-,Macarena Monetta,Factura electrónica
104320,03 Sep 2025 11:30 AM,AB CONSTRUCCIONES,Configurar cálculo de retenciones automático en Orden de Pago,-,Configurar cálculo de retenciones automático en Orden de Pago,Cerrado,03 Sep 2025,Chat,Consulta,-,Micaela Gatti,Percepciones y retenciones
104321,03 Sep 2025 11:43 AM,LA BIANCA,Solicita hablar con Jesica por ticket #100569,-,Solicita hablar con Jesica por ticket #100569,Cerrado,03 Sep 2025,Phone,Consulta,-,Leila Bonacina,Comunicarse con Soporte
104322,03 Sep 2025 11:44 AM,LA BIANCA,Solicita comunicación con Jesica por ticket #100569,-,,Cerrado,03 Sep 2025,Phone,Consulta,-,Karen Varon,Comunicarse con Soporte
104323,03 Sep 2025 11:46 AM,GUIDOLI FLORIO,Ver el historial de artículos que compra un cliente,-,Ver el historial de artículos que compra un cliente,Cerrado,03 Sep 2025,Chat,Consulta,-,Macarena Analía Ramirez Barzola,Consultas y Herramientas
104324,03 Sep 2025 11:48 AM,TODO TELAS,Consulta por búsqueda de comprobantes de clientes,-,Consulta por búsqueda de comprobantes de clientes,Cerrado,03 Sep 2025,Chat,Consulta,-,Macarena Analía Ramirez Barzola,CPR Ventas
104325,03 Sep 2025 12:03 PM,ROSTOCK,Capacitación Toma de Inventario y Control de Stock,-,"Necesitamos procedimentar la toma de inventario y el control de stock. Necesito tener una capacitación sobre este módulo para comprender su funcionamiento, alcances y limitaciones. Nosotros tenemos también Paljet Gestión de Inventario que viene con un circuito para toma de stock, necesitaríamos saber también como se integra en el proceso. Días disponibles miercoles o viernes por la mañana. Cualquier otro día consultar para coordinar agendas. Saludos. FA.",Cerrado,05 Sep 2025,Web,Consulta,-,Micaela Gatti,Inventario
104326,03 Sep 2025 12:07 PM,Etsol,Hola,-,,Cerrado,03 Sep 2025,Chat,Consulta,-,Lautaro Bustos,Ticket Duplicado
104327,03 Sep 2025 12:13 PM,Etsol,Chat de prueba soporte,-,Manda Jésica mensaje,Cerrado,03 Sep 2025,Chat,Consulta,-,Agostina Lozano,Sin respuesta
104328,03 Sep 2025 12:14 PM,TODO TELAS,Re: Etsol SRL - Chat con DIEGO ROSSI - Respuesta a ticket #104324,-,Re: Etsol SRL - Chat con DIEGO ROSSI - Respuesta a ticket #104324,Cerrado,03 Sep 2025,Email,Consulta,-,Micaela Gatti,Otros temas
104329,03 Sep 2025 12:15 PM,CALZADOS BETER,Imagen en BBJet Recursos no se agrega en la tienda en un par de artículos y artículos curva no se sincronizan en la tienda,-,,Cerrado,09 Sep 2025,Chat,Consulta,-,Micaela Gatti,Tienda BtoC
104330,03 Sep 2025 12:20 PM,LOGBELTS SRL,Cambiar el numero de telefono de Soluya,-,,Cerrado,03 Sep 2025,Phone,Consulta,-,Joaquina Villanueva,Sistema
104331,03 Sep 2025 12:21 PM,FRIO ARTICO,Agregar campo de porcentaje de descuento en reporte de factura,-,,Cerrado,22 Sep 2025,Email,Mejora,-,Agostina Lozano,Reportes
104332,03 Sep 2025 12:28 PM,DISTRIBUIDORA TOMASETTI,Error al dar de alta art a partir del otro debido al calculo de código automático,-,Llamada saliente a (3515308724),Cerrado,03 Sep 2025,Phone,Consulta,-,Karen Varon,ABM Artículos
104333,03 Sep 2025 12:30 PM,LEOFILM,Solicita comunicación con Juan Pablo por ticket en tratamiento,-,Solicita comunicación con Juan Pablo por ticket en tratamiento,Cerrado,03 Sep 2025,Phone,Consulta,-,Macarena Monetta,Comunicarse con otra área
104334,03 Sep 2025 12:35 PM,Samaco,Capacitaciones Power BI,-,Capacitaciones Power BI,Planificado,-,Chat,Capacitación,-,Paula Saavedra,BI
104335,03 Sep 2025 12:36 PM,AMPERBAT,importacion de articulos,-,,Cerrado,03 Sep 2025,Phone,Consulta,-,Joaquina Villanueva,PalJet Import
104336,03 Sep 2025 12:44 PM,IOMAQ,Consulta por comunicación de ticket #102968,-,Consulta por comunicación de ticket #102968,Cerrado,03 Sep 2025,Chat,Consulta,-,Macarena Analía Ramirez Barzola,Consulta por ticket
104337,03 Sep 2025 12:45 PM,Smack,Error al solicitar CAE por tipo de FA erróneo,-,,Cerrado,05 Sep 2025,Chat,Consulta,-,Lautaro Bustos,Factura electrónica
104338,03 Sep 2025 01:17 PM,AGROPECUARIA ALMAFUERTE,Comunicarse con Joaquina por ticket #102734,-,Comunicarse con Joaquina por ticket #102734,Cerrado,03 Sep 2025,Chat,Consulta,-,Macarena Analía Ramirez Barzola,Comunicarse con Soporte
104339,03 Sep 2025 01:31 PM,AMPERBAT,Error al importar artículos el numero no es correlativo,-,Error al importar artículos el numero no es correlativo.,Cerrado,03 Sep 2025,Phone,Consulta,-,Leila Bonacina,ABM Artículos
104340,03 Sep 2025 01:33 PM,FORTEHOUSE,"Error ""variant array index out of bounds""",-,,Cerrado,03 Sep 2025,Phone,Consulta,-,Joaquina Villanueva,Contabilidad
104341,03 Sep 2025 01:40 PM,MERCONOR,"Consulta sobre reestablecer contraseña en portal, ticket #103916 y comunicacion con Lautaro por ticket  #104191",-,llamada entrante de (3416002121),Cerrado,03 Sep 2025,Phone,Consulta,-,Karen Varon,Sistema
104342,03 Sep 2025 01:47 PM,LEOFILM,Solicita contacto con Lautaro o Juan pablo por ticket en tratamiento,-,,Cerrado,03 Sep 2025,Phone,Consulta,-,Joaquina Villanueva,Comunicarse con otra área
104343,03 Sep 2025 02:14 PM,AGUA NUESTRA,Consultas sobre WebService acceso a Consultas de PalJet,-,"Buenas, estoy tratando de automatizar unos reportes de PalJet para Agua Nuestra. Reportes que quisiera obtener: 1) utilidad por cliente por artículos (id 118) 2) Cantidad de notas de pedido por vendedor Mi consulta es sobre cómo replicar estos reportes vía el webservice, más que nada para clarificar si debo cruzar/joinear varios endpoints o existe algún endpoint que me de estos datos de forma más directa. La ruta /query/118 me devuelve 401 (unauthorized), no 404, por que pude suponer que es accesible ese reporte vía ese endpoint. Viniendo de la suposición que ese reporte realmente se puede hacer vía este ruta. La ruta /query me devuelve solamente estos reportes (quisiera saber si esto depende de los privilegios de mi usuario): 📋 Total de queries: 3 1. ID: 859 - Nombre: N/A Descripción: PEDIDOS PENDIENTES - ARTICULOS SIN STOCK - SUSTITUTOS 2. ID: 997 - Nombre: N/A Descripción: CLIENTES POR ZONA / CIRCUITO 3. ID: 1154 - Nombre: N/A Descripción: CONSULTA DE VALORES PARA FIDELIUS Existe posibilidad de confirmarme permisos para ver más reportes o solo esos son los existentes? Desde ya muchisimas muchisimas gracias por la ayuda/info. Saludos..",Cerrado,-,Chat,Consulta,-,Jésica Leguiza,BBJet Webservice
104344,03 Sep 2025 02:27 PM,FERRARO MATERIALES,Búsqueda por categorías en BtoB,-,Búsqueda por categorías en BtoB,Cerrado,03 Sep 2025,Chat,Consulta,-,Macarena Analía Ramirez Barzola,BBJet BtoB
104345,03 Sep 2025 02:29 PM,SUMIAGRO,Consulta por habilitación de emisión de anticipos a cliente genérico,-,,Cerrado,03 Sep 2025,Chat,Consulta,-,Lautaro Bustos,CPR Ventas
104346,03 Sep 2025 02:55 PM,MARCHAL,Error decimales en empaque de artículo: no detecta 0.5,-,,En Analisis,-,Chat,Incidente,-,Jésica Leguiza,ABM Artículos
104347,03 Sep 2025 02:59 PM,FERRETERIA 24,Consulta sobre eliminar mov entre cuentas en -1,-,llamada entrante de (3815671269),Cerrado,03 Sep 2025,Phone,Consulta,-,Karen Varon,Eliminación de CPR
104348,03 Sep 2025 03:02 PM,Gromax,Solicita que se modifique el domicilio en reporte de facturas ya que tienen 2 discriminados,-,Solicita que se modifique el domicilio en reporte de facturas ya que tienen 2 discriminados,Cerrado,03 Sep 2025,Phone,Consulta,-,Macarena Monetta,Reportes
104349,03 Sep 2025 03:22 PM,RTI / PBS - NICARAGUA,Eliminar retención de factura de cliente,-,Eliminar retención de factura de cliente,Cerrado,03 Sep 2025,Chat,Consulta,-,Macarena Analía Ramirez Barzola,CPR Ventas
104350,03 Sep 2025 03:23 PM,FUGAS,Modificar parámetro para asignar cpr a generar por dto. en recibo,-,,Cerrado,03 Sep 2025,Chat,Consulta,-,Lautaro Bustos,Sistema
104351,03 Sep 2025 03:28 PM,LEOFILM,comunicarse con juan pablo,-,,Cerrado,03 Sep 2025,Phone,Consulta,-,Joaquina Villanueva,Comunicarse con otra área
104352,03 Sep 2025 03:29 PM,LEOFILM,Quitar Boton chat WEB,-,"Hola buen día Por tema que vimos que es mas practico la comunicación directa por whatsapp, pedimos se deje solo el botón verde de whatsapp , quitar el del chat,naranja",Cerrado,09 Sep 2025,Chat,Mejora,-,Macarena Monetta,Tienda BtoC
104353,03 Sep 2025 03:30 PM,EL CORRALON,Incorporar usuarios a exclusión de controles,-,Incorporar usuarios a exclusión de controles,Cerrado,03 Sep 2025,Phone,Mejora,-,Micaela Gatti,Script
104354,03 Sep 2025 03:32 PM,REMAQH,Brinda datos de acceso para ticket #104151,-,Brinda datos de acceso para ticket #104151,Cerrado,03 Sep 2025,Chat,Consulta,-,Macarena Analía Ramirez Barzola,Brindar Acceso
104355,03 Sep 2025 03:39 PM,Vialcor,Registrar cheque de cliente devuelto sin que se fiscalice el comprobante,-,Registrar cheque de cliente devuelto sin que se fiscalice el comprobante,Cerrado,03 Sep 2025,Phone,Consulta,-,Leila Bonacina,Caja
104356,03 Sep 2025 04:05 PM,ARCOIRIS PINTURERIA,Desarrollar script de control de tarjetas en recibos,-,"Desarrollar un script de control en recibos de manera que no se puedan emitir dichos comprobantes si se cargan como valores en la forma de pago las tarjetas ID 1, 15, 23, 25, 28, 38, 40.",Cerrado,09 Sep 2025,Chat,Requerimiento,-,Juan Acosta,Script
104357,03 Sep 2025 04:05 PM,MARTINEZ ESCALADA,Pasos para dar de alta nueva sucursal para hacer movimientos de mercadería,-,,Cerrado,03 Sep 2025,Chat,Consulta,-,Macarena Monetta,ABM Clientes
104358,03 Sep 2025 04:11 PM,DRUBICH Y CIA,comunicarse con Eliana,-,,Cerrado,03 Sep 2025,Phone,Consulta,-,Joaquina Villanueva,Comunicarse con otra área
104359,03 Sep 2025 04:13 PM,AUTOPARTES,Consulta por cartel al intentar cancelar factura,-,,Cerrado,03 Sep 2025,Chat,Consulta,-,Elizabeth Alvarez,CPR Ventas
104360,03 Sep 2025 04:21 PM,MARTINEZ ESCALADA,Solicita apoyo para dar de baja sucursal de remitos internos,-,,Cerrado,03 Sep 2025,Chat,Consulta,-,Lautaro Bustos,ABM Clientes
104361,03 Sep 2025 04:25 PM,FERROMUNDO,bbjet expedición queda en blanco,-,,Cerrado,03 Sep 2025,Phone,Consulta,-,Joaquina Villanueva,BBJet Expedición
104362,03 Sep 2025 04:26 PM,NARCISI,Reporta incidentes para solicitar CAE,-,,Cerrado,04 Sep 2025,Chat,Incidente,-,Lautaro Bustos,Factura electrónica
104363,03 Sep 2025 04:29 PM,ROSTOCK,"Consulta por nueva moneda, cotización y formación de precios",-,,Cerrado,03 Sep 2025,Chat,Consulta,-,Elizabeth Alvarez,Multimoneda
104364,03 Sep 2025 04:44 PM,MINGO DRINKS,Solicita contacto con administración por desconocimiento de factura recibida,-,,Cerrado,03 Sep 2025,Phone,Consulta,-,Lautaro Bustos,Comunicarse con otra área
104365,03 Sep 2025 05:05 PM,IOMAQ,Chat sin respuesta,-,,Cerrado,03 Sep 2025,Chat,Consulta,-,Elizabeth Alvarez,Sin respuesta
104366,03 Sep 2025 05:17 PM,YAPUR,Consulta por carga errónea de escala de artículos,-,,Cerrado,03 Sep 2025,Chat,Consulta,-,Lautaro Bustos,ABM Artículos
104367,03 Sep 2025 05:24 PM,BASUALDO, campo personalizado en el articulo,-,,Cerrado,-,Phone,Consulta,-,Joaquina Villanueva,ABM Artículos
104368,03 Sep 2025 05:42 PM,IOMAQ,Consulta por cartel de error al finalizar comprobante,-,,Cerrado,03 Sep 2025,Chat,Consulta,-,Elizabeth Alvarez,E-mail
104369,03 Sep 2025 05:46 PM,BASUALDO,Solicita contacto con Joaqui por ticket #104367,-,,Cerrado,03 Sep 2025,Phone,Consulta,-,Lautaro Bustos,Comunicarse con Soporte
104370,03 Sep 2025 06:22 PM,DRUBICH Y CIA,comunicarse con Eliana,-,,Cerrado,03 Sep 2025,Phone,Consulta,-,Joaquina Villanueva,Comunicarse con otra área
104371,03 Sep 2025 06:22 PM,EL GURI,Consulta por cartel al cancelar OV (sin respuesta),-,,Cerrado,03 Sep 2025,Chat,Consulta,-,Elizabeth Alvarez,CPR Ventas
104372,03 Sep 2025 06:24 PM,YAPUR,Consulta sobre asignación de fecha a anclaje de stock y visualización de stock x depósito,-,,Cerrado,03 Sep 2025,Chat,Consulta,-,Lautaro Bustos,Stock
104373,03 Sep 2025 06:30 PM,NARCISI,Info para ticket #104373,-,,Cerrado,03 Sep 2025,Chat,Consulta,-,Lautaro Bustos,Ticket Duplicado
104374,03 Sep 2025 06:34 PM,BOURLOT,Consulta por visualización de comisiones de vendedores,-,,Cerrado,05 Sep 2025,Phone,Consulta,-,Lautaro Bustos,CPR Ventas
104375,03 Sep 2025 06:41 PM,CASTRO,reporte de remito salga el peso del articulo,-,,Cerrado,17 Sep 2025,Phone,Requerimiento,-,Joaquina Villanueva,Reportes
104376,03 Sep 2025 06:49 PM,YAPUR,Consulta por regeneración de stock de un cpr compra,-,,Cerrado,13 Sep 2025,Chat,Consulta,-,Lautaro Bustos,CPR Compras
104377,03 Sep 2025 07:55 PM,ANPAU,Solicita ayuda para determinar cuantos cprs se emitieron en un rango de fechas,-,,Cerrado,03 Sep 2025,Phone,Consulta,-,Lautaro Bustos,CPR Ventas
104378,04 Sep 2025 07:38 AM,RBM MATERIALES,Info tk #104380,-,,Cerrado,04 Sep 2025,Chat,Consulta,-,Lautaro Bustos,Ticket Duplicado
104379,04 Sep 2025 08:01 AM,FUGAS,Inconvenientes al solicitar CAE,-,Inconvenientes al solicitar CAE,Cerrado,04 Sep 2025,Chat,Consulta,-,Micaela Gatti,Factura electrónica
104380,04 Sep 2025 08:03 AM,RBM MATERIALES,Comenta  que luego de una actualización el icono de Bbjet SMS quedo en rojo,-,,Cerrado,04 Sep 2025,Chat,Consulta,-,Macarena Monetta,BBJet SMS / Whatsapp
104381,04 Sep 2025 08:06 AM,YAPUR,Franja horaria para realizar pruebas de script,-,"Hola, buenos días! Nos comunicamos para consultarles qué franja horaria sería conveniente para realizar las pruebas del script en el que estamos trabajando junto a ustedes (ticket #100372). Por favor, indíquennos en qué momento podrían brindarnos acceso para llevarlas a cabo. Quedamos a la espera de su respuesta. Saludos cordiales!",Cerrado,08 Sep 2025,Chat,Consulta,-,Joaquina Villanueva,Brindar Acceso
104382,04 Sep 2025 08:07 AM,FERRARO MATERIALES,Múltiples consultas sobre desactivación y eliminación de artículos,-,,Cerrado,04 Sep 2025,Chat,Consulta,-,Lautaro Bustos,ABM Artículos
104383,04 Sep 2025 08:16 AM,MERCONOR,Solicita contacto con Joaquina por ticket #103916,-,llamada entrante de (3416002121) llama Matias Pasamos llamada a Joaquina,Cerrado,04 Sep 2025,Phone,Consulta,-,Agostina Lozano,Comunicarse con Soporte
104384,04 Sep 2025 08:31 AM,AMPERBAT,Error en conexión remota en pc cliente,-,"llamada entrante de (3886060178) llama Marcela Corregimos la IP local por la IP pública en el archivo ini pero sigue dando error de conexión al querer ingresar al sistema, cuando chequeamos el puerto 3011 detectamos que está cerrado. Informamos que deben solicitarle al técnico que abra el puerto en el router",Cerrado,-,Phone,Consulta,-,Agostina Lozano,Conexión
104385,04 Sep 2025 08:34 AM,ROSTOCK,Consulta por funcionamiento de Utilidad y markup,-,,Cerrado,04 Sep 2025,Chat,Consulta,-,Macarena Monetta,Lista de Precios
104386,04 Sep 2025 08:48 AM,NARCISI,Inconvenientes con factura electrónica,-,,Cerrado,05 Sep 2025,Chat,Consulta,-,Jésica Leguiza,Factura electrónica
104387,04 Sep 2025 08:49 AM,Freezar Congelados,Solicita reprocesar pedido de Mobile,-,,Cerrado,04 Sep 2025,Chat,Consulta,-,Lautaro Bustos,CPR Ventas
104388,04 Sep 2025 08:57 AM,ARCOIRIS PINTURERIA,Ejecutar consultas que muestren movimientos de artículos en un periodo,-,,Cerrado,06 Sep 2025,Email,Consulta,-,Juan Acosta,Consultas y Herramientas
104389,04 Sep 2025 09:04 AM,ALLEGRA,Inconvenientes al acceder de manera remota al sistema --,-,"Buenos días, estimados. Deseamos ingresar de forma remota al paljet y no sale un error. SOCKET ERROR #11001 HOST NOT FOUND. Hasta ayer por la mañana, se ha trabajado correctamente de forma remota. Adjunto imagen del incidente. Saludos. Sergio",Cerrado,04 Sep 2025,Web,Consulta,-,Lautaro Bustos,Servidores
104390,04 Sep 2025 09:05 AM,AB CONSTRUCCIONES,Solicita hablar con Eliana barreto,-,"Solicita hablar con Eliana Barreto, dado que el día de ayer están realizando configuraciones sobre el Ml",Cerrado,04 Sep 2025,Phone,Consulta,-,Leila Bonacina,Comunicarse con otra área
104391,04 Sep 2025 09:08 AM,AB CONSTRUCCIONES,Consulta por ticket creado a partir  de  un llamado #104390,-,,Cerrado,04 Sep 2025,Chat,Consulta,-,Macarena Monetta,Consulta por ticket
104392,04 Sep 2025 09:12 AM,DISSER,Inconvenientes al ingresar al sistema remota,-,,Cerrado,04 Sep 2025,Chat,Consulta,-,Lautaro Bustos,Servidores
104393,04 Sep 2025 09:20 AM,TOYO NQN,Access violation al realizar importación de lista de precios,-,,Cerrado,04 Sep 2025,Chat,Consulta,-,Lautaro Bustos,PalJet Import
104394,04 Sep 2025 09:31 AM,MINGO DRINKS,BAJA DEL SERVICIO,-,CIERRO DE LA EMPRESA,Cerrado,09 Sep 2025,Chat,Baja Licencia/Modulo,-,Germán Dachary,BBJet Mobile
104395,04 Sep 2025 09:36 AM,LOISA,Ayuda para agregar artículos en  nueva lista de precios-Asignar masivamente la lista a los clientes,-,,Cerrado,04 Sep 2025,Chat,Consulta,-,Macarena Monetta,Lista de Precios
104396,04 Sep 2025 09:41 AM,LEOFILM,Actualización Tienda BtoC última versión (para entregar ticket con mejoras),-,Actualización Tienda BtoC última versión (para entregar ticket con mejoras),Cerrado,05 Sep 2025,Chat,Actualización,-,Germán Dachary,Actualización
104397,04 Sep 2025 09:52 AM,CENTRO HIERRO,No se visualiza QR de CAE en Factura,-,No se visualiza QR de CAE en Factura,Cerrado,04 Sep 2025,Chat,Mejora,-,Micaela Gatti,Reportes
104398,04 Sep 2025 09:56 AM,INTERMOTOR,"Solicita mejora en control de descuento afectado a FA,OV y NP",-,,Cerrado,10 Sep 2025,Chat,Mejora,-,Macarena Monetta,Script
104399,04 Sep 2025 10:00 AM,SUMIAGRO,NC no trae recargo al pie de FA origen,-,,Cerrado,04 Sep 2025,Chat,Consulta,-,Lautaro Bustos,CPR Ventas
104400,04 Sep 2025 10:12 AM,ROUTER,Modificar cuotas de Lote de Transacciones POS - Se cargó como O3 en vez de 03,-,,Cerrado,11 Sep 2025,Chat,Mejora,-,Micaela Gatti,Lote de Transacciones POS
104401,04 Sep 2025 10:15 AM,LA COLONIA,Consulta si es posible levantar en un presupuesto otro presupuesto manteniendo los precios pero cambiando la entidad del cliente,-,,Cerrado,04 Sep 2025,Chat,Consulta,-,Macarena Monetta,CPR Ventas
104402,04 Sep 2025 10:17 AM,INTER PARTS,comunicarse con Eliana por ticket #88387,-,,Cerrado,04 Sep 2025,Phone,Consulta,-,Joaquina Villanueva,Comunicarse con otra área
104403,04 Sep 2025 10:23 AM,AB CONSTRUCCIONES,Solicita contacto con Eliana Barreto,-,,Cerrado,04 Sep 2025,Chat,Consulta,-,Lautaro Bustos,Comunicarse con otra área
104404,04 Sep 2025 10:24 AM,EL ARTESANO,Solicita que en el script de percepciones no calcule las NC por devoluciones parciales,-,,Cerrado,10 Sep 2025,Chat,Mejora,-,Macarena Monetta,Script
104405,04 Sep 2025 10:25 AM,AMPERBAT,Conexión remota en PC cliente,-,Marcela indica inconvenientes en conexión remota desde su PC y comenta que desde el servidor se encuentra cerrado el puerto y la IP pública no estaría funcionando por unos días según indica su proveedor de internet. Por lo que se le indica que de otra forma no se podría trabajar la conexión remota hasta que se le habiliten esas configuraciones Llamada entrante de (3886060178),Cerrado,-,Phone,Consulta,-,Elizabeth Alvarez,Conexión
104406,04 Sep 2025 10:29 AM,CALZADOS BETER,agregar acceso al grupo deposito al menu familia de articulos,-,,Cerrado,04 Sep 2025,Phone,Consulta,-,Joaquina Villanueva,Sistema
104407,04 Sep 2025 10:32 AM,LOISA,Comenta que falto un registro incorporar en la lista de precios -Consulta si es posible modificar la lista al cliente en mobile,-,,Cerrado,04 Sep 2025,Chat,Consulta,-,Macarena Monetta,Lista de Precios
104408,04 Sep 2025 10:41 AM,CHURRI,Generaron una factura alternativa que el cliente no va a llevar.,-,Generaron una factura alternativa que el cliente no va a llevar la mercadería. Dado que es alternativa no les genero el movimiento de stock(nos confirma el cliente) Se debe realizar una nota de crédito financiera para cancelar el saldo.,Cerrado,04 Sep 2025,Phone,Consulta,-,Leila Bonacina,CPR Ventas
104409,04 Sep 2025 10:50 AM,ALMADA,solicitar cae automáticamente (no anda),-,,Cerrado,04 Sep 2025,Phone,Consulta,-,Joaquina Villanueva,Factura electrónica
104411,04 Sep 2025 11:11 AM,ANPAU,Consulta por datos de consulta ID 541,-,Cristian consulta por datos que arroja la consulta ID 541 llamada entrante de (Cristian (ANPAU)),Cerrado,-,Phone,Consulta,-,Elizabeth Alvarez,Consultas y Herramientas
104412,04 Sep 2025 11:13 AM,ALLEGRA,Solicita hablar con Lautaro Bustos por el ticket #104389,-,Solicita hablar con Lautaro Bustos por el ticket #104389,Cerrado,04 Sep 2025,Phone,Consulta,-,Leila Bonacina,Comunicarse con Soporte
104413,04 Sep 2025 11:22 AM,EL SURCO,Solicita capacitacion sobre el modulo de liquidaciones especificamente cuentas,-,Solicita capacitación sobre el modulo de liquidaciones específicamente cuentas,Cerrado,04 Sep 2025,Email,Consulta,-,Leila Bonacina,Liquidaciones
104414,04 Sep 2025 11:25 AM,DISTRIBUIDORA PARA MASCOTAS,"ERROR al exportar los datos de sircar "" la consulta no tiene formatos de exportacion asociados""",-,,Cerrado,08 Sep 2025,Phone,Consulta,-,Joaquina Villanueva,Consultas y Herramientas
104415,04 Sep 2025 11:25 AM,E- Parts Franquicia Chajarí,Error al solicitar Cae,-,"Buen dia, sigo con error al solicitar Cae. Precisaría solucionar para que al emitir el comprobante solicite el cae exitosamente. Al generar el car desde consultas y herramientas ID 1116 tampoco pude solucionar. Es una NC. Por otro lado, no me da la opción de imprimir cuando genero un anticipo. Que le debo entregar al cliente",Cerrado,08 Sep 2025,Web,Consulta,-,Leila Bonacina,Factura electrónica
104416,04 Sep 2025 11:30 AM,FERRETERÍA ARGENTINA TRELEW,Error al querer informar CAEA- Error de XML,-,,Cerrado,04 Sep 2025,Chat,Consulta,-,Macarena Monetta,Factura electrónica
104417,04 Sep 2025 11:31 AM,MARTINEZ ESCALADA,Error al querer realizar asiento de pago de liquidación- La entidad no posee cuenta contable,-,,Cerrado,04 Sep 2025,Chat,Consulta,-,Macarena Monetta,Contabilidad
104418,04 Sep 2025 11:31 AM,DISTRIBUIDORA SUR,Inconvenientes en estabilidad de conexión en pc remota --,-,,Cerrado,04 Sep 2025,Chat,Consulta,-,Lautaro Bustos,Servidores
104419,04 Sep 2025 11:37 AM,COMSA,"Al intentar ingresar al sistema, se cierra la pestaña sin abrir el usuario",-,"Al intentar ingresar al sistema, se cierra la pestaña sin abrir el usuario",Cerrado,04 Sep 2025,Chat,Consulta,-,Micaela Gatti,Conexión
104420,04 Sep 2025 11:43 AM,SANTA FE MATERIALES,Control puntos de venta en circuito de sistema,-,,Cerrado,10 Sep 2025,Phone,Requerimiento,-,Elizabeth Alvarez,Script
104421,04 Sep 2025 11:44 AM,ANDERSEN MATERIALES,Brinda informacion para ticket 104318/104139,-,Brinda informacion para ticket 104318/104139,Cerrado,04 Sep 2025,Phone,Consulta,-,Leila Bonacina,Consulta por ticket
104422,04 Sep 2025 11:46 AM,ANPAU,RANKIN DE LOS ARTÍCULOS MAS VENBDIDOS,-,,Cerrado,04 Sep 2025,Phone,Consulta,-,Joaquina Villanueva,Consultas y Herramientas
104423,04 Sep 2025 11:56 AM,Credimisión,Solicita cotización de Power BI,-,,Cerrado,18 Sep 2025,Chat,Adquisición Licencia/Módulos,-,Alejandro Silva,BI
104424,04 Sep 2025 12:00 PM,LOGBELTS SRL,Se comunica valentina con problemas de sincronizacion,-,Al momento de comunicarse corrobora que se había solucionado.,Cerrado,04 Sep 2025,Phone,Consulta,-,Leila Bonacina,BBJet Mobile
104425,04 Sep 2025 12:06 PM,VEGA METALES,Consulta que comprobante cargar antes de la orden de compra para informar el faltante de mercadería,-,,Cerrado,04 Sep 2025,Chat,Consulta,-,Macarena Monetta,CPR Compras
104426,04 Sep 2025 12:08 PM,COMSA,"Error ""El reporte no pudo ser cargado desde la base de datos"" en PC",-,"Error ""El reporte no pudo ser cargado desde la base de datos"" en PC",Cerrado,04 Sep 2025,Chat,Consulta,-,Micaela Gatti,CPR Ventas
104427,04 Sep 2025 12:13 PM,LOISA,Solicita contacto con Macarena Monetta por ticket #104407,-,,Cerrado,04 Sep 2025,Chat,Consulta,-,Lautaro Bustos,Comunicarse con Soporte
104428,04 Sep 2025 12:18 PM,Samaco,Error archivo ARCIBA (AGIP): Nro inscripto inválido,-,,Cerrado,04 Sep 2025,Phone,Consulta,-,Elizabeth Alvarez,Impositivas
104429,04 Sep 2025 12:29 PM,FEMAT ACE,Consulta por información enviada en ticket #95472,-,Consulta por información enviada en ticket #95472 llamada entrante de (1161771525),Cerrado,04 Sep 2025,Phone,Consulta,-,Karen Varon,Consulta por ticket
104430,04 Sep 2025 12:39 PM,ANGACO MATERIALES,Asignar empleado del cliente al comprobante,-,Asignar empleado del cliente al comprobante Ayudamos a despejar dudas de como funciona el script que tienen que copia el vendedor asociado al cliente al momento de hacer la factura,Cerrado,04 Sep 2025,Phone,Consulta,-,Macarena Analía Ramirez Barzola,CPR Ventas
104431,04 Sep 2025 12:50 PM,AB CONSTRUCCIONES,no podia visualizar la consulta id:305 porque no contaba con permisos de esquema en la empresa VIAP,-,,Cerrado,04 Sep 2025,Phone,Consulta,-,Joaquina Villanueva,Sistema
104432,04 Sep 2025 01:04 PM,DISTRIBUIDORA PARA MASCOTAS,Inconveniente  cálculo de retenciones en proveedor,-,,Cerrado,05 Sep 2025,Phone,Consulta,-,Elizabeth Alvarez,Percepciones y retenciones
104433,04 Sep 2025 01:12 PM,MARCHAL,Consulta por stock comprometido de un artículo en un cliente  en negativo,-,,Cerrado,04 Sep 2025,Chat,Consulta,-,Macarena Monetta,Stock
104434,04 Sep 2025 01:15 PM,E-Parts - Grupo Cervantes,Asistencia para cargar facturas de talonario preimpreso,-,llamada entrante de (2615664475),Cerrado,04 Sep 2025,Phone,Consulta,-,Karen Varon,Factura electrónica
104435,04 Sep 2025 01:26 PM,MAYOR,Eliminar movimieto financiero,-,llamada entrante de (2477342722),Cerrado,04 Sep 2025,Phone,Consulta,-,Karen Varon,Eliminación de CPR
104436,04 Sep 2025 01:51 PM,FUGAS,Consulta sobre visualización de picking automatico en celular y pc,-,,Cerrado,04 Sep 2025,Chat,Consulta,-,Karen Varon,BBJet Gestión de Inventario
104437,04 Sep 2025 01:52 PM,FORTEHOUSE,Error de cae por condicion de IVA del cliente,-,,Cerrado,04 Sep 2025,Chat,Consulta,-,Karen Varon,Factura electrónica
104438,04 Sep 2025 01:52 PM,LA TABLADA,Actualizar sistema Paljet ERP a versión 9.0.7.0 para entrega de ticket #87372,-,,Cerrado,22 Sep 2025,Chat,Actualización,-,Agustina Acosta,Actualización
104439,04 Sep 2025 01:54 PM,RTI / PBS - NICARAGUA,Importar imágenes a artículos mediante Paljet Import,-,Importar imágenes a artículos mediante Paljet Import,Cerrado,04 Sep 2025,Chat,Consulta,-,Micaela Gatti,ABM Artículos
104440,04 Sep 2025 02:08 PM,ARCOIRIS PINTURERIA,Emisión de remitos supuestamente duplicados,-,,Cerrado,04 Sep 2025,Email,Consulta,-,Juan Acosta,CPR Ventas
104441,04 Sep 2025 02:14 PM,COMSA,"Cargar masivamente ""cantidad mínima"" de articulo en lista de precios proveedor",-,,Cerrado,04 Sep 2025,Chat,Consulta,-,Karen Varon,ABM Artículos
104442,04 Sep 2025 02:34 PM,COMSA,Continuidad ticket #104441,-,,Cerrado,04 Sep 2025,Chat,Consulta,-,Karen Varon,Ticket Duplicado
104443,04 Sep 2025 02:40 PM,GUIDOLI FLORIO,No puede visualizar un proveedor en la consulta de resumen de cta cte,-,"No puede visualizar un proveedor en la consulta de resumen de cta cte, cuando ingresamos realizamos una consulta de todos los comprobantes del proveedor y los mismos se efectuaron de contado. no podrá visualizarla en esa ventana posteriormente se le informa que con la consulta 529 podrá visualizar los datos de los comprobantes filtrando por proveedor",Cerrado,04 Sep 2025,Phone,Consulta,-,Leila Bonacina,CPR Compras
104444,04 Sep 2025 02:46 PM,FUGAS,Usuario no visualiza pedido en computadora cuando en celular si,-,Usuario no visualiza pedido en computadora cuando en celular si. Chat finalizado a pedido del cliente,Cerrado,04 Sep 2025,Chat,Consulta,-,Micaela Gatti,BBJet Gestión de Inventario
104445,04 Sep 2025 02:54 PM,ROSTOCK,"Consulta sobre funcionalidades de ""control de despacho/recepcion de merc"" en gestión de inventario",-,,Cerrado,04 Sep 2025,Chat,Consulta,-,Karen Varon,BBJet Gestión de Inventario
104446,04 Sep 2025 03:21 PM,FORTEHOUSE,Consulta por remito consignación,-,Consulta por remito consignación,Cerrado,04 Sep 2025,Phone,Consulta,-,Macarena Analía Ramirez Barzola,CPR Ventas
104447,04 Sep 2025 03:22 PM,AMPERBAT,configuración pc talonario,-,,Cerrado,04 Sep 2025,Phone,Consulta,-,Joaquina Villanueva,Talonario / Config. PC Talonarios
104448,04 Sep 2025 03:25 PM,El Super de los Filtros,Le falta una configuración de talonarios en el usuario de ventas,-,,Cerrado,08 Sep 2025,Phone,Consulta,-,Macarena Analía Ramirez Barzola,Talonario / Config. PC Talonarios
104449,04 Sep 2025 03:28 PM,DRUBICH Y CIA,Solicita comunicación con Eliana por configuraciones de ML,-,llamada entrante de (3492505705),Cerrado,-,Phone,Consulta,-,Elizabeth Alvarez,Comunicarse con otra área
104450,04 Sep 2025 03:30 PM,COMSA,Continuidad ticket #104441,-,,Cerrado,04 Sep 2025,Chat,Consulta,-,Karen Varon,Ticket Duplicado
104451,04 Sep 2025 03:43 PM,DRUBICH Y CIA,Fiscalizar facturas de ML,-,Fiscalizar facturas de ML,No aplica,04 Sep 2025,Phone,Consulta,-,Eliana Barreto,BBJet ML
104452,04 Sep 2025 03:47 PM,NARCISI,Info para ticket #104386,-,,Cerrado,04 Sep 2025,Chat,Consulta,-,Lautaro Bustos,Comunicarse con Soporte
104453,04 Sep 2025 03:53 PM,BOURLOT,Consulta por error al solicitar CAE: configuración regional errónea,-,Juan Cruz consulta por error al solicitar CAE: configuración regional errónea llamada entrante de (3446373961),Cerrado,04 Sep 2025,Phone,Consulta,-,Elizabeth Alvarez,Factura electrónica
104454,04 Sep 2025 03:59 PM,REFRIGERACION MR,Dudas sobre cálculo por condición de venta en comprobante,-,Dudas sobre cálculo por condición de venta en comprobante Indicamos a que se debe y como hace el cálculo el sistema,Cerrado,04 Sep 2025,Chat,Consulta,-,Macarena Analía Ramirez Barzola,CPR Ventas
104455,04 Sep 2025 04:01 PM,FORTEHOUSE,Consulta por contraseña que pide el sistema al finalizar remito por consignación,-,llamada entrante de (1170354457),Cerrado,04 Sep 2025,Phone,Consulta,-,Karen Varon,CPR Ventas
104456,04 Sep 2025 04:08 PM,SANTA RITA,Consulta por carga de nota al momento de cargar forma de pago en un comprobante.,-,,Cerrado,05 Sep 2025,Chat,Consulta,-,Elizabeth Alvarez,CPR Ventas
104457,04 Sep 2025 04:20 PM,FERRELAS,"""Se produjo un error en el proceso de solicitud de CAE""",-,,Cerrado,04 Sep 2025,Chat,Consulta,-,Karen Varon,Factura electrónica
104458,04 Sep 2025 04:21 PM,LEOFILM,Modificar monto a e-cheq cargado en orden de pago,-,Modificar monto a e-cheq cargado en orden de pago,Cerrado,04 Sep 2025,Chat,Consulta,-,Macarena Analía Ramirez Barzola,CPR Compras
104459,04 Sep 2025 04:30 PM,HORMI-TRAS,Actualizar licencia de paljet erp por vencimiento el día de mañana,-,Actualizar licencia de paljet erp por vencimiento el día de mañana Actualizamos a 1 año,Cerrado,04 Sep 2025,Phone,Consulta,-,Macarena Analía Ramirez Barzola,Licencia / Modulo
104460,04 Sep 2025 04:35 PM,AB CONSTRUCCIONES,Contacto para solicitar acceso al servidor (ticket #103928),-,,Cerrado,05 Sep 2025,Chat,Consulta,-,Elizabeth Alvarez,Servidores
104461,04 Sep 2025 04:38 PM,ROUTER,Diferencias en precio de costo al importar lista de precios,-,,Cerrado,05 Sep 2025,Email,Consulta,-,Karen Varon,Lista de Precios
104462,04 Sep 2025 04:42 PM,Samaco,Error al realizar factura A por consecutividad de comprobante,-,,Cerrado,04 Sep 2025,Phone,Consulta,-,Karen Varon,CPR Ventas
104463,04 Sep 2025 04:43 PM,RTI / PBS - NICARAGUA,Chat sin respuesta,-,,Cerrado,04 Sep 2025,Chat,Consulta,-,Karen Varon,Sin respuesta
104464,04 Sep 2025 04:55 PM,BOURLOT,Controlar que usuarios trabajen con determinados depósitos en aj valorizado,-,llamada entrante de (3446373961),Cerrado,08 Sep 2025,Phone,Requerimiento,-,Elizabeth Alvarez,Inventario
104465,04 Sep 2025 05:18 PM,LA Distribuciones,Usuario no ve notas de pedido de mobile del punto 102,-,"Usuario no ve notas de pedido de mobile del punto 102 Esas NP son de esquema principal y su usuario solo tiene permisos de lectura al secundario, indicamos esto y mostramos desde donde asignar el permiso. Su usuario es nuevo y seguro olvidaron darle el permiso de lectura a ambos esquemas para que pueda controlar todo lo de Mobile",Cerrado,04 Sep 2025,Phone,Consulta,-,Macarena Analía Ramirez Barzola,CPR Ventas
104466,04 Sep 2025 05:25 PM,ANPAU,Filtrar información de gastos por sucursales,-,llamada entrante de (Cristian (ANPAU)),Cerrado,04 Sep 2025,Phone,Consulta,-,Karen Varon,CPR Compras
104467,04 Sep 2025 06:07 PM,CHURRI,Acomodar comprometido de cliente,-,"Acomodar comprometido de cliente Indicamos que siempre que quieren devolver al stock es nc por devolucion, sino el stock no se devuelve",Cerrado,04 Sep 2025,Phone,Consulta,-,Macarena Analía Ramirez Barzola,CPR Ventas
104468,04 Sep 2025 06:10 PM,COMACO,Consulta por ticket #98385,-,Consulta por ticket #98385,Cerrado,04 Sep 2025,Chat,Consulta,-,Macarena Analía Ramirez Barzola,Consulta por ticket
104469,04 Sep 2025 06:11 PM,RTI / PBS - NICARAGUA,Asignar deposito a números de serie de artículos,-,,Cerrado,05 Sep 2025,Chat,Consulta,-,Karen Varon,ABM Artículos
104470,04 Sep 2025 06:17 PM,MGL Complementos,Instalar impresora fiscal moretti con emulador (convierte a hasar),-,llamada entrante de (Toncic Rubén Ignacio),Cerrado,04 Sep 2025,Phone,Consulta,-,Karen Varon,Impresoras Fiscales
104471,04 Sep 2025 06:38 PM,COMACO,Cargar da factura de proveedor en dólar,-,Cargar da factura de proveedor en dólar,Cerrado,04 Sep 2025,Chat,Consulta,-,Macarena Analía Ramirez Barzola,CPR Compras
104472,04 Sep 2025 06:38 PM,MAURI,Asistencia para renumerar comprobantes pendientes de cae,-,llamada entrante de (3774411143),Cerrado,04 Sep 2025,Phone,Consulta,-,Karen Varon,Factura electrónica
104473,04 Sep 2025 06:57 PM,MH HIERROS,Habilitación de puerta 3011 para conexión remota,-,llamada entrante de (0000),Cerrado,04 Sep 2025,Phone,Consulta,-,Karen Varon,Conexión
104474,04 Sep 2025 07:01 PM,MGL Complementos,Consulta sobre configuración pc-talonario,-,,Cerrado,04 Sep 2025,Chat,Consulta,-,Karen Varon,Talonario / Config. PC Talonarios
104475,04 Sep 2025 07:03 PM,FERRETEC,"Error de CAE por factura a cliente con IVA ""no responsable""",-,"Error de CAE por factura a cliente con IVA ""no responsable""",Cerrado,04 Sep 2025,Chat,Consulta,-,Macarena Analía Ramirez Barzola,Factura electrónica
104476,04 Sep 2025 07:23 PM,LOISA,Ayuda para eliminar recibo cuyo depósito ya tiene gestión de valores,-,Ayuda para eliminar recibo cuyo depósito ya tiene gestión de valores,Cerrado,04 Sep 2025,Chat,Consulta,-,Macarena Analía Ramirez Barzola,CPR Ventas
104477,04 Sep 2025 07:42 PM,CASTRO,Brinda acceso para ticket #104375,-,Brinda acceso para ticket #104375,Cerrado,04 Sep 2025,Phone,Consulta,-,Macarena Analía Ramirez Barzola,Brindar Acceso
104478,04 Sep 2025 09:37 PM,RTI / PBS - NICARAGUA,"Añadir hoja al Reporte ""Contrato alquiler RTI""",-,,En Analisis,-,Email,Mejora,-,Lautaro Bustos,Reportes
104479,05 Sep 2025 08:31 AM,CALZADOS BETER,No impactan Recibos de BBJet créditos en Paljet,-,,Cerrado,06 Sep 2025,Phone,Consulta,-,Micaela Gatti,CPR Ventas
104480,05 Sep 2025 08:31 AM,CALZADOS BETER,Error al ingresar a BBJet Recursos,-,llamada entrante de (Renzo Gregorutti),Cerrado,05 Sep 2025,Phone,Consulta,-,Karen Varon,BBJet Recursos
104481,05 Sep 2025 08:34 AM,FERRARO MATERIALES,Consulta pasos para que en BtoB no aparezcan todos los artículos del sistema,-,,Cerrado,05 Sep 2025,Chat,Consulta,-,Macarena Monetta,ABM Artículos
104482,05 Sep 2025 08:38 AM,BDL,Comenta error de cae,-,llamada entrante de (3435078907),Cerrado,05 Sep 2025,Phone,Consulta,-,Karen Varon,Factura electrónica
104483,05 Sep 2025 08:43 AM,CHURRI,Actualización de PalJet ERP a la última versión,-,Buen día. Se solicita la actualización del sistema PalJet ERP a la última versión. Gracias.,Cerrado,16 Sep 2025,Chat,Actualización,-,Agustina Acosta,Servidores
104484,05 Sep 2025 08:52 AM,VEGA METALES,Inconveniente de acceso en una PC cliente,-,"Cristian indica inconveniente de acceso en una PC cliente: cambió nombre e IP. No podíamos ingresar a su PC pero se indicaron pasos para detectar IP, nos pudo indicar cuál era y verificar la licencia. llamada entrante de (3854021939)",Cerrado,05 Sep 2025,Phone,Consulta,-,Elizabeth Alvarez,Conexión
104485,05 Sep 2025 08:54 AM,BDL,Inconvenientes al solicitar CAE - Error 501 ARCA PROXY,-,"Inconvenientes al solicitar CAE - Error 501 ARCA PROXY. Al solicitar acceso por Team a la pc para corroborar configuraciones, indica que se comunicarían de la sucursal para brindar los datos",Cerrado,05 Sep 2025,Phone,Consulta,-,Micaela Gatti,Factura electrónica
104486,05 Sep 2025 08:58 AM,BOURLOT,Comunicación con Paula por autorización de informe y consultas,-,Juan Cruz solicita comunicación con Paula por autorización de informe y consultas llamada entrante de (3446373961),Cerrado,-,Phone,Consulta,-,Elizabeth Alvarez,Comunicarse con otra área
104487,05 Sep 2025 09:09 AM,ROUTER,Error - Régimen de Ley 27.440:,-,,Cerrado,05 Sep 2025,Chat,Consulta,-,Joaquina Villanueva,Factura electrónica
104488,05 Sep 2025 09:12 AM,AMPERBAT,Inconveniente de ítems al importar datos,-,,Cerrado,05 Sep 2025,Phone,Consulta,-,Elizabeth Alvarez,PalJet Import
104489,05 Sep 2025 09:14 AM,RIGELEC,Dudas sobre eliminar Recibo que tiene Nota de Crédito por descuentos,-,Dudas sobre eliminar Recibo que tiene Nota de Crédito por descuentos,Cerrado,05 Sep 2025,Phone,Consulta,-,Micaela Gatti,CPR Ventas
104490,05 Sep 2025 09:17 AM,MGL Complementos,Chat sin respuesta del cliente,-,Chat sin respuesta del cliente,Cerrado,05 Sep 2025,Chat,Consulta,-,Macarena Analía Ramirez Barzola,Sin respuesta
104491,05 Sep 2025 09:20 AM,BOURLOT,Consulta por conexión a servidor capa 5 --,-,Llama Juan Cruz Indicamos que uno de nuestros técnicos está trabajando allí,Cerrado,-,Phone,Consulta,-,Agostina Lozano,Servidores
104492,05 Sep 2025 09:25 AM,FERRARO MATERIALES,Información para ticket #103700,-,,Cerrado,06 Sep 2025,Email,Consulta,-,Micaela Gatti,Otros temas
104493,05 Sep 2025 09:40 AM,AGROPECUARIA ALMAFUERTE,Solicita pasos para vincular nuevo concepto para hacer una NC financiera,-,,Cerrado,05 Sep 2025,Chat,Consulta,-,Macarena Monetta,CPR Ventas
104494,05 Sep 2025 09:45 AM,ROSTOCK,Solicita capacitación en módulo compras (se da cuenta que ya lo pidieron en otro ticket),-,Solicita capacitación en módulo compras (se da cuenta que ya lo pidieron en otro ticket),Cerrado,05 Sep 2025,Chat,Consulta,-,Macarena Analía Ramirez Barzola,Ticket Duplicado
104495,05 Sep 2025 09:49 AM,Smack,Inconveniente al solicitar CAE: continuación ticket #104337,-,"Chantal indica inconveniente al solicitar CAE: se debe a que precisaban emitir una FCE y tenían error de CAE. Asistimos para que tengan el cambio de talonario en ambos puntos de ventas, eliminaron la factura errónea y asistimos para renumerar comprobantes pendientes y dejar el talonario con el número correcto. Pto de venta de factura electrónica común 2 y FCE el 5 llamada entrante de (Chantal Smack)",Cerrado,-,Phone,Consulta,-,Elizabeth Alvarez,Factura de crédito
104496,05 Sep 2025 09:56 AM,ANDERSEN MATERIALES,Dudas sobre resolución de ticket #104319,-,Dudas sobre resolución de ticket #104319,Cerrado,05 Sep 2025,Phone,Consulta,-,Micaela Gatti,Consulta por ticket
104497,05 Sep 2025 10:00 AM,EL SURCO,Consulta por selección de banco en liquidación,-,llamada entrante de (2302553932) Llama Yesica,Cerrado,08 Sep 2025,Phone,Consulta,-,Agostina Lozano,Liquidaciones
104498,05 Sep 2025 10:07 AM,LEOFILM,Dudas sobre correo automático de ticket #104396,-,Dudas sobre correo automático de ticket #104396,Cerrado,05 Sep 2025,Phone,Consulta,-,Micaela Gatti,Consulta por ticket
104499,05 Sep 2025 10:08 AM,GARAY,Consulta relacionada a ticket #104009,-,Consulta relacionada a ticket #104009 llamada entrante de (3435322297),Cerrado,05 Sep 2025,Phone,Consulta,-,Karen Varon,Consulta por ticket
104500,05 Sep 2025 10:10 AM,MGL Complementos,Registrar nueva PC,-,Registrar nueva PC,Cerrado,05 Sep 2025,Chat,Consulta,-,Macarena Analía Ramirez Barzola,Talonario / Config. PC Talonarios
104501,05 Sep 2025 10:12 AM,MERCONOR,Consulta por movimiento de stock a partir de preparado de pedido,-,"llamada entrante de (3416002121) Llama Matias Consulta si con el preparado de pedido se puede mover stock desde un depósito a otro o genera automáticamente o un remito de movimiento, indicamos que momentáneamente no es posible ya que son dos módulos diferentes que no se vinculan. Indicamos que puede hacerlo de forma manual a ambos comprobantes en paralelo",Cerrado,05 Sep 2025,Phone,Consulta,-,Agostina Lozano,Stock
104502,05 Sep 2025 10:22 AM,FORTEHOUSE,Consulta por componentes de un compuesto,-,Gustavo consulta por cantidad de los artículos componentes de un compuesto para cargar a comprobante. llamada entrante de (1170354457),Cerrado,05 Sep 2025,Phone,Consulta,-,Elizabeth Alvarez,ABM Artículos
104503,05 Sep 2025 10:36 AM,VERGARA,HABILITAR CAMBIO DE TALONARIO Y PUNTO DE VENTA,-,,Cerrado,08 Sep 2025,Chat,Consulta,-,Joaquina Villanueva,Talonario / Config. PC Talonarios
104504,05 Sep 2025 10:45 AM,MERCONOR,Seguimiento de saldo de clientes,-,llamada entrante de (3414530923) Llama Luisina Indican cliente con el que presentan una diferencia de saldos desde liquidación a Paljet 1962 cod,Cerrado,08 Sep 2025,Phone,Consulta,-,Agostina Lozano,PalJet Synch
104505,05 Sep 2025 10:45 AM,HIPERPLACA,Solicita herramienta que muestre como base el id 813 agregando dos columnas nuevas,-,,Cerrado,17 Sep 2025,Chat,Requerimiento,-,Macarena Monetta,Consultas y Herramientas
104506,05 Sep 2025 11:01 AM,Etsol,Dudas sobre funciones de Paljet ERP - Cliente interesado en sistema,-,Dudas sobre funciones de Paljet ERP - Cliente interesado en sistema. Se deriva la llamada a Alejandro,Cerrado,05 Sep 2025,Phone,Consulta,-,Micaela Gatti,Comunicarse con otra área
104507,05 Sep 2025 11:11 AM,EL MAGO,Error de CAE en NC por no tener asociada una FA como origen,-,Error de CAE en NC por no tener asociada una FA como origen,Cerrado,05 Sep 2025,Chat,Consulta,-,Macarena Analía Ramirez Barzola,Factura electrónica
104508,05 Sep 2025 11:12 AM,ROUTER,Solicita contacto con Karen V respecto a ticket #104461,-,llamada entrante de (3854894849) Llama Marco Pasamos llamada a Karen,Cerrado,05 Sep 2025,Phone,Consulta,-,Agostina Lozano,Comunicarse con Soporte
104509,05 Sep 2025 11:23 AM,EL SURCO,Asignar cuenta de caja a usuario,-,Asignar cuenta de caja a usuario,Cerrado,05 Sep 2025,Phone,Consulta,-,Micaela Gatti,Configuración de usuarios
104510,05 Sep 2025 11:28 AM,AGUA NUESTRA,DESHABILITAR DEPÓSITOS,-,,Cerrado,05 Sep 2025,Chat,Consulta,-,Joaquina Villanueva,Inventario
104511,05 Sep 2025 11:31 AM,AUTOPARTES,Error al querer solicitar cae de manera automatico- No database are listed in transaction component,-,,Cerrado,05 Sep 2025,Chat,Consulta,-,Macarena Monetta,Factura electrónica
104512,05 Sep 2025 11:31 AM,HIPERPLACA,Brinda información para ticket #104505,-,,Cerrado,05 Sep 2025,Chat,Consulta,-,Macarena Monetta,Brindar Acceso
104513,05 Sep 2025 11:34 AM,AMPERBAT,Solicita contacto con Elizabeth por ticket #104488,-,llamada entrante de (3875005320) Llama Marcelo Dejamos mensaje a Elizabeth ya que no podía tomar el llamado,Cerrado,-,Phone,Consulta,-,Agostina Lozano,Comunicarse con Soporte
104514,05 Sep 2025 11:48 AM,MGL Complementos,Consulta por llamar a mesa de soporte,-,Consulta por llamar a mesa de soporte Indicamos que se comunique al teléfono que tenemos o bien responda sobre el ticket donde se quiere comunicar.,Cerrado,05 Sep 2025,Chat,Consulta,-,Macarena Analía Ramirez Barzola,Comunicarse con Soporte
104515,05 Sep 2025 11:49 AM,BOURLOT,Sincronismo de base de datos: actualización de condición de compra,-,llamada entrante de (3446373961),Cerrado,05 Sep 2025,Phone,Consulta,-,Karen Varon,Peplicación / Sincronismo de DB
104516,05 Sep 2025 11:50 AM,EL TROPEZÓN,Agregar cuotas a tarjeta,-,Agregar cuotas a tarjeta,Cerrado,05 Sep 2025,Phone,Consulta,-,Micaela Gatti,Tarjeta
104517,05 Sep 2025 12:03 PM,EL SURCO,Activación de talonario,-,llamada entrante de (2302478765) Llama Gilda Indicamos pasos para reactivar talonario de punto de venta 31,Cerrado,-,Phone,Consulta,-,Agostina Lozano,Talonario / Config. PC Talonarios
104518,05 Sep 2025 12:08 PM,Gromax,Incorporar información de bancos en reporte de impresión de facturas,-,,Cerrado,05 Sep 2025,Phone,Mejora,-,Micaela Gatti,Reportes
104519,05 Sep 2025 12:14 PM,BDL,Se creo un articulo pero da error al querer editarlo no se en cuentra en lidta de precios base,-,Se creo un articulo pero da error al querer editarlo no se encuentra en lista de precios base,Cerrado,05 Sep 2025,Phone,Consulta,-,Leila Bonacina,ABM Artículos
104520,05 Sep 2025 12:16 PM,ROSTOCK,Consultas sobre Toma stock de gestión de inventario y comprobante de Existencias en paljet,-,,Cerrado,05 Sep 2025,Chat,Consulta,-,Macarena Monetta,BBJet Gestión de Inventario
104521,05 Sep 2025 12:20 PM,E-Parts - Grupo Cervantes,Relacionar cuentas caja al emitir circuito de ventas y otras consultas sobre el sistema,-,,Cerrado,05 Sep 2025,Phone,Consulta,-,Lautaro Bustos,CPR Ventas
104522,05 Sep 2025 12:24 PM,MGL Complementos,Consultas varias sobre permisos,-,"Joaquin realiza consultas varias sobre permisos: menú empresa, configuración de personal, vinculación de cuenta al usuario entre otros. llamada entrante de (3835437768)",Cerrado,-,Phone,Consulta,-,Elizabeth Alvarez,Menú Empresa y formularios
104523,05 Sep 2025 12:37 PM,LOISA,consulta si es posible cambiar la lista desde los telefonos,-,Se le indica que no es posible y que deben estar sincronizados los teléfonos para que les de la información actualizada,Cerrado,05 Sep 2025,Phone,Consulta,-,Leila Bonacina,BBJet Mobile
104524,05 Sep 2025 12:59 PM,EL SURCO,Modificar depósito de talonario duplicado,-,,Cerrado,05 Sep 2025,Phone,Consulta,-,Micaela Gatti,Talonario / Config. PC Talonarios
104525,05 Sep 2025 01:06 PM,DISTRIBUIDORA SUR,"Asignar búsqueda por defecto ""descripción extendida"" el lista de precios BtoB y cambio de logo",-,,Cerrado,11 Sep 2025,Email,Requerimiento,-,Karen Varon,BBJet BtoB
104526,05 Sep 2025 01:11 PM,ARCOIRIS PINTURERIA,Precios en orden de compra o remitos de proveedor,-,,Cerrado,05 Sep 2025,Email,Consulta,-,Juan Acosta,CPR Compras
104527,05 Sep 2025 01:11 PM,AGROPECUARIA ALMAFUERTE,Comenta perdida de conexión en las PC cliente con el servidor,-,Comenta perdida de conexión en las PC cliente con el servidor,Cerrado,05 Sep 2025,Chat,Consulta,-,Macarena Analía Ramirez Barzola,Servidores
104528,05 Sep 2025 01:15 PM,ALMADA,Al generar una liquidación le indica que la no fiscal no se encuentra dentro del periodo de fechas-,-,Al generar una liquidación le indica que la no fiscal no se encuentra dentro del periodo de fechas-,Cerrado,05 Sep 2025,Phone,Consulta,-,Leila Bonacina,Control de fecha
104529,05 Sep 2025 01:17 PM,Credimisión,a recibir negativo,-,,Cerrado,05 Sep 2025,Chat,Consulta,-,Joaquina Villanueva,Sin respuesta
104530,05 Sep 2025 01:27 PM,FERRETERÍA ARGENTINA ESQUEL,Alta de concepto e impuesto,-,,Cerrado,08 Sep 2025,Email,Consulta,-,Agostina Lozano,CPR Ventas
104531,05 Sep 2025 02:39 PM,ROSTOCK,Configurar impresora láser en talonario,-,Configurar impresora láser en talonario,Cerrado,05 Sep 2025,Chat,Consulta,-,Macarena Analía Ramirez Barzola,Impresora Láser
104532,05 Sep 2025 02:44 PM,Credimisión,"ajuste de stock valorizado suma, a recibir negativo",-,,Cerrado,05 Sep 2025,Chat,Consulta,-,Joaquina Villanueva,Inventario
104533,05 Sep 2025 02:51 PM,EL SURCO,Consulta sobre inestabilidad de conexión remota,-,,Cerrado,05 Sep 2025,Phone,Consulta,-,Lautaro Bustos,Servidores
104534,05 Sep 2025 03:01 PM,CONSTRUCOM,Consulta si el script funciona restando del saldo en cta cte disponible del cliente si posee cheques,-,,Cerrado,16 Sep 2025,Chat,Consulta,-,Leila Bonacina,Script
104535,05 Sep 2025 03:04 PM,ARCOIRIS PINTURERIA,Salida de correos enviados desde Paljet ERP,-,,Cerrado,05 Sep 2025,Email,Consulta,-,Juan Acosta,E-mail
104536,05 Sep 2025 03:06 PM,EL SURCO,Conexión de intervalping desde pc cliente,-,llamada entrante de (2302478765) Llama Gilda Extendemos custom a 1000 para que pueda durar más la conexión sin uso sin tildarse,Cerrado,-,Phone,Consulta,-,Agostina Lozano,Conexión
104537,05 Sep 2025 03:09 PM,TOYOMEC,Solicita verificación sobre stock y como agregar artículos a un conjunto,-,,Cerrado,05 Sep 2025,Chat,Consulta,-,Macarena Monetta,Stock
104538,05 Sep 2025 03:09 PM,MERCONOR,Modificar un reporte de movimiento de stock,-,Modificar un reporte de movimiento de stock,Cerrado,15 Sep 2025,Phone,Consulta,-,Leila Bonacina,Reportes
104539,05 Sep 2025 03:10 PM,El Super de los Filtros,Consulta por avances de ticket #104448,-,Consulta por avances de ticket #104448,Cerrado,05 Sep 2025,Phone,Consulta,-,Micaela Gatti,Consulta por ticket
104540,05 Sep 2025 03:25 PM,ARCOIRIS PINTURERIA,Comunicación con Juan Acosta. Cliente en proceso de implementación,-,llamada entrante de (3364200602),Cerrado,05 Sep 2025,Phone,Consulta,-,Karen Varon,Comunicarse con otra área
104541,05 Sep 2025 03:34 PM,METALÚRGICA PASGAL,Instalación de Impresora Fiscal HASAR,-,,Cerrado,05 Sep 2025,Phone,Consulta,-,Lautaro Bustos,Impresoras Fiscales
104542,05 Sep 2025 03:41 PM,ARCOIRIS PINTURERIA,Solicita contacto con Juan Acosta,-,Solicita contacto con Juan Acosta,Cerrado,05 Sep 2025,Phone,Consulta,-,Micaela Gatti,Comunicarse con otra área
104543,05 Sep 2025 03:49 PM,ARCOIRIS PINTURERIA,Carga de ajustes de stock,-,,Cerrado,-,Phone,Consulta,-,Juan Acosta,Stock
104544,05 Sep 2025 04:17 PM,LOGBELTS SRL,Diferencias en partes de caja - Consulta en base a ticket #104059,-,llamada entrante de (1160936665),Cerrado,08 Sep 2025,Phone,Consulta,-,Agostina Lozano,Caja
104545,05 Sep 2025 04:29 PM,YAPUR,CORRECCION PARA USUARIO ASISTENTE SOBRE BOTON CAMBIO DE TALONARIO,-,,Cerrado,08 Sep 2025,Email,Consulta,-,Agostina Lozano,Talonario / Config. PC Talonarios
104546,05 Sep 2025 04:50 PM,TOYOMEC,Modificar reporte asignado a talonario por una FA especial,-,,Cerrado,05 Sep 2025,Chat,Consulta,-,Lautaro Bustos,Script
104547,05 Sep 2025 05:01 PM,METALÚRGICA PASGAL,Error 10061 connection is forcely rejected,-,Error 10061 connection is forcely rejected,Cerrado,05 Sep 2025,Phone,Consulta,-,Leila Bonacina,Impresoras Fiscales
104548,05 Sep 2025 05:49 PM,E-Parts Franquicia San Luis,Consulta por artículo puntual que no resta existencia,-,,Cerrado,05 Sep 2025,Phone,Consulta,-,Lautaro Bustos,ABM Artículos
104549,05 Sep 2025 06:04 PM,Ferretería del Norte,al dar de alta un proveedor le dice que el cuit ya se encuentra utilizado,-,"al dar de alta un proveedor le dice que el cuit ya se encuentra utilizado, es debido a que esta dado de alta como banco",Cerrado,05 Sep 2025,Phone,Consulta,-,Leila Bonacina,ABM Proveedores
104550,05 Sep 2025 06:19 PM,MGL Complementos,No le permite asignar un configuracion pc -talonario,-,Dado que ya poseía una configuración de factura para ese usuario el sistema no le permitía asignar otra.,Cerrado,05 Sep 2025,Chat,Consulta,-,Leila Bonacina,Talonario / Config. PC Talonarios
104551,05 Sep 2025 06:32 PM,Piragini Motorepuestos,Requiere modificación de reporte remito esquema 2,-,,Cerrado,05 Sep 2025,Phone,Consulta,-,Lautaro Bustos,Reportes
104552,05 Sep 2025 06:43 PM,El Super de los Filtros,Magali solita que en dos usuarios le permita utilizar los puntos de venta 6 y 666,-,Magali solita que en dos usuarios le permita utilizar los puntos de venta 6 y 666,Cerrado,08 Sep 2025,Phone,Consulta,-,Leila Bonacina,Talonario / Config. PC Talonarios
104553,05 Sep 2025 07:03 PM,AB CONSTRUCCIONES,Licencia no válida Network,-,,Cerrado,05 Sep 2025,Chat,Consulta,-,Lautaro Bustos,Licencia / Modulo
104554,05 Sep 2025 07:07 PM,EL GURI,el cliente me pago con deposito bancario un saldo mayor al de la factura,-,"Se le indica que efectivamente debe registrar el deposito desde un recibo, y posteriormente imputar la factura, y el saldo le quedara disponible para otro comprobante.",Cerrado,05 Sep 2025,Chat,Consulta,-,Leila Bonacina,CPR Ventas
104555,05 Sep 2025 07:13 PM,MP SERVICIOS,Reporta caída del sistema --,-,,Cerrado,05 Sep 2025,Chat,Incidente,-,Lautaro Bustos,Servidores
104556,05 Sep 2025 07:36 PM,Etsol,Respuesta Encuesta de Implementación FEDERICO BIANCO,-,,Cerrado,06 Sep 2025,Email,Consulta,-,Juan Acosta,Otros temas
104557,05 Sep 2025 08:05 PM,RTI / PBS - NICARAGUA,Tamaño de imagen en artículo en Paljet ERP,-,Tamaño de imagen en artículo en Paljet ERP,Cerrado,06 Sep 2025,Email,Consulta,-,Micaela Gatti,ABM Artículos
104558,06 Sep 2025 07:38 AM,ARCOIRIS PINTURERIA,Precio de lista en comprobantes de proveedores,-,,Cerrado,06 Sep 2025,Email,Consulta,-,Juan Acosta,CPR Compras
104559,06 Sep 2025 09:13 AM,TOYOTA DEL SUR,chat sabado,-,,Cerrado,06 Sep 2025,Chat,Consulta,-,Joaquina Villanueva,Sábado
104560,06 Sep 2025 09:29 AM,TOYOTA DEL SUR,chat sábado,-,,Cerrado,06 Sep 2025,Chat,Consulta,-,Joaquina Villanueva,Sábado
104561,06 Sep 2025 09:33 AM,ARCOIRIS PINTURERIA,Como procesar comprobantes utilizados parcialmente,-,,Cerrado,15 Sep 2025,Email,Consulta,-,Juan Acosta,CPR Ventas
104562,06 Sep 2025 09:52 AM,TOYOTA DEL SUR,Inconvenientes al ingresar al sistema  de manera remota por cambio de IP pública del servidor,-,Inconvenientes al ingresar al sistema de manera remota por cambio de IP pública del servidor,Cerrado,06 Sep 2025,Phone,Consulta,-,Micaela Gatti,Conexión PC/Infraestructura
104563,06 Sep 2025 10:39 AM,BDL,COMPROBANTES EN -1,-,"Buenos días, no puedo ver libro IVA VENTAS PERIODO AGOSTO 2025 Sin embargo, cuando busco comprobante en -1 no tengo ninguno . tampoco ninguno que falte solicitar el CAE. me ayudan a visualizar el LIBRO IVA VENTAS gracias",Cerrado,-,Web,Consulta,-,Joaquina Villanueva,CPR Ventas
104564,06 Sep 2025 11:32 AM,CHURRI,visualización de esquema principal en usuario secundario,-,,Cerrado,06 Sep 2025,Phone,Consulta,-,Joaquina Villanueva,Sistema
104565,06 Sep 2025 11:48 AM,Total Caño,Al cargar un presupuesto en un remito le indica que se llego al numero maximo de renglones configurados en el talonario,-,Al cargar un presupuesto en un remito le indica que se llego al numero máximo de renglones configurados en el talonario,Cerrado,06 Sep 2025,Phone,Consulta,-,Leila Bonacina,Talonario / Config. PC Talonarios
104566,06 Sep 2025 12:20 PM,BOURLOT,Como afecta la comisión de los vendedores en la rentabilidad/contabilidad de la empresa,-,Llamada saliente a (3446373961),Cerrado,-,Phone,Consulta,-,Karen Varon,Contabilidad
104567,06 Sep 2025 05:55 PM,CALZADOS BETER,BORRAR NOTA DE CRÉDITO EN BBJET CRÉDITOS,-,,Cerrado,09 Sep 2025,Email,Consulta,-,Joaquina Villanueva,Créditos
104568,06 Sep 2025 09:25 PM,ARCOIRIS PINTURERIA,Actualización de domicilios de clientes,-,,Cerrado,08 Sep 2025,Email,Consulta,-,Juan Acosta,PalJet Import
104569,07 Sep 2025 03:25 PM,ARCOIRIS PINTURERIA,Cambios de utilidad masivamente y precios en dólares en comprobantes,-,,Cerrado,10 Sep 2025,Email,Consulta,-,Juan Acosta,Lista de Precios
104570,07 Sep 2025 08:40 PM,LA LAGUNA MATERIALES,Salida de correos enviados desde Paljet ERP,-,,Cerrado,09 Sep 2025,Email,Consulta,-,Juan Acosta,E-mail
104571,08 Sep 2025 08:09 AM,El Super de los Filtros,No le aparece el botón de cambio de talonario,-,No le aparece el botón de cambio de talonario,Cerrado,08 Sep 2025,Phone,Consulta,-,Macarena Analía Ramirez Barzola,Talonario / Config. PC Talonarios
104572,08 Sep 2025 08:10 AM,METALÚRGICA PASGAL,Error de asignación de licencia en PC de caja por cambio de motherboard,-,Error de asignación de licencia en PC de caja por cambio de motherboard,Cerrado,08 Sep 2025,Phone,Consulta,-,Lautaro Bustos,Licencia / Modulo
104573,08 Sep 2025 08:20 AM,SUMIAGRO,Eliminar movimiento financiero,-,Eliminar movimiento financiero,Cerrado,08 Sep 2025,Email,Consulta,-,Micaela Gatti,Eliminación de CPR
104574,08 Sep 2025 08:22 AM,KALYDON TOOLS,Agentes de recaudación - Modificación de formato de importación ARBA,-,,En Analisis,10 Sep 2025,Email,Mejora,-,Micaela Gatti,Percepciones y retenciones
104575,08 Sep 2025 08:23 AM,SIA,Replicador no pasó Proveedor a SIA Logística,-,Replicador no pasó Proveedor a SIA Logística,Cerrado,08 Sep 2025,Chat,Consulta,-,Micaela Gatti,Peplicación / Sincronismo de DB
104576,08 Sep 2025 08:26 AM,VERGARA,Deshabilitar opción de editar articulo desde presupuesto y consulta sobre web service,-,,Cerrado,08 Sep 2025,Chat,Consulta,-,Karen Varon,CPR Ventas
104577,08 Sep 2025 08:29 AM,CORSAN,Error Invalided argument,-,"Error Invalided argument, el mismo se da por que la version de paljet no es la correcta.",Cerrado,08 Sep 2025,Chat,Consulta,-,Leila Bonacina,Instalación de Cliente
104578,08 Sep 2025 08:30 AM,Maderera San Antonio,Al generar Nota de Crédito no se replican los descuentos de artículos y modificar propiedad Id 39,-,Al generar Nota de Crédito no se replican los descuentos de artículos y modificar propiedad Id 39,Cerrado,08 Sep 2025,Chat,Consulta,-,Micaela Gatti,CPR Ventas
104579,08 Sep 2025 08:31 AM,Direfil,Consulta sobre realización de back up y modificación de horario de tarea,-,,Cerrado,08 Sep 2025,Chat,Consulta,-,Karen Varon,Backup
104580,08 Sep 2025 08:32 AM,AUTOPARTES,El articulo compuesto no me actualiza el precio.,-,El articulo compuesto no me actualiza el precio. se le explico como tenia configurado el articulo y que no poseía utilizada para realizar el ajuste.,Cerrado,08 Sep 2025,Chat,Consulta,-,Leila Bonacina,ABM Artículos
104581,08 Sep 2025 08:34 AM,ZENIT FERRETERIA INDUSTRIAL,Instalación de PalJet ERP + 5 Licencias cliente en Oracle,-,Buen día. Se solicita la instalación de: 1 Servidor de PalJet ERP con infraestructura en Oracle (incluye 6h de instalación). 5 Licencias cliente. 40h de preimplementación e implementación remota. Se aprueba el presupuesto con el formulario de alta. Gracias.,Cerrado,25 Sep 2025,Chat,Instalación,-,Juan Acosta,Servidores
104582,08 Sep 2025 08:38 AM,E-Parts - Grupo Cervantes,Reporta incidentes al ingresar al sistema --,-,,Cerrado,08 Sep 2025,Phone,Incidente,-,Lautaro Bustos,Servidores
104583,08 Sep 2025 08:44 AM,CABODEVILA REPUESTOS,"Error ""Variant array index out of bounds"" al buscar cliente para generar Factura de venta",-,"Error ""Variant array index out of bounds"" al buscar cliente para generar Factura de venta",Cerrado,08 Sep 2025,Chat,Consulta,-,Micaela Gatti,CPR Ventas
104584,08 Sep 2025 08:46 AM,Freezar Congelados,Dudas sobre información de consulta ID 12229,-,Dudas sobre información de consulta ID 12229,Cerrado,-,Phone,Consulta,-,Macarena Analía Ramirez Barzola,Consultas y Herramientas
104585,08 Sep 2025 08:53 AM,EL CORRALON,Asistencia para instalar Paljet en nueva pc,-,llamada entrante de (3434659444),Cerrado,08 Sep 2025,Phone,Consulta,-,Karen Varon,Instalación de Cliente
104586,08 Sep 2025 08:55 AM,EL SURCO,Solicita ayuda para configuración PC - Talonario,-,,Cerrado,08 Sep 2025,Phone,Consulta,-,Lautaro Bustos,Talonario / Config. PC Talonarios
104587,08 Sep 2025 08:55 AM,E-Parts - Grupo Cervantes,Consulta sobre ticket #104582,-,llamada entrante de (2615664475),Cerrado,08 Sep 2025,Phone,Consulta,-,Karen Varon,Consulta por ticket
104588,08 Sep 2025 08:55 AM,EL CORRALON,Solicita contacto con Karen por ticket #104585,-,,Cerrado,08 Sep 2025,Phone,Consulta,-,Lautaro Bustos,Comunicarse con Soporte
104589,08 Sep 2025 08:56 AM,BOURLOT,Lentitud en todos los capas --,-,"Lentitud en todos los capas Duró aprox 10 min, cuando ingresamos a ver una PC hizo la factura rápido sin problemas, me comentó Jésica que desde desarrollo vieron que aprox a las 8.40 se corrió un proceso que hizo que ande lento todo, Juan Cruz averiguará que hicieron en ese horario",Cerrado,08 Sep 2025,Phone,Consulta,-,Macarena Analía Ramirez Barzola,Servidores
104590,08 Sep 2025 08:58 AM,FERRARO MATERIALES,Solicita poder llamar la nota de pedido btob desde la nota de pedido,-,Solicita poder llamar la nota de pedido btob desde la nota de pedido. dado que requiere modificar o las cantidades o agregar artículos. Se indica que puede realizarlo haciendo nota de pedido btob/fatura alternativa/ remito. Pero solicita se habilite la relacion de comprobantes se corroboro la configuración de stock y habilito la misma,Cerrado,08 Sep 2025,Chat,Consulta,-,Leila Bonacina,Stock
104591,08 Sep 2025 08:59 AM,TOYOTA DEL SUR,Chat sin respuesta,-,,Cerrado,08 Sep 2025,Chat,Consulta,-,Karen Varon,Sin respuesta
104592,08 Sep 2025 09:03 AM,ARCOIRIS PINTURERIA,Error al querer realizar ajuste de stock a través de Paljet Import,-,"Al realizar un ajuste de stock a través de una importación desde Paljet Import, si uno de los artículos que está dentro del archivo de Excel no tiene la cantidad suficiente en el depósito para hacer el ajuste (por ejemplo en el sistema indica que tiene 3 y ponen involuntariamente que tiene que ajustar en -4), en todos los ítems del archivo sale que el registro fue importado exitosamente cuando en realidad NO IMPORTO NINGUNO, dejando al usuario con la sensación de que la importación se hizo correctamente. Debería salir el mensaje de existencia insuficiente en el artículo que corresponda e importar los otros o bien no importar ninguno pero informar al usuario que no lo hizo. Este error está en la última versión 9.0.7.0. En Paljet Import ir al menú STOCK > seleccionar el archivo > en el siguiente paso elegir ""Ajuste de stock"" en el campo ""Tipo de importación"".",Open,-,Chat,Incidente,-,Jésica Leguiza,PalJet Import
104593,08 Sep 2025 09:12 AM,CALZADOS BETER,Comunicarse con Eliana por tema de la tienda BtoC,-,Comunicarse con Eliana por tema de la tienda BtoC,Cerrado,08 Sep 2025,Phone,Consulta,-,Macarena Analía Ramirez Barzola,Comunicarse con otra área
104594,08 Sep 2025 09:16 AM,LOGBELTS SRL,Consulta por importación de artículos y actualización de precios,-,"llamada entrante de (2302483175) Llaman Paula y Sebastian Indicamos que rubro queda vacío en artículos que ya existen con familias asignadas, se sobreescribe la información",Cerrado,-,Phone,Consulta,-,Agostina Lozano,ABM Artículos
104595,08 Sep 2025 09:18 AM,YAPUR,Modificar cambio de talonarios para Nota de Crédito A PV 34 usuario ASISTENTE,-,Modificar cambio de talonarios para Nota de Crédito A PV 34 usuario ASISTENTE,Cerrado,08 Sep 2025,Chat,Consulta,-,Micaela Gatti,Talonario / Config. PC Talonarios
104596,08 Sep 2025 09:32 AM,BIOMED,Solicitud de reporte de impresión hoja A4 Remitos,-,"Llama Bruno Solicitud de nuevo reporte de impresión hoja A4 Remitos, ya que dejarán de utilizar la impresora que requería preimpresos",Cerrado,18 Sep 2025,Phone,Requerimiento,-,Agostina Lozano,Reportes
104597,08 Sep 2025 09:39 AM,AMUCHASTEGUI,Consulta por avances de ticket #104298,-,Consulta por avances de ticket #104298,Cerrado,08 Sep 2025,Chat,Consulta,-,Micaela Gatti,Consulta por ticket
104598,08 Sep 2025 09:42 AM,Vergara Insumos para la Construcción,Solicita presupuesto para instalación de Web Service,-,,Cerrado,24 Sep 2025,Chat,Consulta,-,Alejandro Silva,BBJet Webservice
104599,08 Sep 2025 09:46 AM,FERRETEC,Consulta sobre realización de back up y exportación a otra pc,-,,Cerrado,08 Sep 2025,Chat,Infraestructura,-,Karen Varon,Backup
104600,08 Sep 2025 09:59 AM,Montajes y Construcciones Quequén,No puede entrar al sistema porque  no tiene la licencia activa,-,Se ingreso a la pc y corroboro la ip de la pc. Posteriormente desde el paljet se verifico que estaba tildada la pc Con el nombre JAVIER pero con otra ip.,Cerrado,08 Sep 2025,Chat,Consulta,-,Leila Bonacina,Instalación de Cliente
104601,08 Sep 2025 10:08 AM,YAPUR,Dudas sobre ticket #104595,-,"Dudas sobre ticket #104595 - El cliente despeja sus dudas, por lo cual no se genera tratamiento",Cerrado,08 Sep 2025,Chat,Consulta,-,Micaela Gatti,Otros temas
104602,08 Sep 2025 10:22 AM,CORSAN,Consulta sobre archivos de certificado y clave privada para solicitar cae,-,,Cerrado,08 Sep 2025,Chat,Consulta,-,Karen Varon,Factura electrónica
104603,08 Sep 2025 10:25 AM,COMACO,Remito por devolución de mercadería sume comprometido y comprobante con vale,-,,Cerrado,08 Sep 2025,Chat,Consulta,-,Micaela Gatti,CPR Ventas
104604,08 Sep 2025 10:26 AM,E- Parts Franquicia Chajarí,"Como se registran los impuestos iva, autonomo",-,Se le indica que es por el modulo de liquidaciones que se le compartirá los instructivos para poder realizarlo. Pero se desconecto,Cerrado,08 Sep 2025,Chat,Consulta,-,Leila Bonacina,Liquidaciones
104605,08 Sep 2025 10:28 AM,BIOMED,Comentarios para ticket #104596 - Aprobar presupuesto,-,,Cerrado,08 Sep 2025,Phone,Consulta,-,Micaela Gatti,Consulta por ticket
104606,08 Sep 2025 10:30 AM,EL SURCO,Consulta por anulación de factura emitida en esquema incorrecto,-,Consulta por anulación de factura emitida en esquema incorrecto,Cerrado,08 Sep 2025,Phone,Consulta,-,Lautaro Bustos,CPR Ventas
104607,08 Sep 2025 11:00 AM,CORSAN,Continuidad ticket #104602,-,,Cerrado,08 Sep 2025,Chat,Consulta,-,Karen Varon,Ticket Duplicado
104608,08 Sep 2025 11:02 AM,PROSERMET,Relevamiento de necesidades,-,"Luego de llamada de Javier con Agustina, se procede al tratamiento de temas específicos",Espera del Cliente,-,Chat,Consulta,-,Jésica Leguiza,Otros temas
104609,08 Sep 2025 11:13 AM,BDL,Eliminación de comprobante en -1 con movimiento de caja asociado,-,llamada entrante de (3436213862) Llama Juan Pablo Indicamos pasos para poder eliminar movimiento de cuenta asociado a comprobante con numeración en -1 para poder eliminarlo también,Cerrado,-,Phone,Consulta,-,Agostina Lozano,Caja
104610,08 Sep 2025 11:16 AM,PROSERMET,Solicita contacto con Agustina por ticket #103281,-,Solicita contacto con Agustina por ticket #103281,Cerrado,08 Sep 2025,Phone,Consulta,-,Macarena Analía Ramirez Barzola,Comunicarse con otra área
104611,08 Sep 2025 11:16 AM,BDL,"""List index out of bounds (-1)"" al finalizar liquidación de tarjeta",-,"""List index out of bounds (-1)"" al finalizar liquidación de tarjeta",Cerrado,08 Sep 2025,Email,Consulta,-,Macarena Analía Ramirez Barzola,Tarjeta
104612,08 Sep 2025 11:21 AM,FERRETERÍA ARGENTINA MADRYN,Error de midas al iniciar paljet,-,se remplazo el archivo en la pc quedando solucionado el error.,Cerrado,08 Sep 2025,Chat,Consulta,-,Leila Bonacina,Instalación de Cliente
104613,08 Sep 2025 11:25 AM,AB CONSTRUCCIONES,Consulta por coordinación de tarea de ticket #103928,-,llamada entrante de (3884802949) Llama Kemel Dejamos mensaje en ticket mencionado,Cerrado,08 Sep 2025,Phone,Consulta,-,Agostina Lozano,Consulta por ticket
104614,08 Sep 2025 11:28 AM,LOGBELTS SRL,Solicita apoyo para instalar Import y consultas sobre plantilla de importación de artículos,-,Solicita apoyo para instalar Import y consultas sobre plantilla de importación de artículos,Cerrado,08 Sep 2025,Chat,Consulta,-,Lautaro Bustos,ABM Artículos
104615,08 Sep 2025 11:30 AM,TECNO HIDRÁULICA,Instalación de sistema en Pc Cliente,-,llamada entrante de (3884781196) Llama Gabriela,Cerrado,08 Sep 2025,Phone,Consulta,-,Agostina Lozano,Instalación de Cliente
104616,08 Sep 2025 11:32 AM,TECNO HIDRÁULICA,Solicita contacto con Agostina por ticket #104615,-,,Cerrado,08 Sep 2025,Phone,Consulta,-,Lautaro Bustos,Comunicarse con Soporte
104617,08 Sep 2025 11:52 AM,RTI / PBS - NICARAGUA,Artículo con existencias en un depósito cuando la serie se encuentra en otro,-,Artículo con existencias en un depósito cuando la serie se encuentra en otro,Cerrado,26 Sep 2025,Chat,Consulta,-,Micaela Gatti,Stock
104618,08 Sep 2025 11:52 AM,VERGARA,Solicita eliminar movimientos financieros,-,"Solicita eliminar movimientos financieros, se solicita acceso al servidor pero se desconecta la comunicación.",Cerrado,08 Sep 2025,Chat,Consulta,-,Leila Bonacina,Eliminación de CPR
104619,08 Sep 2025 11:58 AM,COMSA,"Tildar ""publica web"" de forma masiva",-,,Cerrado,08 Sep 2025,Chat,Consulta,-,Karen Varon,ABM Artículos
104620,08 Sep 2025 11:58 AM,ARCOIRIS PINTURERIA,ARCHIVO SALDO INICIALES,-,,Cerrado,08 Sep 2025,Email,Consulta,-,Juan Acosta,Ticket Duplicado
104621,08 Sep 2025 12:00 PM,ARCOIRIS PINTURERIA,Saldos iniciales cuenta corriente,-,,Cerrado,09 Sep 2025,Email,Consulta,-,Juan Acosta,CPR Ventas
104622,08 Sep 2025 12:02 PM,BACI,Solicita contacto con Macarena M por ticket #101923,-,,Cerrado,08 Sep 2025,Phone,Consulta,-,Lautaro Bustos,Comunicarse con Soporte
104623,08 Sep 2025 12:04 PM,RTI / PBS - NICARAGUA,PRODUCTO NO DISPONIBLE PARA ALQUILER,-,Se consulto cual era el inconveniente pero no se obtuvo respuesta.,Cerrado,08 Sep 2025,Chat,Consulta,-,Leila Bonacina,Alquileres
104624,08 Sep 2025 12:09 PM,ARCOIRIS PINTURERIA,Facturación de tintas - colores bases,-,,Cerrado,08 Sep 2025,Email,Consulta,-,Juan Acosta,CPR Ventas
104625,08 Sep 2025 12:20 PM,FERROMUNDO,Reportan lentitud del sistema para realizar distintos procedimientos --,-,Reportan lentitud del sistema para realizar distintos procedimientos,Cerrado,18 Sep 2025,Phone,Consulta,-,Macarena Monetta,Servidores
104626,08 Sep 2025 12:23 PM,Samaco,"Advertencia ""se esta por cambiar el proveedor del comprobante"" al realizar remito a partir de OC",-,,Cerrado,12 Sep 2025,Email,Consulta,-,Karen Varon,CPR Compras
104627,08 Sep 2025 12:24 PM,COMSA,"Error ""si el artículo administra existencias debe indicar una fórmula para el cálculo de la disponibilidad""",-,,Cerrado,08 Sep 2025,Chat,Consulta,-,Karen Varon,ABM Artículos
104628,08 Sep 2025 12:27 PM,Credimisión,Consulta por comprobante que genera comprometido,-,Consulta por comprobante que genera comprometido,Cerrado,08 Sep 2025,Chat,Consulta,-,Micaela Gatti,Stock
104629,08 Sep 2025 12:28 PM,LOGBELTS SRL,"Error al importar artículos ""Could not convert variant of type (String) into type (Double)""",-,llamada entrante de (2302483175) Llama Paula,Cerrado,08 Sep 2025,Phone,Consulta,-,Agostina Lozano,PalJet Import
104630,08 Sep 2025 12:45 PM,ARCOIRIS PINTURERIA,Carga de equivalencias de artículos,-,,Cerrado,08 Sep 2025,Email,Consulta,-,Juan Acosta,ABM Artículos
104631,08 Sep 2025 12:49 PM,KALYDON TOOLS,visualizar los depósitos bancarios desde cuentas>banco>consulta de valores,-,,Cerrado,08 Sep 2025,Phone,Consulta,-,Joaquina Villanueva,Cuentas
104632,08 Sep 2025 01:04 PM,LA Distribuciones,Comenta que no pasan comprobantes  de No venta de un vendedor- Error de linea  0 en pedidos de  otros puntos  de  venta,-,Comenta que no pasan comprobantes de No venta de un vendedor- Error de linea 0 en pedidos de otros puntos de venta,Cerrado,08 Sep 2025,Phone,Consulta,-,Macarena Monetta,BBJet Mobile
104633,08 Sep 2025 01:04 PM,LOGBELTS SRL,comunicarse con Agostina,-,,Cerrado,08 Sep 2025,Phone,Consulta,-,Joaquina Villanueva,Comunicarse con Soporte
104634,08 Sep 2025 01:22 PM,CASTRO,Consulta por ticket #104375,-,Consulta por ticket #104375,Cerrado,08 Sep 2025,Phone,Consulta,-,Macarena Monetta,Consulta por ticket
104635,08 Sep 2025 01:30 PM,Montajes y Construcciones Quequén,Error en ingreso al sistema desde 1 PC por licencia inválida,-,Error en ingreso al sistema desde 1 PC por licencia inválida,Cerrado,08 Sep 2025,Chat,Consulta,-,Macarena Analía Ramirez Barzola,Sistema
104636,08 Sep 2025 01:44 PM,LA Distribuciones,Actualización de Mobile + paljet por error de versión de ticket #104632,-,Actualización de Mobile + paljet por error de versión de ticket #104632,Cerrado,16 Sep 2025,Chat,Actualización,-,Agustina Acosta,BBJet Mobile
104637,08 Sep 2025 01:50 PM,Freezar Congelados,Actualización de Mobile  + Paljet por error de versión- En el cálculo del impuesto.  El total de la linea 0 no se corresponde con el monto del comprobante,-,,Cerrado,22 Sep 2025,Chat,Actualización,-,Agustina Acosta,BBJet Mobile
104638,08 Sep 2025 01:54 PM,EL EMPORIO DEL SOLDADOR,Error begin expected posicion,-,"Error begin expected posicion, el script presentaba un error en la linea 1",Cerrado,08 Sep 2025,Chat,Consulta,-,Leila Bonacina,Script
104639,08 Sep 2025 02:03 PM,INTEQ,Dudas sobre ticket de capacitación - Ticket #101926,-,Dudas sobre ticket de capacitación - Ticket #101926 - Se transfiere con Agostina,Cerrado,08 Sep 2025,Phone,Consulta,-,Micaela Gatti,Capacitación
104640,08 Sep 2025 02:18 PM,GARAY,Asistencia para generar devolución de anticipo,-,Asistencia para generar devolución de anticipo,Cerrado,08 Sep 2025,Phone,Consulta,-,Micaela Gatti,CPR Ventas
104641,08 Sep 2025 02:46 PM,ANPAU,Dudas limitar descuentos por usuarios,-,,Cerrado,08 Sep 2025,Phone,Consulta,-,Micaela Gatti,Script
104642,08 Sep 2025 02:47 PM,LOGBELTS SRL,Solicita comunicación con Agostina por tema en tratamiento #104629,-,Solicita comunicación con Agostina por tema en tratamiento #104629,Cerrado,08 Sep 2025,Phone,Consulta,-,Macarena Monetta,Comunicarse con Soporte
104643,08 Sep 2025 02:50 PM,CALZADOS BETER,Ver depósitos configurados en BtoC,-,Ver depósitos configurados en BtoC,Cerrado,08 Sep 2025,Chat,Consulta,-,Macarena Analía Ramirez Barzola,Tienda BtoC
104644,08 Sep 2025 02:50 PM,Freezar Congelados,Podrian reprocesar el sigueinte pedido de mobile,-,Podrían reprocesar el siguiente pedido de mobile,Cerrado,08 Sep 2025,Chat,Consulta,-,Leila Bonacina,BBJet Mobile
104645,08 Sep 2025 02:54 PM,FERRARO MATERIALES,Stock en BtoB (signo de pregunta),-,Stock en BtoB (signo de pregunta),Cerrado,08 Sep 2025,Chat,Consulta,-,Macarena Analía Ramirez Barzola,BBJet BtoB
104646,08 Sep 2025 03:44 PM,Marquiz,Comprobante pago factura mensual,-,,Cerrado,08 Sep 2025,Email,Consulta,-,Karen Varon,Administración
104647,08 Sep 2025 03:52 PM,LA CLARITA,Error datos duplicados en tienda BtoC,-,,En Analisis,01 Oct 2025,Email,Incidente,-,Jésica Leguiza,Tienda BtoC
104648,08 Sep 2025 03:53 PM,ARENAS DEL PARANA SRL,Solicita comunicación con Juan pablo por tema en tratamiento,-,Solicita comunicación con Juan pablo por tema en tratamiento,Cerrado,08 Sep 2025,Phone,Consulta,-,Macarena Monetta,Comunicarse con otra área
104649,08 Sep 2025 03:54 PM,LOGBELTS SRL,Consulta por error al importar artículos,-,Paula consulta por error al importar artículos: se debe a que los 13 registros no contenían descripción. llamada entrante de (2302483175),Cerrado,08 Sep 2025,Phone,Consulta,-,Elizabeth Alvarez,PalJet Import
104650,08 Sep 2025 03:55 PM,CALZADOS BETER,Circuito anticipos y saldo de caja,-,,Cerrado,09 Sep 2025,Chat,Consulta,-,Elizabeth Alvarez,CPR Ventas
104651,08 Sep 2025 04:26 PM,Gromax,Consulta como solucionar error en cicuito realizado de ventas,-,Consulta como solucionar error en cicuito realizado de ventas,Cerrado,08 Sep 2025,Phone,Consulta,-,Macarena Monetta,CPR Ventas
104652,08 Sep 2025 04:37 PM,EL SURCO,Comenta que la pc no solicita cae automaticamente- Se le indicaron los pasos para registrar la pc y tildar que fiscalice cpr online,-,Comenta que la pc no solicita cae automaticamente- Se le indicaron los pasos para registrar la pc y tildar que fiscalice cpr online,Cerrado,08 Sep 2025,Phone,Consulta,-,Macarena Monetta,Factura electrónica
104653,08 Sep 2025 04:51 PM,Bulonera Patagónica,Solicita detalle facturación de Administración,-,Berna solicita detalle facturación de Administración. llamada entrante de (2984425370),Cerrado,09 Sep 2025,Phone,Consulta,-,Elizabeth Alvarez,Administración
104654,08 Sep 2025 04:53 PM,CORSAN,Consulta como visualizar y limpiar licencias no activas,-,,Cerrado,08 Sep 2025,Chat,Consulta,-,Macarena Monetta,Licencia / Modulo
104655,08 Sep 2025 04:55 PM,LOGBELTS SRL,Solicita pasos para Eliminar un comprobante financiero de extracción de caja con valor efectivo,-,Solicita pasos para Eliminar un comprobante financiero de extracción de caja con valor efectivo,Cerrado,08 Sep 2025,Phone,Consulta,-,Macarena Monetta,Caja
104656,08 Sep 2025 05:03 PM,MGL Complementos,permisos de esquemas a usuarios,-,,Cerrado,08 Sep 2025,Chat,Consulta,-,Joaquina Villanueva,Sistema
104657,08 Sep 2025 05:14 PM,EL ARTESANO,Corrección reportes  para campos de dto/rgo,-,,Cerrado,09 Sep 2025,Chat,Consulta,-,Elizabeth Alvarez,Reportes
104658,08 Sep 2025 05:47 PM,CALZADOS BETER,Comentan que algunas sucursales no pueden cobrar a cuenta y que cuando en creditos se coloca la cuenta queda cargando,-,Comentan que algunas sucursales no pueden cobrar a cuenta y que cuando en creditos se coloca la cuenta queda cargando,Cerrado,08 Sep 2025,Phone,Consulta,-,Macarena Monetta,Créditos
104659,08 Sep 2025 05:47 PM,Ferretería Comercial Colón,Error al solicitar cae- El cuit receptor era Monotributista y la factura era B,-,,Cerrado,08 Sep 2025,Chat,Consulta,-,Macarena Monetta,Factura electrónica
104660,08 Sep 2025 05:48 PM,EL REY DEL CABLE,Modificación de reporte empresa Electromac,-,,Espera del Cliente,11 Sep 2025,Chat,Consulta,-,Joaquina Villanueva,Reportes
104661,08 Sep 2025 06:11 PM,MH HIERROS,Consultas por conexión remota,-,Pablo consulta por conexión remota: dejaron la IP fija en el servidor pero no podían abrir el puerto 3011 por lo que iban a seguir intentando con su técnico y cualquier cosa vuelve a contactarse. llamada entrante de (0000),Cerrado,-,Phone,Consulta,-,Elizabeth Alvarez,Conexión
104662,08 Sep 2025 06:17 PM,RTI / PBS - NICARAGUA,CAMBIO DE ESTADO DE ARTICULO,-,,Cerrado,08 Sep 2025,Chat,Consulta,-,Joaquina Villanueva,Inventario
104663,08 Sep 2025 06:22 PM,Piragini Motorepuestos,Solicita agregar campo de telefono de cliente y agrandar el campo de codigo de articulo para los remitos,-,Solicita agregar campo de telefono de cliente y agrandar el campo de codigo de articulo para los remitos,Cerrado,08 Sep 2025,Phone,Consulta,-,Macarena Monetta,Reportes
104664,08 Sep 2025 06:29 PM,CASTRO,Consulta por presupuesto de ticket #104375,-,Marcos consulta por presupuesto de ticket #104375 y lo aprueba mediante llamado llamada entrante de (3888409709),Cerrado,08 Sep 2025,Phone,Consulta,-,Elizabeth Alvarez,Consulta por ticket
104665,08 Sep 2025 06:36 PM,MGL Complementos,cambio de talonario y punto de venta,-,,Cerrado,08 Sep 2025,Chat,Consulta,-,Joaquina Villanueva,Talonario / Config. PC Talonarios
104666,08 Sep 2025 06:49 PM,YAPUR,Actualizar porcentaje de presupuestos,-,,Cerrado,13 Sep 2025,Email,Consulta,-,Elizabeth Alvarez,Reportes
104667,08 Sep 2025 06:52 PM,VERGARA,Chat sin respuesta del cliente,-,,Cerrado,08 Sep 2025,Chat,Consulta,-,Macarena Monetta,Sin respuesta
104668,08 Sep 2025 07:10 PM,AMPERBAT,Comenta que no se puede conectar de manera remota- Cambio la ip y el puerto se encuentra cerrado,-,Comenta que no se puede conectar de manera remota- Cambio la ip y el puerto se encuentra cerrado,Cerrado,08 Sep 2025,Phone,Consulta,-,Macarena Monetta,Conexión PC/Infraestructura
104669,08 Sep 2025 07:42 PM,DISTRIBUIDORA TOMASETTI,Error al dar de alta nuevo artículo por código automático,-,,Cerrado,08 Sep 2025,Phone,Consulta,-,Elizabeth Alvarez,ABM Artículos
104670,09 Sep 2025 07:47 AM,FERRARO MATERIALES,Chat fuera de hora,-,,Cerrado,09 Sep 2025,Chat,Consulta,-,Lautaro Bustos,Ticket Duplicado
104671,09 Sep 2025 08:03 AM,FERRARO MATERIALES,Solicita modificación visualización de BtoB sobre stock de artículos,-,,Cerrado,09 Sep 2025,Chat,Consulta,-,Elizabeth Alvarez,BBJet BtoB
104672,09 Sep 2025 08:07 AM,MARCHAL,Consulta pasos para asociar imagen a artículo,-,,Cerrado,09 Sep 2025,Chat,Consulta,-,Macarena Monetta,ABM Artículos
104673,09 Sep 2025 08:08 AM,RTI / PBS - NICARAGUA,Acceso a información que brinda el web service,-,"---- en Sáb, 06 Sep 2025 17:24:16 -0300 ""Marco.moreno""<marco.moreno@rtinic.com> escribió ---- Buenas tardes, German. Nos pueden apoyar con los accesos a la información de los diferentes módulos de paljet vía api ya que al momento solo hay acceso a clientes, al tratar de consultar datos de contratos o comprobantes se presentan restricciones de autenticación. Favor coordinar con @Franco D'alessio los detalles. En caso de requerir alguna configuración de nuestro lado quedo a disposición. Se agradece el apoyo de ante mano. Éxito en sus labores. Saludos cordiales.",En Tratamiento,26 Sep 2025,Chat,Consulta,-,Germán Dachary,BBJet Webservice
104674,09 Sep 2025 08:11 AM,METALÚRGICA PASGAL,Inconvenientes de facturación en pcs asignadas,-,,Cerrado,09 Sep 2025,Phone,Consulta,-,Lautaro Bustos,Factura electrónica
104675,09 Sep 2025 08:12 AM,COMSA,toma de stock y comprobante de existencia,-,,Cerrado,09 Sep 2025,Chat,Consulta,-,Joaquina Villanueva,Inventario
104676,09 Sep 2025 08:20 AM,ANGEL GOMEZ,Eliminar movimiento entre cuentas,-,Eliminar movimiento entre cuentas Ayudamos con pasos para hacerlo con su usuario,Cerrado,09 Sep 2025,Phone,Consulta,-,Macarena Analía Ramirez Barzola,Caja
104677,09 Sep 2025 08:40 AM,LOGBELTS SRL,Error en ingreso en BtoB,-,Error en ingreso en BtoB,Cerrado,09 Sep 2025,Phone,Consulta,-,Macarena Analía Ramirez Barzola,BBJet BtoB
104678,09 Sep 2025 08:42 AM,ROSTOCK,Fallido inicio de sesion,-,"Buenos dias, cómo les va? Mi nombre es Ezequiel me comunico del equipo de Rostock Autopartes. Les escribo porque no logro iniciar sesion, me dice ""Error de inicialización del sistema"" ""Su licencia no es valida"" y tenemos una cuenta con licencia activa. Espero una pronta resolución, muchas gracias!",Cerrado,09 Sep 2025,Web,Consulta,-,Elizabeth Alvarez,Conexión
104679,09 Sep 2025 08:43 AM,LA BIANCA,Inconveniente al facturar artículo ,-,llamada entrante de (3434616719),Cerrado,09 Sep 2025,Phone,Consulta,-,Elizabeth Alvarez,Otros temas
104680,09 Sep 2025 08:43 AM,ROSTOCK,Inconveniente de inicio del sistema en una PC,-,,Cerrado,09 Sep 2025,Chat,Consulta,-,Elizabeth Alvarez,Conexión
104681,09 Sep 2025 08:50 AM,ANDERSEN MATERIALES,Inconvenientes al solicitar CAE de diferentes NC,-,,Cerrado,09 Sep 2025,Phone,Consulta,-,Lautaro Bustos,Factura electrónica
104682,09 Sep 2025 08:55 AM,METALÚRGICA PASGAL,Solicita contacto con Lautaro,-,Solicita contacto con Lautaro,Cerrado,09 Sep 2025,Phone,Consulta,-,Macarena Analía Ramirez Barzola,Comunicarse con Soporte
104683,09 Sep 2025 09:00 AM,ZC HERRAMENTAL,Solicita pasos para mantener precios de origen desde NP de ml a Factura estandar,-,,Cerrado,09 Sep 2025,Chat,Consulta,-,Macarena Monetta,Sistema
104684,09 Sep 2025 09:03 AM,Autopiezas SRL,Inconvenientes al ingresar al sistema: Licencia errónea,-,,Cerrado,09 Sep 2025,Phone,Consulta,-,Lautaro Bustos,Licencia / Modulo
104685,09 Sep 2025 09:03 AM,HIPERPLACA,herramienta para cuenta correntista,-,,Cerrado,09 Sep 2025,Chat,Consulta,-,Joaquina Villanueva,Consultas y Herramientas
104686,09 Sep 2025 09:28 AM,ANGEL GOMEZ,Solicita ayuda para hacer un canje de valores por ingreso mal cargado,-,Solicita ayuda para hacer un canje de valores por ingreso mal cargado,Cerrado,09 Sep 2025,Phone,Consulta,-,Macarena Monetta,Caja
104687,09 Sep 2025 09:33 AM,MERCONOR,Consulta por avances del ticket #101469 y #104538,-,,Cerrado,09 Sep 2025,Phone,Consulta,-,Elizabeth Alvarez,Consulta por ticket
104688,09 Sep 2025 09:42 AM,ANGEL GOMEZ,Diferencia en movimiento entre cuentas con parte de caja,-,Diferencia en movimiento entre cuentas con parte de caja,Cerrado,09 Sep 2025,Phone,Consulta,-,Macarena Analía Ramirez Barzola,Caja
104689,09 Sep 2025 09:45 AM,MGL Complementos,Inconveniente al solicitar CAE por falta de compilado para factura electrónica,-,,Cerrado,09 Sep 2025,Chat,Consulta,-,Elizabeth Alvarez,Factura electrónica
104690,09 Sep 2025 09:53 AM,ARCOIRIS PINTURERIA,Poder configurar circuito de remito - factura que no actualice precio,-,,Cerrado,09 Sep 2025,Email,Consulta,-,Juan Acosta,CPR Ventas
104691,09 Sep 2025 09:53 AM,REFRIGERACION MR,Consulta por configuraciones luego de cambio de proveedor de internet/IP,-,,Cerrado,09 Sep 2025,Phone,Consulta,-,Lautaro Bustos,Servidores
104692,09 Sep 2025 09:56 AM,RIGELEC,Cambio de direccion web en comprobante de venta,-,"Buen día Se podría modificar la dirección que aparece en los comprobantes por linea 2? En lugar de decir serrigelec.com.ar, que diga www.ser.com.ar El reporte es FA_NC_ND COMANDERA, ID99 Saludos",Cerrado,09 Sep 2025,Web,Consulta,-,Elizabeth Alvarez,Reportes
104693,09 Sep 2025 09:57 AM,HIPERPLACA,envio de mail en otras pcs,-,,Cerrado,09 Sep 2025,Chat,Consulta,-,Joaquina Villanueva,E-mail
104694,09 Sep 2025 09:58 AM,COMSA,toma de stock y comprobante de existencia,-,,En Tratamiento,-,Chat,Consulta,-,Joaquina Villanueva,Ticket Duplicado
104695,09 Sep 2025 09:58 AM,FERRETERIA 24,Modificar reporte de presupuesto para que no discrimine IVA a clientes Exentos,-,,Cerrado,09 Sep 2025,Phone,Mejora,-,Micaela Gatti,Reportes
104696,09 Sep 2025 09:59 AM,TOYOTA DEL SUR,Consulta pasos para dar de alta talonario y asociarlos a los usuarios,-,,Cerrado,09 Sep 2025,Chat,Consulta,-,Macarena Monetta,Talonario / Config. PC Talonarios
104697,09 Sep 2025 10:03 AM,Ferretería Comercial Colón,Capacitaciones en contabilidad,-,Capacitaciones en el módulo de contabilidad.,En Curso,-,Chat,Capacitación,-,Juan Acosta,Contabilidad
104698,09 Sep 2025 10:04 AM,BOGGIO REPUESTOS,Saldos de clientes,-,,Cerrado,10 Sep 2025,Chat,Consulta,-,Elizabeth Alvarez,ABM Clientes
104699,09 Sep 2025 10:06 AM,EL EMPORIO DEL SOLDADOR,Solicita modificación de días en control de facturas con saldo y otras consultas referidas al control,-,,Cerrado,09 Sep 2025,Chat,Consulta,-,Macarena Monetta,Script
104700,09 Sep 2025 10:08 AM,ALMADA,Capacitaciones en contabilidad,-,Capacitaciones en contabilidad.,Planificado,-,Chat,Capacitación,-,Juan Acosta,Contabilidad
104701,09 Sep 2025 10:12 AM,FUGAS,Capacitaciones en contabilidad,-,Capacitaciones en contabilidad.,En Curso,-,Chat,Capacitación,-,Juan Acosta,Contabilidad
104702,09 Sep 2025 10:23 AM,LOGBELTS SRL,Inconvenientes para acceder a productos BBJet,-,,Cerrado,09 Sep 2025,Phone,Consulta,-,Lautaro Bustos,Servidores
104703,09 Sep 2025 10:23 AM,Montajes y Construcciones Quequén,Capacitaciones en liquidaciones,-,Capacitación en liquidaciones.,Cerrado,11 Sep 2025,Chat,Capacitación,-,Juan Acosta,Liquidaciones
104704,09 Sep 2025 10:38 AM,AMPERBAT,Inconvenientes al solicitar CAE por falta de certificado en ruta,-,"Inconvenientes al solicitar CAE por falta de certificado en ruta. Se contacta Marcela, le indicamos que requerimos acceso a una computadora que tenga el archivo para extraerlo",Cerrado,09 Sep 2025,Phone,Consulta,-,Micaela Gatti,Factura electrónica
104705,09 Sep 2025 10:41 AM,ROSTOCK,Inconveniente de acceso al sistema,-,,Cerrado,09 Sep 2025,Chat,Consulta,-,Elizabeth Alvarez,Conexión
104706,09 Sep 2025 11:03 AM,SURCAN,Consulta por estado de ticket #96906,-,Consulta por estado de ticket #96906,Cerrado,09 Sep 2025,Phone,Consulta,-,Macarena Analía Ramirez Barzola,Consulta por ticket
104707,09 Sep 2025 11:04 AM,EL ARTESANO,Depósito para actualizar existencias al generar Nota de Crédito a partir de Remito,-,,Cerrado,09 Sep 2025,Phone,Consulta,-,Micaela Gatti,Stock
104708,09 Sep 2025 11:12 AM,Direfil,Consulta por modificación de moneda del artículo,-,,Cerrado,09 Sep 2025,Chat,Consulta,-,Elizabeth Alvarez,ABM Artículos
104709,09 Sep 2025 11:14 AM,ROSTOCK,"Error al querer emitir recibo- La fecha del cpr es invalida, al colocar esa fecha se perderá la consecutividad del comprobante",-,,Cerrado,09 Sep 2025,Chat,Consulta,-,Macarena Monetta,CPR Ventas
104710,09 Sep 2025 11:19 AM,Montajes y Construcciones Quequén,Inconveniente al solicitar CAE por error de Token,-,,Cerrado,09 Sep 2025,Chat,Consulta,-,Elizabeth Alvarez,Factura electrónica
104711,09 Sep 2025 11:22 AM,Piragini Motorepuestos,Colocar datos del cliente en reporte factura,-,,Cerrado,09 Sep 2025,Phone,Consulta,-,Elizabeth Alvarez,Reportes
104712,09 Sep 2025 11:23 AM,SIA,Solicita pasos para dar de alta conceptos para NC financiera,-,,Cerrado,09 Sep 2025,Chat,Consulta,-,Macarena Monetta,CPR Ventas
104713,09 Sep 2025 11:31 AM,Total Caño,"Error al cargar orden de pago ""no se puede superar las 20 líneas""",-,"Error al cargar orden de pago ""no se puede superar las 20 líneas"" En esa OC marcan como 70 facturas, por lo tanto desde el talonario de la OC en la parte de ""renglones"" colocamos 80 para que puedan generar esa CO",Cerrado,09 Sep 2025,Phone,Consulta,-,Macarena Analía Ramirez Barzola,CPR Compras
104714,09 Sep 2025 11:33 AM,MAYOR,Corrección de fechas de liquidaciones,-,Corrección de fechas de liquidaciones,Cerrado,16 Sep 2025,Email,Mejora,-,Macarena Analía Ramirez Barzola,Liquidaciones
104715,09 Sep 2025 11:40 AM,CABODEVILA REPUESTOS,eliminar nota de credito que tenia un vale usado en otra factura que ya habia solicitado cae,-,,Cerrado,09 Sep 2025,Chat,Consulta,-,Joaquina Villanueva,CPR Ventas
104716,09 Sep 2025 11:42 AM,ROSTOCK,Solicita pasos para Instalar Paljet en una nueva pc,-,,Cerrado,09 Sep 2025,Chat,Consulta,-,Macarena Monetta,Conexión PC/Infraestructura
104717,09 Sep 2025 11:42 AM,FERRARO MATERIALES,Consulta por ticket #103700,-,,Cerrado,09 Sep 2025,Chat,Consulta,-,Elizabeth Alvarez,Consulta por ticket
104718,09 Sep 2025 11:43 AM,LA Distribuciones,Contacto por llamada perdida - Se transfiere a Agustina - se generó en ticket #104636,-,Contacto por llamada perdida - Se transfiere a Agustina - se generó en ticket #104636,Cerrado,09 Sep 2025,Phone,Consulta,-,Micaela Gatti,Comunicarse con otra área
104719,09 Sep 2025 11:45 AM,LEOFILM,Visualización artículo nuevo en la tienda,-,,Cerrado,09 Sep 2025,Chat,Consulta,-,Elizabeth Alvarez,Tienda BtoC
104720,09 Sep 2025 11:53 AM,EL EMPORIO DEL SOLDADOR,Solicita pasos para modificar clave de usuario,-,,Cerrado,09 Sep 2025,Chat,Consulta,-,Macarena Monetta,Configuración de usuarios
104721,09 Sep 2025 11:54 AM,ROUTER,Solicita habilitar licencia Network,-,,Cerrado,09 Sep 2025,Phone,Consulta,-,Lautaro Bustos,Licencia / Modulo
104723,09 Sep 2025 12:04 PM,CALZADOS BETER,Entrega de ticket,-,,Cerrado,09 Sep 2025,Chat,Consulta,-,Jésica Leguiza,Otros temas
104725,09 Sep 2025 12:22 PM,MARTINEZ ESCALADA,Error el usuario no tiene permiso para usar esta cuenta en la pc,-,Se le indico que debe ir a sistema>pc en la pestaña 3.config pc-Cuentas. icono de herramientas -agregar cuenta.,Cerrado,09 Sep 2025,Chat,Consulta,-,Leila Bonacina,Sistema
104726,09 Sep 2025 12:22 PM,GARAY,"Error ""no posee existencias suficientes en el deposito mercado libre"" al pasar pedido",-,llamada entrante de (3435322297),Cerrado,09 Sep 2025,Phone,Consulta,-,Karen Varon,BBJet ML
104729,09 Sep 2025 01:19 PM,FERRETEC,Habilitar y Facturar Licencias,-,"Habilitar y facturar Licencia Seleccioná el producto para el cual deseás solicitar licencias. : PalJet ERP Cantidad de licencias : 1 Razón Social : David Botas CUIT : 20353186877 Correo electrónico : ferretecsanjuan@gmail.com Nombre : David, Botas Correo electrónico : ferretecsanjuan@gmail.com Teléfono : +5492645326503 Declaro estar autorizado/a por la empresa para solicitar estas licencias. : true Términos y condiciones : De acuerdo",Cerrado,12 Sep 2025,Chat,PalJet ERP,-,Leila Bonacina,PalJet ERP
104730,09 Sep 2025 01:20 PM,DISTRIBUIDORA PARA MASCOTAS,Inconveniente al emitir NC sin percepciones,-,,Cerrado,09 Sep 2025,Chat,Consulta,-,Elizabeth Alvarez,CPR Ventas
104731,09 Sep 2025 01:20 PM,LOGBELTS SRL,Solicita ayuda para cargar moneda y configurar cotización,-,,Cerrado,09 Sep 2025,Phone,Consulta,-,Lautaro Bustos,Multimoneda
104732,09 Sep 2025 01:25 PM,Montajes y Construcciones Quequén,Solicita que se pueda enviar Ordenes de Servicio por mail e imprimir multiples ordenes de servicio al momento,-,,En Analisis,-,Chat,Mejora,-,Jésica Leguiza,Orden de Servicio
104733,09 Sep 2025 01:37 PM,HIPERPLACA,envio de mails comprobantes ventas,-,,Cerrado,10 Sep 2025,Chat,Consulta,-,Joaquina Villanueva,E-mail
104734,09 Sep 2025 01:42 PM,SIA,Diferencias entre el saldo de la cuenta y el mayor contable,-,Diferencias entre el saldo de la cuenta y el mayor contable,En Tratamiento,15 Sep 2025,Chat,Consulta,-,Leila Bonacina,Contabilidad
104735,09 Sep 2025 01:44 PM,AGUA NUESTRA,Consulta por el avance de los ticket #104343/#104240,-,Consulta por el avance de los ticket #104343/#104240,Cerrado,09 Sep 2025,Chat,Consulta,-,Leila Bonacina,Consulta por ticket
104736,09 Sep 2025 01:49 PM,MARTINEZ ESCALADA,Error la entidad no posee cuenta contable asignada/could not convert variant of type (null) into type (string),-,"Error la entidad no posee cuenta contable asignada, en este caso se correspondía al impuesto de IIBB por lo que se le indico que desde herramientas>impuestos podía asignarle la cuenta contable. Posteriormente salió el error could not convert variant of type (null) into type (string) se le indico que corroborara los datos del proveedor si poseía cuenta contable, y plan de cuenta.",Cerrado,09 Sep 2025,Chat,Consulta,-,Leila Bonacina,Contabilidad
104737,09 Sep 2025 01:58 PM,Smack,Factura de crédito electrónica (FCE)  error cbu,-,,Cerrado,09 Sep 2025,Chat,Consulta,-,Joaquina Villanueva,Factura electrónica
104738,09 Sep 2025 02:39 PM,AGUA NUESTRA,Consulta si es posible filtrar los remitos que fueron formados.,-,"Consulta si es posible filtrar los remitos que fueron formados, dado que actualmente deben abrir de a un comprobante para corroborar.",En Analisis,-,Chat,Requerimiento,-,Jésica Leguiza,BBJet Mobile
104739,09 Sep 2025 02:49 PM,SUMIAGRO,"error de cae, faltaba la configuracion regional",-,,Cerrado,09 Sep 2025,Chat,Consulta,-,Joaquina Villanueva,Factura electrónica
104740,09 Sep 2025 03:11 PM,ROSTOCK,Error al ingresar al sistema Paljet ERP,-,"Indica que cierra el sistema cuando ponen usuario y contraseña, al querer entrar a la pc no podemos por error de conexión, al relevar indican que están con inestabilidad en internet, comentamos que eso puede afectar el funcionamiento del sistema",Cerrado,09 Sep 2025,Chat,Consulta,-,Agostina Lozano,Conexión
104741,09 Sep 2025 03:19 PM,AUTOPARTES,Cliente que no coincide la alícuota de padrón de ARBA del sistema con el padrón,-,Cliente que no coincide la alícuota de padrón de ARBA del sistema con el padrón,Cerrado,09 Sep 2025,Chat,Consulta,-,Macarena Analía Ramirez Barzola,Percepciones y retenciones
104742,09 Sep 2025 03:26 PM,ARCOIRIS PINTURERIA,Múltiples consultas sobre el sistema,-,,Cerrado,09 Sep 2025,Phone,Consulta,-,Lautaro Bustos,Otros temas
104743,09 Sep 2025 03:33 PM,FERRARO MATERIALES,Consulta por error planteado en ticket #104671,-,,Cerrado,10 Sep 2025,Chat,Consulta,-,Macarena Monetta,Consulta por ticket
104744,09 Sep 2025 03:38 PM,TOYOTA DEL SUR,Error al imprimir factura- No se puede ejecutar el programa: IbPrestotalOnPrint,-,,Cerrado,10 Sep 2025,Chat,Consulta,-,Macarena Monetta,Reportes
104745,09 Sep 2025 03:45 PM,LARRANG,"Consulta para visualizar pagos efectuados en una caja con valor ""deposito bancario""",-,llamada entrante de (Sergio Lachavanne),Cerrado,10 Sep 2025,Phone,Consulta,-,Karen Varon,Caja
104746,09 Sep 2025 03:45 PM,COMACO,"Consulta por factura emitida con forma de pago ""vale""",-,,Cerrado,09 Sep 2025,Chat,Consulta,-,Karen Varon,CPR Ventas
104747,09 Sep 2025 04:22 PM,EL SURCO,Eliminar movimiento financiero,-,Eliminar movimiento financiero,Cerrado,09 Sep 2025,Phone,Consulta,-,Micaela Gatti,Eliminación de CPR
104748,09 Sep 2025 04:23 PM,E- Parts Franquicia Chajarí,"Generar saldo a favor para un cliente, a partir de venta a otro",-,"Generar saldo a favor para un cliente, a partir de venta a otro",Cerrado,09 Sep 2025,Chat,Consulta,-,Micaela Gatti,CPR Ventas
104749,09 Sep 2025 04:28 PM,ARCOIRIS PINTURERIA,No le permite aceptar el comprobante dado que excede la cantidad de renglones configurados en el talonario,-,No le permite aceptar el comprobante dado que excede la cantidad de renglones configurados en el talonario. se debe dirigirse a herramientas > talonarios seleccionar el editar los renglones que posee. Dado que no poseía permiso se le indico que debe buscar un usuario que tenga permisos,Cerrado,09 Sep 2025,Phone,Consulta,-,Leila Bonacina,Talonario / Config. PC Talonarios
104750,09 Sep 2025 04:31 PM,ARCOIRIS PINTURERIA,Codificación automática de artículos,-,,Cerrado,10 Sep 2025,Email,Consulta,-,Juan Acosta,ABM Artículos
104751,09 Sep 2025 04:34 PM,ROUTER,Chat sin respuesta del cliente,-,Chat sin respuesta del cliente,Cerrado,09 Sep 2025,Chat,Consulta,-,Agostina Lozano,Sin respuesta
104752,09 Sep 2025 04:41 PM,INTERMOTOR,Solicita hablar con Macarena por ticket 104398,-,"Dado que no se encontraba en la empresa se indico como verificar si el script se encontraba activo, y se realizaron las pruebas de funcionamiento del mismo. Indicando que estaba funcionando correctamente",Cerrado,09 Sep 2025,Chat,Consulta,-,Leila Bonacina,Consulta por ticket
104753,09 Sep 2025 04:42 PM,CMS,Información para ticket #103198,-,,Cerrado,09 Sep 2025,Chat,Consulta,-,Karen Varon,Consulta por ticket
104754,09 Sep 2025 04:42 PM,FERRE TEROS,Error al solicitar cae por NC por descuento en -1,-,"Buenas tardes, el sistema no esta autorizando CAE en el punto de venta 8 por haber una nota de credito -1 Saludos",Cerrado,11 Sep 2025,Web,Consulta,-,Karen Varon,Factura electrónica
104755,09 Sep 2025 05:18 PM,Credimisión,Modificación de propiedad id 7 control de consecutividad de fechas,-,Consulta por pasos para llegar a la propiedad indicada en el asunto,Cerrado,09 Sep 2025,Chat,Consulta,-,Agostina Lozano,Sistema
104756,09 Sep 2025 05:28 PM,VERGARA,Chat sin respuesta,-,,Cerrado,09 Sep 2025,Chat,Consulta,-,Karen Varon,Sin respuesta
104757,09 Sep 2025 05:36 PM,Piragini Motorepuestos,Asistencia para terminar de configurar paljet en pc luego de reseteo,-,llamada entrante de (Arturo Cello),Cerrado,09 Sep 2025,Phone,Consulta,-,Karen Varon,Conexión
104758,09 Sep 2025 05:37 PM,Agrobarbero,Funcion de la nota de pedido en el stock si se carga parcial,-,"Consultaron si es posible cargar una nota de pedido modificada en una factura. Se corroboro que la misma suma al comprometido y la factura resta al comprometido y la existencia. Dado que no trabajan con comprometido, si es posible también se le indico como utilizar una nota de pedido de forma parcial.",Cerrado,10 Sep 2025,Chat,Consulta,-,Leila Bonacina,CPR Ventas
104759,09 Sep 2025 05:52 PM,Credimisión,Cambio de propiedad id 7 para comprobante de compra,-,Indicamos que la propiedad id 7 no es editable en comprobantes de proveedores ya que está establecido de forma que no controla,Cerrado,09 Sep 2025,Chat,Consulta,-,Agostina Lozano,CPR Compras
104760,09 Sep 2025 06:05 PM,VERGARA,Eliminar movimientos financieros empresa OSCAR VERGARA RENE,-,,Cerrado,10 Sep 2025,Chat,Consulta,-,Karen Varon,Eliminación de CPR
104761,09 Sep 2025 06:47 PM,VERGARA,Continuidad ticket #104760,-,,Cerrado,09 Sep 2025,Chat,Consulta,-,Karen Varon,Ticket Duplicado
104762,09 Sep 2025 06:53 PM,ANGACO MATERIALES,Carga de precios desde comprobante de origen,-,"llamada entrante de (Andres) Llama Andres Consulta por precio de factura estandar del 28/08 con precio anterior al actualizado el 27/08 luego de corroborar notamos que está hecha a partir de una nota de pedido con fecha anterior a esa lo cual explica según el flag que copio el precio del detalle de la NP a la factura, por eso no se emitió con el precio actualizado",Cerrado,09 Sep 2025,Phone,Consulta,-,Agostina Lozano,CPR Ventas
104763,09 Sep 2025 07:01 PM,ARCOIRIS PINTURERIA,Movimiento entre cuentas anulado,-,,Cerrado,10 Sep 2025,Email,Consulta,-,Juan Acosta,Caja
104764,09 Sep 2025 07:40 PM,CASTRO,Consulta por comprobante en -1 pendiente de cae,-,llamada entrante de (3888608976),Cerrado,09 Sep 2025,Phone,Consulta,-,Karen Varon,Factura electrónica
104765,10 Sep 2025 08:09 AM,ROUTER,Eliminar no fiscal de liquidaciones / error en remito de logística,-,,Cerrado,10 Sep 2025,Chat,Consulta,-,Elizabeth Alvarez,Liquidaciones
104766,10 Sep 2025 08:15 AM,METALÚRGICA PASGAL,Error de ticket de acceso al emitir primer factura del día en una pc. Ticket origen #104674,-,llamada entrante de (3434364414),Cerrado,10 Sep 2025,Phone,Consulta,-,Karen Varon,Factura electrónica
104767,10 Sep 2025 08:21 AM,FERRETEC,Ayuda para reenumerar comprobante pendiente de CAE,-,Ayuda para reenumerar comprobante pendiente de CAE,Cerrado,10 Sep 2025,Chat,Consulta,-,Macarena Analía Ramirez Barzola,Factura electrónica
104768,10 Sep 2025 08:30 AM,TOYOTA DEL SUR,Circuito de movimiento de mercadería entre depósitos,-,Explicamos configuraciones requeridas para circuito a implementar en nueva sucursal,Cerrado,10 Sep 2025,Chat,Consulta,-,Agostina Lozano,Stock
104769,10 Sep 2025 08:40 AM,CERAMICA NORTE,Solicitud de ajuste en diseño de reportes de etiquetas,-,"Buenos días me comunico con ustedes por este medio para solicitar su asistencia con el diseño de los reportes de etiquetas en el sistema. Actualmente utilizamos etiquetas de 50 mm x 20 mm, donde la altura es correcta, pero el ancho resulta mayor al disponible. Esto provoca que, al momento de imprimir, las etiquetas salgan incompletas por los costados. Por tal motivo, necesitaríamos que se ajuste el diseño reduciendo ligeramente el ancho del reporte para que se adapte a nuestras medidas de impresión. Quedamos atentos a sus comentarios y a cualquier información adicional que necesiten de nuestra parte para realizar la modificación. Desde ya, muchas gracias por el soporte. Saludos cordiales, Hugo.-",Cerrado,30 Sep 2025,Web,Mejora,-,Agostina Lozano,Reportes
104770,10 Sep 2025 08:46 AM,ROSTOCK,Ayuda para terminar de instalar el sistema,-,Ayuda para terminar de instalar el sistema,Cerrado,10 Sep 2025,Chat,Consulta,-,Macarena Analía Ramirez Barzola,Instalación de Cliente
104771,10 Sep 2025 08:53 AM,Montajes y Construcciones Quequén,Comenta error al intentar ingresar al sistema,-,,Cerrado,10 Sep 2025,Chat,Consulta,-,Elizabeth Alvarez,Conexión
104772,10 Sep 2025 09:05 AM,DRUBICH Y CIA,Error no se puede conectar con el servidor/los pdf no se envían en ML,-,No se puede conectar con el servidor,Cerrado,11 Sep 2025,Phone,Consulta,-,Leila Bonacina,BBJet ML
104773,10 Sep 2025 09:08 AM,AUTOPARTES,"Error ""Access Violation"" al importar padrón ARBA",-,"Error ""Access Violation"" al importar padrón ARBA",Cerrado,10 Sep 2025,Chat,Consulta,-,Macarena Analía Ramirez Barzola,PalJet Import
104774,10 Sep 2025 09:14 AM,CALZADOS BETER,Reunión para hablar sobre Inventario,-,Reunión para hablar sobre Inventario #104090,Cerrado,19 Sep 2025,Phone,Consulta,-,Macarena Monetta,Stock
104775,10 Sep 2025 09:16 AM,Smack,Alta de talonario de nota de crédito electrónica de crédito (FCE),-,Enviamos instructivos de alta de talonario para nota de crédito de módulo de FCE,Cerrado,10 Sep 2025,Chat,Consulta,-,Agostina Lozano,Talonario / Config. PC Talonarios
104776,10 Sep 2025 09:18 AM,ARCOIRIS PINTURERIA,Depósito de cheque en cartera,-,,Cerrado,10 Sep 2025,Email,Consulta,-,Juan Acosta,Banco
104777,10 Sep 2025 09:18 AM,SUMIAGRO,Solicita informe de compra/venta en artículos de un proveedor,-,,Cerrado,10 Sep 2025,Chat,Consulta,-,Elizabeth Alvarez,Consultas y Herramientas
104778,10 Sep 2025 09:23 AM,CERAMICA NORTE,Solicitud de asesoría sobre manejo de stock en artículos similares,-,"Tenemos un inconveniente con el manejo de stock en determinados artículos que poseen varias marcas con precios muy similares. Por ejemplo, en el caso de los discos de corte OX. AL. 115 x 1,0 x 22,2, trabajamos con tres marcas, cada una creada con su código y precio. Notamos que el stock en el sistema no se refleja correctamente debido a un mal trabajo de stock que no se puede resolver, ya que se trata de un artículo con bastante rotación. Esto genera que en ocasiones se vendan artículos que en realidad no tenemos disponibles, lo que nos obliga a generar órdenes de devolución. Dicho proceso resulta lento y genera demoras que terminan incomodando al cliente. Para intentar mejorar la operatoria, comenzamos a trabajar con artículos compuestos y analizamos la posibilidad de centralizar el stock de los discos, de modo que se descuente desde estos artículos compuestos. Sin embargo, entendemos que esta alternativa no solucionaría del todo el problema, ya que si el vendedor selecciona por error un artículo equivocado que no hay, igualmente habría que recurrir a la devolución. En este sentido, quisiéramos solicitarles una asesoría o su recomendación sobre la mejor manera de resolver esta problemática y así optimizar tanto el control de stock como la experiencia de atención al cliente. Quedamos atentos a su respuesta.",No aplica,15 Sep 2025,Web,Consulta,-,Agostina Lozano,Stock
104779,10 Sep 2025 09:26 AM,Central Denaro,Asignación de vendedor a comprobante emitido,-,Indicamos consulta para asginar vendedor a comprobante emitido y para ver vendedor de comprobantes,Cerrado,10 Sep 2025,Chat,Consulta,-,Agostina Lozano,Consultas y Herramientas
104780,10 Sep 2025 09:30 AM,INSUMOS REFRIGERACIONES,Ayuda para habilitar licencia a PC,-,Ayuda para habilitar licencia a PC,Cerrado,10 Sep 2025,Chat,Consulta,-,Macarena Analía Ramirez Barzola,Licencia / Modulo
104781,10 Sep 2025 09:32 AM,ARCOIRIS PINTURERIA,Visualización de comprobantes de acuerdo a esquemas permitidos,-,,Cerrado,10 Sep 2025,Email,Consulta,-,Juan Acosta,CPR Ventas
104782,10 Sep 2025 09:33 AM,ARCOIRIS PINTURERIA,Visualización de comprobantes de acuerdo a esquemas permitidos,-,,Cerrado,11 Sep 2025,Email,Consulta,-,Juan Acosta,CPR Ventas
104783,10 Sep 2025 09:36 AM,HIPERPLACA,Comunicarse con Joaquina por ticket #104733,-,Comunicarse con Joaquina por ticket #104733,Cerrado,10 Sep 2025,Chat,Consulta,-,Macarena Analía Ramirez Barzola,Comunicarse con Soporte
104784,10 Sep 2025 09:42 AM,VERGARA,Consulta por canje de valores,-,,Cerrado,10 Sep 2025,Chat,Consulta,-,Elizabeth Alvarez,Caja
104785,10 Sep 2025 09:52 AM,EL TROPEZÓN,Agregar la opción de que elija imprimir o no los comprobantes y asignar esq secundario y principal a un usuario,-,"Buen día! tenemos el usuario GONZALO119 que no tiene la opción de elegir si imprimir o no los comprobantes emitidos, dado que este usuario solo esta haciendo limpieza de cuentas no requiere imprimirlos. Si pueden habilitar la opción seria lo ideal. También requiere que pueda visualizar tanto el esquema principal como el secundario desde ese mismo usuario como lo tiene habilitado el usuario GONZALO",Cerrado,10 Sep 2025,Web,Consulta,-,Karen Varon,Sistema
104786,10 Sep 2025 09:53 AM,HIPERPLACA,Error en el envío de correo con usuario LTEJERINA. Ticker origen #104733,-,,Cerrado,10 Sep 2025,Email,Consulta,-,Karen Varon,E-mail
104787,10 Sep 2025 09:59 AM,El Mangrullo,Agregar artículo a nota de débito por diferencia de precios,-,Agregar artículo a nota de débito por diferencia de precios,Cerrado,10 Sep 2025,Chat,Consulta,-,Macarena Analía Ramirez Barzola,CPR Ventas
104788,10 Sep 2025 10:01 AM,Etsol,Respuesta Encuesta de Implementación Witkin Gregori - El Ranquel,-,,Cerrado,10 Sep 2025,Email,Consulta,-,Eliana Barreto,Otros temas
104789,10 Sep 2025 10:09 AM,El Ranquel,Instalar Token para OS,-,Instalar Token para OS,Cerrado,15 Sep 2025,Chat,Instalación,-,Eliana Barreto,Orden de Servicio
104790,10 Sep 2025 10:09 AM,YAPUR,Consulta por control para montos de despachos,-,,En Prueba,15 Sep 2025,Chat,Requerimiento,-,Elizabeth Alvarez,Script
104791,10 Sep 2025 10:24 AM,CABODEVILA REPUESTOS,Alta de personal como vendedor,-,Indicamos como cargar clasificación a personal para seleccionarlo como vendedor en comprobantes,Cerrado,10 Sep 2025,Chat,Consulta,-,Agostina Lozano,Herramientas
104792,10 Sep 2025 10:24 AM,VERGARA,Chat sin respuesta del cliente,-,Chat sin respuesta del cliente,Cerrado,10 Sep 2025,Chat,Consulta,-,Agostina Lozano,Sin respuesta
104793,10 Sep 2025 10:42 AM,Samaco,Requiere consulta personalizada en base a la de ID 646,-,"Buenos dias, necesitamos una consulta similar a la consulta ID 646 con las siguientes especificaciones: Que la consulta tenga en cuenta todos los comprobantes que ingresen retenciones Facturas Recibos Contrareembolsos Bancos Tarjetas La consulta deberia tener en cuenta todas las retenciones por fecha de comprobante donde se ingreso. Por ejemplo: si el comprobante tiene fecha 25/08/2025 y se ingresa en el mismo una retencion con fecha 30/07/2025, y el periodo que estamos consultado es 01/08/2025 al 31/08/2025, esa retencion la debe traer al listado, por mas que tenga una fecha anterior al comprobante. muchas gracias saludos",Espera Aprobacion Presupuesto,-,Web,Requerimiento,-,Macarena Analía Ramirez Barzola,Consultas y Herramientas
104794,10 Sep 2025 10:55 AM,ARCOIRIS PINTURERIA,Error en solicitud de CAE en NC de letra B emitida a partir de factura de letra A,-,,Cerrado,10 Sep 2025,Email,Consulta,-,Juan Acosta,Factura electrónica
104795,10 Sep 2025 10:56 AM,RODA SERVICE,Lentitud al ingresar al sistema,-,,Cerrado,10 Sep 2025,Phone,Consulta,-,Karen Varon,Conexión
104796,10 Sep 2025 10:59 AM,Freezar Congelados,"Cambio de IP pública en servidor, ayuda para configurar el sif.ini",-,"Cambio de IP pública en servidor, ayuda para configurar el sif.ini",Cerrado,10 Sep 2025,Chat,Consulta,-,Macarena Analía Ramirez Barzola,Servidores
104797,10 Sep 2025 11:05 AM,COMACO,Pasos para eliminar comprobante con valor erróneo,-,,Cerrado,10 Sep 2025,Chat,Consulta,-,Elizabeth Alvarez,CPR Ventas
104798,10 Sep 2025 11:08 AM,GALLO DISTRIBUCIONES,Importar  orden de recorrido de los articulos,-,Importar orden de recorrido de los artículos,Cerrado,11 Sep 2025,Phone,Consulta,-,Leila Bonacina,ABM Artículos
104799,10 Sep 2025 11:09 AM,EL CORRALON,Consulta como modificar nombres y contraseñas de usuarios,-,Consulta como modificar nombres y contraseñas de usuarios,Cerrado,10 Sep 2025,Phone,Consulta,-,Macarena Monetta,Configuración de usuarios
104800,10 Sep 2025 11:10 AM,EL CORRALON,Consulta como modificar el nombre de una cuenta de caja,-,Consulta como modificar el nombre de una cuenta de caja,Cerrado,10 Sep 2025,Phone,Consulta,-,Macarena Monetta,Cuentas
104801,10 Sep 2025 11:10 AM,VERGARA,Eliminación de movimiento financiero con valor transferencia,-,Eliminación de movimiento financiero con valor transferencia,Cerrado,10 Sep 2025,Chat,Consulta,-,Agostina Lozano,Eliminación de CPR
104802,10 Sep 2025 11:14 AM,Casa Boggio,"Cambio de IP de servidor, ayuda para cambiar el dato en las PC cliente",-,"Cambio de IP de servidor, ayuda para cambiar el dato en las PC cliente",Cerrado,10 Sep 2025,Chat,Consulta,-,Macarena Analía Ramirez Barzola,Servidores
104803,10 Sep 2025 11:19 AM,DRUBICH Y CIA,Comunicación con Leila por ticket #104772,-,Comunicación con Leila por ticket #104772 llamada entrante de (3492505705),Cerrado,10 Sep 2025,Phone,Consulta,-,Karen Varon,Comunicarse con Soporte
104804,10 Sep 2025 11:22 AM,FERRARO MATERIALES,Consulta por procesamiento de OC,-,,Cerrado,10 Sep 2025,Chat,Consulta,-,Elizabeth Alvarez,CPR Compras
104805,10 Sep 2025 11:23 AM,ARCOIRIS PINTURERIA,"Se encuentra en implementación, Solicita hablar con Juan Acosta",-,"Se encuentra en implementación, Solicita hablar con Juan Acosta",Cerrado,10 Sep 2025,Phone,Consulta,-,Leila Bonacina,Comunicarse con otra área
104806,10 Sep 2025 11:30 AM,Samaco,Consulta personalizada en base a consulta ID 158 Utilidad,-,"Buenos dias Necesitamos una consulta en base a la consulta ID 158, esta consulta es para ver la utilidad en facturas de contado y cuenta corriente. Las especificaciones serian las siguientes: La consulta tiene que mostrar : Utilidad antes del descuento Descuento aplicado Utilidad con descuento aplicado Debe tener en cuenta los descuentos realizados en los renglones de articulos como asi tambien los descuentos realizados al pie del comprobante Si la factura tiene descuento al pie, ese descuento se deberia aplicar este descuento a cada uno de los renglones Si tiene descuento en los renglones y tambien al pie, se deberian sumar los descuentos Esta consulta no debe tener en cuenta los recargos ya que no aplican a la utilidad sino que son gastos por ejemplo de tarjetas. Agregar columna con el nombre del Vendedor agregar columna personal externo Agregar columna Observaciones A diferencia de la consulta ID 158 que permite consultar por comprobante, necesitamos que esta consulta muestre todos los comprobantes en un periodo determinado de fechas. Al realizar la consulta de esta forma se deberian agregar las siguientes columnas: Tipo de comprobante Punto de venta letra de comprobante numero de comprobante Contempla esquema principal y esquema secundario muchas gracias saludos",En Prueba,-,Web,Requerimiento,-,Elizabeth Alvarez,Consultas y Herramientas
104807,10 Sep 2025 11:34 AM,Total Caño,Consulta por implementacion de IVA simple,-,llamada entrante de (3834546060),Cerrado,10 Sep 2025,Phone,Consulta,-,Karen Varon,Impositivas
104808,10 Sep 2025 11:41 AM,Etsol,Consulta por entrega de curriculum de forma presencial,-,Consulta por entrega de curriculum de forma presencial,Cerrado,10 Sep 2025,Email,Consulta,-,Agostina Lozano,Comunicarse con otra área
104809,10 Sep 2025 11:44 AM,Piragini Motorepuestos,Solicita modificar factura de cliente,-,Solicita modificar factura de cliente,No aplica,25 Sep 2025,Phone,Consulta,-,Leila Bonacina,Reportes
104810,10 Sep 2025 11:56 AM,El Super de los Filtros,Comentan que no les aparece en dos pc el cartel de Pregunta si desea imprimir,-,Comentan que no les aparece en dos pc el cartel de Pregunta si desea imprimir,Cerrado,10 Sep 2025,Phone,Consulta,-,Macarena Monetta,Talonario / Config. PC Talonarios
104811,10 Sep 2025 11:58 AM,ARCOIRIS PINTURERIA,Solicita hablar con Juan Acosta,-,Solicita hablar con Juan Acosta,Cerrado,10 Sep 2025,Phone,Consulta,-,Leila Bonacina,Comunicarse con otra área
104812,10 Sep 2025 12:03 PM,MOSAICOS CHAJARÍ,Configuración de parámetros en nueva empresa,-,Configuración de parámetros en nueva empresa,Cerrado,10 Sep 2025,Email,Consulta,-,Agostina Lozano,Sistema
104813,10 Sep 2025 12:03 PM,Credimisión,Solicita cotización de módulo Créditos,-,,Cerrado,18 Sep 2025,Chat,Adquisición Licencia/Módulos,-,Alejandro Silva,Créditos
104814,10 Sep 2025 12:04 PM,GRAVAFILT,Circuito de cancelación de venta y devolución de mercadería,-,Explicamos circuito de cancelación de venta y devolución de mercadería,Cerrado,10 Sep 2025,Chat,Consulta,-,Agostina Lozano,CPR Ventas
104815,10 Sep 2025 12:10 PM,ROSTOCK,Configuración de Flags para Ajustes de Stock,-,Configuración de Flags para Ajustes de Stock,Cerrado,10 Sep 2025,Chat,Consulta,-,Macarena Analía Ramirez Barzola,Stock
104816,10 Sep 2025 12:18 PM,Marquiz,Brinda acceso por el ticket 102896,-,Brinda acceso por el ticket 102896,Cerrado,10 Sep 2025,Phone,Consulta,-,Leila Bonacina,Brindar Acceso
104817,10 Sep 2025 12:31 PM,Central Denaro,Permiso mediante formulario a grupo de usuarios,-,,Cerrado,10 Sep 2025,Chat,Consulta,-,Elizabeth Alvarez,Menú Empresa y formularios
104818,10 Sep 2025 12:37 PM,MARINÉ,"Asignar talonario a usuario, ticket de cambio y modificación de reporte",-,"Buen día chicos! Espero se encuentren muy bien! Queria comentarles lo siguiente: 1) Al querer confeccionar un Remito, el sistema me reporta que el usuario no tiene asignado talonario para confeccionar Remito. Como debo proceder en ese caso? 2) Habria posibilidad de generar un ticket de cambio para aquellos clientes que compran para hacer un regalo y que luego desearan cambiarlo. 3) En el membrete de la factura, la página web dice ""www.tiendamarine.com"" y deberia ser ""tiendamarine.com"". Por otro lado, habría posibilidad de incorporar en el membrete, arriba de donde dice ""CUIT"", la razón social de la empresa que es DISCERE S.A.S.. Quedo a disposición. Saludos!",Cerrado,11 Sep 2025,Web,Consulta,-,Micaela Gatti,CPR Ventas
104819,10 Sep 2025 12:52 PM,RTI / PBS - NICARAGUA,Información tecnica de estructura,-,,Cerrado,29 Sep 2025,Chat,Consulta,-,Germán Dachary,Servidores
104820,10 Sep 2025 12:57 PM,MARINÉ,Instalación de Paljet Cliente en PC,-,"Buenos dias, estoy necesitando instalar el sistemas en otra compu de escritorio",Cerrado,24 Sep 2025,Web,Consulta,-,Micaela Gatti,Instalación de Cliente
104821,10 Sep 2025 01:03 PM,FUGAS,nota de crédito en -1,-,,Cerrado,10 Sep 2025,Phone,Consulta,-,Joaquina Villanueva,Factura electrónica
104822,10 Sep 2025 01:34 PM,FERRARO MATERIALES,Sin respuesta,-,,Cerrado,10 Sep 2025,Chat,Consulta,-,Juan Pablo  Cabrera,Sin respuesta
104823,10 Sep 2025 01:46 PM,ARCOIRIS PINTURERIA,Error de contraseña al querer enviar CPR por correo,-,,Cerrado,-,Phone,Consulta,-,Juan Acosta,E-mail
104824,10 Sep 2025 02:03 PM,Samaco,Consulta para export las retenciones de IIBB,-,"Consulta para expórtalas retenciones de IIBB, se le indicaron la 517, 783, o 705. también que si coloca IIBB en la descripción puede corroborar las que tenemos disponibles segun el aplicativo al que se carguen",Cerrado,10 Sep 2025,Phone,Consulta,-,Leila Bonacina,Consultas y Herramientas
104827,10 Sep 2025 02:30 PM,INTER PARTS,No se actualiza archivo de ML de producteca (dropbox),-,No se actualiza archivo de ML de producteca (dropbox),Cerrado,11 Sep 2025,Chat,Consulta,-,Macarena Analía Ramirez Barzola,Otros temas
104828,10 Sep 2025 03:11 PM,Samaco,Consulta sobre stock comprometido en articulo código 40471,-,,Cerrado,12 Sep 2025,Email,Consulta,-,Karen Varon,Stock
104829,10 Sep 2025 03:15 PM,ANDERSEN MATERIALES,Capacitaciones en Paljet ERP,-,"============ Mensaje reenviado ============ Desde: Natalia Bruschi <nbruschi@andersenmateriales.com.ar> Para: <soporte@etsol.com.ar> Fecha: mar., 02 sept. 2025 11:46:37 -0300 Asunto: RE: [## 101216 ##] Capacitación del módulo de Contabilidad ============ Mensaje reenviado ============ Buenos días, A partir de las capacitaciones que estamos teniendo del Módulo de Contabilidad, vamos a necesitar que se coticen las siguientes capacitaciones para poder completar el Plan de Cuentas Modulo Caja Liquidación de tarjetas Liquidaciones Módulo Proveedores Orden de Proveedores / Clasificación Módulo Gerencia Informes Espero respuestas. Muchas Gracias! Sdos",En Tratamiento,-,Chat,Capacitación,-,Juan Acosta,Contabilidad
104830,10 Sep 2025 03:19 PM,SUMIAGRO,Error al solicitar CAE por Régimen ley 27440,-,,Cerrado,10 Sep 2025,Chat,Consulta,-,Elizabeth Alvarez,Factura electrónica
104831,10 Sep 2025 03:21 PM,FERRARO MATERIALES,"""Insufficient memory for this operation"" al filtrar búsqueda de existencias por conjunto de artículos puntual",-,,Cerrado,24 Sep 2025,Chat,Incidente,-,Lautaro Bustos,Inventario
104832,10 Sep 2025 03:52 PM,BRM REPUESTOS MOTOR,CONFIGURACIÓN DEL MONTO EN EL CF,-,,Cerrado,10 Sep 2025,Phone,Consulta,-,Joaquina Villanueva,Sistema
104833,10 Sep 2025 04:05 PM,Agrobarbero,Consulta si es posible modificar comprobantes emitidos- Permisos de Menu empresa,-,,Cerrado,10 Sep 2025,Chat,Consulta,-,Macarena Monetta,CPR Ventas
104834,10 Sep 2025 04:07 PM,CALZADOS BETER,Eliminar NC de esq. secundario emitida erróneamente,-,,Cerrado,10 Sep 2025,Phone,Consulta,-,Lautaro Bustos,CPR Ventas
104835,10 Sep 2025 04:13 PM,BOURLOT,Comenta que los usuarios no pueden confirmar/anular los movimientos de cuenta ya que no visualizan la opción,-,Comenta que los usuarios no pueden confirmar/anular los movimientos de cuenta ya que no visualizan la opción,Cerrado,10 Sep 2025,Phone,Consulta,-,Macarena Monetta,Menú Empresa y formularios
104836,10 Sep 2025 04:18 PM,SURI,"Incorporar en ""consulta de saldos"" información de ""clasificación de proveedor""",-,"Buenas tardes, quisiera solicitarles si es posible agregar a las columnas disponibles del informe en pantalla en ""consulta de saldos"" (compras>proveedores>consulta de saldos), la columna de ""clasificacion de proveedor"" que se encuentra en la administracion del proveedor, solapa 5 apartado F. Gracias!",Espera Aprobacion Presupuesto,19 Sep 2025,Web,Requerimiento,-,Micaela Gatti,ABM Proveedores
104837,10 Sep 2025 04:26 PM,LARRANG,Error al generar asiento contable por falta de cuenta contable y cuenta no corresponde a grupo de asientos de esqueleto,-,Error al generar asiento contable por falta de cuenta contable y cuenta no corresponde a grupo de asientos de esqueleto,Cerrado,10 Sep 2025,Chat,Consulta,-,Micaela Gatti,Contabilidad
104838,10 Sep 2025 04:28 PM,INTERMOTOR,Solicita agregar leyenda de régimen de transparencia fiscal a reportes,-,,Cerrado,11 Sep 2025,Chat,Consulta,-,Lautaro Bustos,Impositivas
104839,10 Sep 2025 04:33 PM,ECHAZU,libro iva ventas comprobantes sin cae,-,,Cerrado,10 Sep 2025,Phone,Consulta,-,Joaquina Villanueva,Impositivas
104840,10 Sep 2025 05:01 PM,VERGARA,Eliminar movimiento financiero,-,Eliminar movimiento financiero,Cerrado,10 Sep 2025,Chat,Consulta,-,Micaela Gatti,Eliminación de CPR
104841,10 Sep 2025 05:05 PM,GALLO DISTRIBUCIONES,Consulta por agregado de columna de información a informe de gerencia,-,,Cerrado,10 Sep 2025,Phone,Consulta,-,Lautaro Bustos,Consultas y Herramientas
104842,10 Sep 2025 05:05 PM,ECHAZU,Actualización a la ultima versión,-,,Verificación de Backup,-,Phone,Actualización,-,Agustina Acosta,Actualización
104843,10 Sep 2025 05:06 PM,Agrobarbero,Asignar permisos a grupo de usuarios para generar Nota de pedido (preparación),-,Asignar permisos a grupo de usuarios para generar Nota de pedido (preparación),Cerrado,10 Sep 2025,Chat,Consulta,-,Micaela Gatti,CPR Ventas
104844,10 Sep 2025 05:17 PM,BOURLOT,Reporta reinicio de capa y caída de sincronismo --,-,,Cerrado,10 Sep 2025,Chat,Consulta,-,Lautaro Bustos,Servidores
104845,10 Sep 2025 05:24 PM,MAXILIMP,Consulta sobre alta de artículo compuesto,-,,Cerrado,10 Sep 2025,Chat,Consulta,-,Lautaro Bustos,ABM Artículos
104846,10 Sep 2025 05:32 PM,E-Parts Franquicia San Luis,error de cae renumeracion de comprobantes,-,,Cerrado,10 Sep 2025,Phone,Consulta,-,Joaquina Villanueva,Factura electrónica
104847,10 Sep 2025 05:40 PM,MGL Complementos,Reconfiguración de impresora,-,,Cerrado,10 Sep 2025,Chat,Consulta,-,Lautaro Bustos,Impresora Láser
104848,10 Sep 2025 06:31 PM,CALZADOS BETER,Devolución realizada en créditos no impacta en crédito de cliente,-,,Cerrado,17 Sep 2025,Phone,Consulta,-,Lautaro Bustos,Créditos
104849,10 Sep 2025 06:31 PM,Agrobarbero,Generar Preparado de Pedido a partir de Nota de Pedido,-,Generar Preparado de Pedido a partir de Nota de Pedido,Cerrado,10 Sep 2025,Chat,Consulta,-,Micaela Gatti,CPR Ventas
104850,10 Sep 2025 06:48 PM,INTERMOTOR,Solicita ayuda para habilitar script en proceso diferente,-,,Cerrado,10 Sep 2025,Chat,Consulta,-,Lautaro Bustos,Script
104851,10 Sep 2025 06:54 PM,MAXILIMP,Registro de descripción de artículos y movimientos de artículos compuestos,-,,Cerrado,10 Sep 2025,Chat,Consulta,-,Micaela Gatti,ABM Artículos
104852,10 Sep 2025 07:06 PM,MAXILIMP,crear vendedor,-,,Cerrado,10 Sep 2025,Phone,Consulta,-,Joaquina Villanueva,Herramientas
104853,10 Sep 2025 07:06 PM,Freezar Congelados,Solicita ayuda para configurar conexión remota a sistema,-,,Cerrado,10 Sep 2025,Chat,Consulta,-,Lautaro Bustos,Servidores
104854,10 Sep 2025 07:28 PM,RTI / PBS - NICARAGUA,Publicación de datos ETL - Power BI,-,,Cerrado,22 Sep 2025,Email,Consulta,-,Paula Saavedra,BI
104855,11 Sep 2025 07:52 AM,ROUTER,Chat fuera de horario,-,,Cerrado,11 Sep 2025,Chat,Consulta,-,Lautaro Bustos,Fuera de Horario de Atención
104856,11 Sep 2025 08:00 AM,ROUTER,Habilitar selección de fecha de emisión en Interfaz -> Recibo,-,,Cerrado,11 Sep 2025,Chat,Consulta,-,Lautaro Bustos,Sistema
104857,11 Sep 2025 08:10 AM,ROSTOCK,Comenta que tenía un error en la importación de costos- No habia asociado los art al proveedor,-,,Cerrado,11 Sep 2025,Chat,Consulta,-,Macarena Monetta,PalJet Import
104858,11 Sep 2025 08:15 AM,Credimisión,Instalación de Business Intelligence,-,"Buenos días. Se solicita la instalación de Business Intelligence, incluye 6h de capacitación remota. Se aprueba el presupuesto por el Whatsapp de ventas. Gracias.",Cerrado,26 Sep 2025,Chat,Instalación,-,Joaquina Villanueva,BI
104859,11 Sep 2025 08:26 AM,ARCOIRIS PINTURERIA,Configuraciones para trabajar con lista oferta,-,,Cerrado,11 Sep 2025,Email,Requerimiento,-,Juan Acosta,Lista de Precios
104860,11 Sep 2025 08:28 AM,E-Parts Franquicia Posadas,Unificación de proveedores por mismo CUIT y asociación de artículo,-,"llamada entrante de (3764250535) Llama Gastón Indicamos pasos para unificar dos proveedores a través de un mismo CUIT a una entidad, y pasos para la asociación de los artículos a ese proveedor a través de la administración de proveedores",Cerrado,-,Phone,Consulta,-,Agostina Lozano,ABM Proveedores
104861,11 Sep 2025 08:31 AM,ARCOIRIS PINTURERIA,Fecha de vigencia en lista oferta,-,,Cerrado,11 Sep 2025,Email,Consulta,-,Juan Acosta,Lista de Precios
104862,11 Sep 2025 08:33 AM,CORRALON VAQUEROS,Extender plazo de licencia Paljet ERP,-,,Cerrado,11 Sep 2025,Chat,Consulta,-,Micaela Gatti,Licencia / Modulo
104863,11 Sep 2025 08:35 AM,INTEQ,consulta por ticket  #102525,-,consulta por ticket #102525,Cerrado,11 Sep 2025,Phone,Consulta,-,Leila Bonacina,Consulta por ticket
104864,11 Sep 2025 08:37 AM,BOGGIO REPUESTOS,Solicita extesión de licencia,-,,Cerrado,11 Sep 2025,Chat,Consulta,-,Lautaro Bustos,Licencia / Modulo
104865,11 Sep 2025 08:45 AM,EL EMPORIO DEL SOLDADOR,Consulta por Permisos de Items de menu por grupos de usuarios- Realizar configuración de boton de cambio de talonario  en remito,-,,Cerrado,11 Sep 2025,Chat,Consulta,-,Macarena Monetta,Menú Empresa y formularios
104866,11 Sep 2025 08:49 AM,E-Parts Franquicia Posadas,Diferencia en valores de caja  - Error en carga de facturación y notas de crédito,-,llamada entrante de (3764250535) Llama José,Cerrado,11 Sep 2025,Phone,Consulta,-,Agostina Lozano,Caja
104867,11 Sep 2025 08:51 AM,ROUTER,"Error ""Empleado no válido"" al generar movimiento de mercadería entre depósitos",-,"Error ""Empleado no válido"" al generar movimiento de mercadería entre depósitos",Cerrado,11 Sep 2025,Chat,Consulta,-,Micaela Gatti,Stock
104868,11 Sep 2025 08:52 AM,COMACO,No respondió el cliente,-,,Cerrado,11 Sep 2025,Chat,Consulta,-,Lautaro Bustos,Sin respuesta
104869,11 Sep 2025 08:53 AM,TOYOTA DEL SUR,Solicita que se envíe el link del instructivo del portal sobre Inventario,-,,Cerrado,11 Sep 2025,Chat,Consulta,-,Macarena Monetta,Inventario
104870,11 Sep 2025 08:53 AM,MGL Complementos,El reporte no pudo ser cargado desde la db,-,,Cerrado,11 Sep 2025,Chat,Consulta,-,Lautaro Bustos,Reportes
104871,11 Sep 2025 09:03 AM,E-Parts Franquicia Posadas,Información para ticket #104866,-,Comprobantes recibido para avance y solución de ticket #104866,Cerrado,11 Sep 2025,Email,Consulta,-,Agostina Lozano,Consulta por ticket
104872,11 Sep 2025 09:12 AM,MAXILIMP,No puede agregar la clasificación a un empleado,-,No puede agregar la clasificación a un empleado. No le salían las los iconos de editar modificar o eliminar pero lo de unos minutos le permitió,Cerrado,11 Sep 2025,Phone,Consulta,-,Leila Bonacina,Herramientas
104873,11 Sep 2025 09:16 AM,GARAY,Consulta por indicador en tablero general de BI,-,llamada entrante de (3435073003),Cerrado,11 Sep 2025,Phone,Consulta,-,Elizabeth Alvarez,BI
104874,11 Sep 2025 09:16 AM,Etsol,Integración con MODO,-,Integración con MODO,En Analisis,-,Chat,Requerimiento,-,Jésica Leguiza,Tienda BtoC
104875,11 Sep 2025 09:20 AM,GARAY,ERROR reimpresion de comprobante fiscal en el  duplicado,-,,Cerrado,11 Sep 2025,Phone,Consulta,-,Joaquina Villanueva,Impresoras Fiscales
104876,11 Sep 2025 09:20 AM,CALZADOS BETER,Integrar con PayWay,-,Integrar con PayWay,Open,-,Chat,Requerimiento,-,Jésica Leguiza,Tienda BtoC
104877,11 Sep 2025 09:30 AM,SUMIAGRO,Consulta por la nube,-,"Me gustaría poder ampliar la información, y que me comentes cómo funciona, y cuestiones de instalación y costo.",Open,-,Chat,Consulta,-,Alejandro Silva,Servidores
104878,11 Sep 2025 09:31 AM,HIPERPLACA,Inconvenientes al solicitar CAE por la solicitud del ticket de acceso,-,Inconvenientes al solicitar CAE por la solicitud del ticket de acceso,Cerrado,11 Sep 2025,Chat,Consulta,-,Micaela Gatti,Factura electrónica
104879,11 Sep 2025 09:33 AM,GUIDOLI FLORIO,Consulta por herramienta para visualizar ventas de artículos a clientes,-,,Cerrado,11 Sep 2025,Phone,Consulta,-,Elizabeth Alvarez,Consultas y Herramientas
104880,11 Sep 2025 09:35 AM,GUIDOLI FLORIO,Ajustar formato de impresión facturas puntos de venta 5000 y 2000,-,Ajustar formato de impresión facturas puntos de venta 5000 y 2000,Cerrado,11 Sep 2025,Chat,Mejora,-,Micaela Gatti,Reportes
104881,11 Sep 2025 09:52 AM,YAPUR,Consulta por modificación masiva de combos/fraccionamientos,-,,Cerrado,11 Sep 2025,Chat,Consulta,-,Lautaro Bustos,Inventario
104882,11 Sep 2025 09:59 AM,CABODEVILA REPUESTOS,Solicita pasos para eliminar un recibo mal realizado,-,,Cerrado,11 Sep 2025,Chat,Consulta,-,Macarena Monetta,Eliminación de CPR
104883,11 Sep 2025 10:00 AM,E- Parts Franquicia Chajarí,BUENOS DIAS QUISIERA HACER EL RECLAMO QUE EL CODIGO N99445 MARCA NAKATA FIGURA COMO EXTREMO Y ES ROTULA. GRACIAS,-,,Open,-,Chat,Consulta,-,Juan Pablo  Cabrera,ABM Artículos
104884,11 Sep 2025 10:02 AM,COMSA,"Inconvenientes al trabajar con opción ""picking automático"" en Gestión de Inventario",-,"Inconvenientes al trabajar con opción ""picking automático"" en Gestión de Inventario",Cerrado,11 Sep 2025,Chat,Consulta,-,Micaela Gatti,BBJet Gestión de Inventario
104885,11 Sep 2025 10:04 AM,ROUTER,"Error ""arithmetic exception, numeric overflow, or string truncation string right truncation"" al trabajar con Lote de transacciones POSNET",-,"Error ""arithmetic exception, numeric overflow, or string truncation string right truncation"" al trabajar con Lote de transacciones POSNET",Cerrado,11 Sep 2025,Chat,Consulta,-,Micaela Gatti,Lote de Transacciones POS
104886,11 Sep 2025 10:04 AM,INTERMOTOR,Consulta por uso del sistema en tablet,-,,Cerrado,11 Sep 2025,Chat,Consulta,-,Lautaro Bustos,Otros temas
104887,11 Sep 2025 10:06 AM,MAXILIMP,Eliminar personal que ya no van a utilizar,-,Eliminar personal que ya no van a utilizar,Cerrado,11 Sep 2025,Chat,Consulta,-,Micaela Gatti,Herramientas
104888,11 Sep 2025 10:09 AM,EL SURCO,Precio en la factura desde orden de servicio,-,,Espera del Cliente,-,Phone,Consulta,-,Joaquina Villanueva,CPR Ventas
104889,11 Sep 2025 10:15 AM,GALLO DISTRIBUCIONES,Solicita comunicación con Lautaro por tema en tratamiento,-,,Cerrado,11 Sep 2025,Phone,Consulta,-,Elizabeth Alvarez,Comunicarse con Soporte
104890,11 Sep 2025 10:15 AM,MERCONOR,Instalación de controlador Hasar,-,,Cerrado,11 Sep 2025,Chat,Consulta,-,Elizabeth Alvarez,Impresoras Fiscales
104891,11 Sep 2025 10:15 AM,MERCONOR,Solicita si es posible habilitar la nota de pedido estandar dentro del preparado de pedido,-,Solicita si es posible habilitar la nota de pedido estándar dentro del preparado de pedido. Se le indica que se evaluara la configuración de stock e informara si es posible,Cerrado,15 Sep 2025,Phone,Consulta,-,Leila Bonacina,CPR Ventas
104892,11 Sep 2025 10:18 AM,AUTOPARTES,Chat sin respuesta,-,,Cerrado,11 Sep 2025,Chat,Consulta,-,Elizabeth Alvarez,Padrones
104893,11 Sep 2025 10:27 AM,EL ARTESANO,Herramienta que muestre cantidad vendida de artículos,-,,Cerrado,11 Sep 2025,Chat,Consulta,-,Macarena Monetta,Consultas y Herramientas
104894,11 Sep 2025 10:54 AM,SURCAN,al deshabilitar script en el ticket #101376 se dejo de calcular percepciones en el presupuesto,-,,Cerrado,11 Sep 2025,Phone,Consulta,-,Joaquina Villanueva,Script
104895,11 Sep 2025 11:02 AM,FORKRET,Filtrar búsqueda de comprobantes de origen,-,,Cerrado,11 Sep 2025,Phone,Consulta,-,Elizabeth Alvarez,CPR Ventas
104896,11 Sep 2025 11:03 AM,EC SAPEM,No le permite realizar la existencia de articulos sobre el ARTICULO VARIO,-,"Manuel consulta por que motivo no le permite realizar la existencia de artículos sobre el ARTICULO VARIO. Al ingresar a la administración del articulo se corrobora que no poseía ninguna configuración sobre el stock, motivo por el que no le permitía ver el recorrido de existencia del articulo, se modifico el mismo.",Cerrado,11 Sep 2025,Phone,Consulta,-,Leila Bonacina,ABM Artículos
104897,11 Sep 2025 11:04 AM,DRUBICH Y CIA,Comunicación con Leila por ticket #104772,-,,Cerrado,11 Sep 2025,Phone,Consulta,-,Elizabeth Alvarez,Comunicarse con Soporte
104898,11 Sep 2025 11:15 AM,FERRARO MATERIALES,Plantea misma situación de ticket #104831 el cual está siendo tratado por el área de desarrollo,-,,Cerrado,11 Sep 2025,Chat,Consulta,-,Macarena Monetta,Ticket Duplicado
104899,11 Sep 2025 11:16 AM,ARCOIRIS PINTURERIA,comunicarse con Juan Acosta,-,,Cerrado,11 Sep 2025,Phone,Consulta,-,Joaquina Villanueva,Comunicarse con otra área
104901,11 Sep 2025 11:29 AM,GALLO DISTRIBUCIONES,Requiere informe económico,-,,Generar Presupuesto,-,Email,Requerimiento,-,Lautaro Bustos,Consultas y Herramientas
104902,11 Sep 2025 11:30 AM,ARCOIRIS PINTURERIA,Cambiar valor de caja y emitir recibo con descuentos,-,,Cerrado,-,Phone,Consulta,-,Juan Acosta,Caja
104903,11 Sep 2025 11:33 AM,YAPUR,Costos tabulados a artículos en listas de precios,-,Costos tabulados a artículos en listas de precios,Cerrado,11 Sep 2025,Chat,Consulta,-,Micaela Gatti,Consultas y Herramientas
104904,11 Sep 2025 11:40 AM,ALMADA,Consulta personalizada para rentabilidad de ventas,-,,Cerrado,01 Oct 2025,Phone,Requerimiento,-,Elizabeth Alvarez,Consultas y Herramientas
104905,11 Sep 2025 11:49 AM,YAPUR,Actualizar leyenda de descuento en reporte Presupuesto,-,,Cerrado,11 Sep 2025,Email,Consulta,-,Elizabeth Alvarez,Reportes
104906,11 Sep 2025 11:50 AM,Credimisión,Facturar artículo de regalo,-,,Cerrado,11 Sep 2025,Chat,Consulta,-,Lautaro Bustos,CPR Ventas
104907,11 Sep 2025 11:52 AM,BULONERIA BELGRANO,No pueden acceder desde ninguna pc al paljet --,-,"No pueden acceder desde ninguna pc al paljet, se ingreso al servidor y dado que tampoco abría el Paljet, se reiniciaron los servicios. Se corroboro en la llamada que pudieron acceder.",Cerrado,11 Sep 2025,Phone,Consulta,-,Leila Bonacina,Conexión
104908,11 Sep 2025 11:54 AM,DIPORÁ,Comenta que una pc no puede solicitar cae- No tenía los archivos del certificado ni claveprivada,-,,Cerrado,11 Sep 2025,Chat,Consulta,-,Macarena Monetta,Factura electrónica
104909,11 Sep 2025 11:57 AM,BULONERIA BELGRANO,comunicarse con Paula,-,,Cerrado,11 Sep 2025,Phone,Consulta,-,Joaquina Villanueva,Comunicarse con otra área
104910,11 Sep 2025 11:57 AM,TODO CAÑO,Limite de crédito en clientes,-,Limite de crédito en clientes,Cerrado,11 Sep 2025,Chat,Consulta,-,Micaela Gatti,ABM Clientes
104911,11 Sep 2025 12:27 PM,LINARES,Información de consulta ID 696 respecto a FA,-,,Cerrado,11 Sep 2025,Email,Consulta,-,Elizabeth Alvarez,Consultas y Herramientas
104913,11 Sep 2025 12:45 PM,ROUTER,Consulta personalizada que muestre los costos tabulados de un articulo en las distintas listas de precios,-,,Cerrado,30 Sep 2025,Email,Requerimiento,-,Karen Varon,Consultas y Herramientas
104916,11 Sep 2025 12:47 PM,ANDERSEN MATERIALES,Herramienta  que permita visualizar los comprobantes eliminados,-,,Cerrado,11 Sep 2025,Chat,Consulta,-,Macarena Monetta,Consultas y Herramientas
104918,11 Sep 2025 12:51 PM,RTI / PBS - NICARAGUA,Inconvenientes al visualizar recursos asociados a clientes - Error de conexión al servicio de recursos,-,Inconvenientes al visualizar recursos asociados a clientes - Error de conexión al servicio de recursos,Cerrado,11 Sep 2025,Chat,Consulta,-,Micaela Gatti,ABM Clientes
104919,11 Sep 2025 12:54 PM,FERRARO MATERIALES,Agentes de recaudación - Modificación de formato de importación ARBA,-,,En Analisis,-,Email,Mejora,-,Karen Varon,Percepciones y retenciones
104920,11 Sep 2025 12:55 PM,FEMAT ACE,Comunicación con Macarena M. por ticket #95472,-,llamada entrante de (1161771525),Cerrado,11 Sep 2025,Phone,Consulta,-,Karen Varon,Comunicarse con Soporte
104921,11 Sep 2025 12:56 PM,AUTOPARTES,Reporta que el sistema no calcula alícuota correcta de percepción,-,,Cerrado,11 Sep 2025,Chat,Consulta,-,Lautaro Bustos,Percepciones y retenciones
104922,11 Sep 2025 12:59 PM,Montajes y Construcciones Quequén,Consulta como poder insertar imagen dentro de la orden de servicio y si puede ser mas de una,-,,Cerrado,11 Sep 2025,Chat,Consulta,-,Macarena Monetta,Orden de Servicio
104923,11 Sep 2025 01:02 PM,GARAY,asociar entidad al cliente,-,,Cerrado,11 Sep 2025,Phone,Consulta,-,Joaquina Villanueva,Administración
104924,11 Sep 2025 01:14 PM,DISTRIBUIDORA PARA MASCOTAS,CONSOLIDADO no cumple con lo solicitado.,-,CONSOLIDADO no cumple con lo solicitado.,En Tratamiento,-,Email,Consulta,-,Macarena Analía Ramirez Barzola,BBJet Gestión de Inventario
104925,11 Sep 2025 01:28 PM,ARCOIRIS PINTURERIA,Configuración para envío de comprobantes por correo al aceptar,-,,Cerrado,17 Sep 2025,Email,Requerimiento,-,Juan Acosta,E-mail
104926,11 Sep 2025 01:28 PM,SUMIAGRO,ELIMINAR COMPROBANTE,-,ELIMINAR COMPROBANTE,Cerrado,11 Sep 2025,Email,Consulta,-,Macarena Analía Ramirez Barzola,Eliminación de CPR
104927,11 Sep 2025 01:47 PM,RTI / PBS - NICARAGUA,Comenta no poder ingresar al sistema por licencia vencida,-,,Cerrado,11 Sep 2025,Chat,Consulta,-,Karen Varon,Sistema
104928,11 Sep 2025 01:47 PM,ARCOIRIS PINTURERIA,Envío automático de orden de pagos y retenciones,-,,Cerrado,11 Sep 2025,Email,Consulta,-,Juan Acosta,E-mail
104929,11 Sep 2025 01:55 PM,FEMAT ACE,Consulta duda sobre información que se está trabajando en ticket #95472,-,,Cerrado,11 Sep 2025,Chat,Consulta,-,Macarena Monetta,Consulta por ticket
104930,11 Sep 2025 01:58 PM,Gromax,Acomodar comprometido de cliente,-,Acomodar comprometido de cliente Por todas las facturas y NC fiscales que tenía indicamos que la mejor opción es terminar el circuito y arrancar de cero Igual a lo comentado en ticket #104651,Cerrado,11 Sep 2025,Phone,Consulta,-,Macarena Analía Ramirez Barzola,CPR Ventas
104931,11 Sep 2025 02:00 PM,Montajes y Construcciones Quequén,Chat sin respuesta del cliente,-,Chat sin respuesta del cliente,Cerrado,11 Sep 2025,Chat,Consulta,-,Micaela Gatti,Sin respuesta
104932,11 Sep 2025 02:04 PM,ANDERSEN MATERIALES,Cristian solicita el la modificacion de los talonarios a los que le permite acceder por usuario,-,Cristian solicita el la modificación de los talonarios a los que le permite acceder por usuario.,Cerrado,12 Sep 2025,Phone,Consulta,-,Leila Bonacina,Talonario / Config. PC Talonarios
104933,11 Sep 2025 02:07 PM,ANDRETICH,No llega notificacion de pedido de BtoB al correo,-,,Cerrado,11 Sep 2025,Chat,Consulta,-,Karen Varon,E-mail
104934,11 Sep 2025 02:07 PM,ANDRETICH,Establecer descuentos a artículos en Nota de Pedido a partir de Presupuesto,-,Establecer descuentos a artículos en Nota de Pedido a partir de Presupuesto,Cerrado,11 Sep 2025,Chat,Consulta,-,Micaela Gatti,CPR Ventas
104935,11 Sep 2025 02:11 PM,BIOMED,Consulta por ticket #104596,-,Consulta por ticket #104596,Cerrado,11 Sep 2025,Phone,Consulta,-,Leila Bonacina,Consulta por ticket
104936,11 Sep 2025 03:09 PM,E-Parts Franquicia Posadas,Indica que desea que la factura de proveedor no realice ninguna accion sobre el stock,-,Se le indica que en estos caso si lo desean deben formular un correo con el circuito que desean establecer. También consulta que otra forma tiene de sacar un articulo del stock. Se indica que puede realizar un ajuste de stock o existencia.,Cerrado,11 Sep 2025,Phone,Consulta,-,Leila Bonacina,Stock
104937,11 Sep 2025 03:24 PM,MERCONOR,Consulta por modificación de reporte,-,,En Tratamiento,19 Sep 2025,Email,Consulta,-,Elizabeth Alvarez,Reportes
104938,11 Sep 2025 03:29 PM,E-Parts - Grupo Cervantes,Consulta por modificación de artículos compuestos,-,,Cerrado,11 Sep 2025,Phone,Consulta,-,Elizabeth Alvarez,ABM Artículos
104939,11 Sep 2025 03:46 PM,MARCHAL,Link para descargar el instalador de paljet,-,Link para descargar el instalador de paljet,Cerrado,11 Sep 2025,Chat,Consulta,-,Macarena Analía Ramirez Barzola,Instalación de Cliente
104940,11 Sep 2025 03:52 PM,ARCOIRIS PINTURERIA,Solicita contacto con Juan Acosta,-,Solicita contacto con Juan Acosta,Cerrado,11 Sep 2025,Phone,Consulta,-,Macarena Analía Ramirez Barzola,Comunicarse con otra área
104941,11 Sep 2025 03:52 PM,CORSAN,Corrección campos en reporte,-,,Cerrado,12 Sep 2025,Chat,Consulta,-,Elizabeth Alvarez,Reportes
104942,11 Sep 2025 03:56 PM,CASTRO,Asignar numeración a comprobante de esq secundario en -1,-,llamada entrante de (3888608976),Cerrado,11 Sep 2025,Phone,Consulta,-,Karen Varon,CPR Ventas
104943,11 Sep 2025 04:04 PM,FERRARO MATERIALES,Consulta sobre ticket #104831,-,,Cerrado,11 Sep 2025,Chat,Consulta,-,Karen Varon,Consulta por ticket
104944,11 Sep 2025 04:08 PM,MAXILIMP,Desde donde buscar e imprimir un remito interno,-,Desde donde buscar e imprimir un remito interno,Cerrado,11 Sep 2025,Chat,Consulta,-,Macarena Analía Ramirez Barzola,Stock
104945,11 Sep 2025 04:09 PM,MAGAFLA,Comprobantes que no han sido replicados desde Paljet Synch,-,llamada entrante de (Distribuidora Magafla SRL),Cerrado,11 Sep 2025,Phone,Consulta,-,Karen Varon,CPR Ventas
104946,11 Sep 2025 04:12 PM,RTI / PBS - NICARAGUA,"Error ""empleado no valido""",-,,Cerrado,11 Sep 2025,Chat,Consulta,-,Karen Varon,Sistema
104947,11 Sep 2025 04:20 PM,MUNDO AUTOPARTES,Solicita demo de funcionamiento BBJet ML,-,,En Tratamiento,-,Chat,Consulta,-,Marina González,BBJet ML
104948,11 Sep 2025 04:26 PM,DE DIEGO,Consultas sobre ID de procesos y desarrollos,-,Consultas sobre ID de procesos y desarrollos,Cerrado,11 Sep 2025,Chat,Consulta,-,Macarena Analía Ramirez Barzola,Script
104949,11 Sep 2025 04:27 PM,FERRETERIA CARVAJAL,Consulta por anulación de NC,-,,Cerrado,12 Sep 2025,Chat,Consulta,-,Elizabeth Alvarez,CPR Ventas
104950,11 Sep 2025 04:38 PM,Credimisión,"Consulta por circuito a seguir con orden de compra, factura y remito proveedor",-,"Consulta por circuito a seguir con orden de compra, factura y remito proveedor",Cerrado,11 Sep 2025,Chat,Consulta,-,Macarena Analía Ramirez Barzola,CPR Compras
104951,11 Sep 2025 04:48 PM,FERRETERIA CARVAJAL,Que en las notas de crédito aparezca el vendedor,-,Que en las notas de crédito aparezca el vendedor,Cerrado,11 Sep 2025,Chat,Consulta,-,Macarena Analía Ramirez Barzola,CPR Ventas
104952,11 Sep 2025 05:01 PM,DRUBICH Y CIA,Ingreso a la pagina de BtoB desde pc cliente,-,,Cerrado,11 Sep 2025,Chat,Consulta,-,Karen Varon,BBJet BtoB
104953,11 Sep 2025 05:03 PM,CORSAN,Saludo para chat de ticket #104941,-,Saludo para chat de ticket #104941,Cerrado,11 Sep 2025,Chat,Consulta,-,Macarena Analía Ramirez Barzola,Ticket Duplicado
104954,11 Sep 2025 05:04 PM,BOURLOT,Comunicación con Germán por consultas técnicas,-,llamada entrante de (3446373961),Cerrado,11 Sep 2025,Phone,Consulta,-,Karen Varon,Comunicarse con otra área
104955,11 Sep 2025 05:17 PM,Gromax,Dudas sobre plantilla de importación de artículos,-,Dudas sobre plantilla de importación de artículos,Cerrado,11 Sep 2025,Phone,Consulta,-,Macarena Analía Ramirez Barzola,PalJet Import
104956,11 Sep 2025 05:24 PM,HIPERPLACA,"Error de ""access violation"" al solicitar cae en una pc",-,llamada entrante de (3884073077),Cerrado,11 Sep 2025,Phone,Consulta,-,Karen Varon,Factura electrónica
104957,11 Sep 2025 05:29 PM,DE DIEGO,Error 555 (web service) al solicitar cae,-,,Cerrado,11 Sep 2025,Chat,Consulta,-,Karen Varon,Factura electrónica
104958,11 Sep 2025 05:44 PM,E-Parts Franquicia San Luis,Consulta por cobro de administración,-,Consulta por cobro de administración,Cerrado,19 Sep 2025,Phone,Consulta,-,Karen Bonacina,Administración
104959,11 Sep 2025 05:53 PM,GUIDOLI FLORIO,Deposito bancario no se visualiza en la gestion de valores,-,Deposito bancario no se visualiza en la gestion de valores,Cerrado,11 Sep 2025,Phone,Consulta,-,Macarena Analía Ramirez Barzola,Banco
104960,11 Sep 2025 06:24 PM,EL SURCO,"Error ""la fecha de cobro del cheque ingresado es mayor a la fecha del recibo"" al cargar cheq tercero en factura",-,"Error ""la fecha de cobro del cheque ingresado es mayor a la fecha del recibo"" al cargar cheq tercero en factura llamada entrante de (2302668023)",Cerrado,11 Sep 2025,Phone,Consulta,-,Karen Varon,Script
104961,11 Sep 2025 06:30 PM,MGL Complementos,Instalar impresora fiscal,-,Instalar impresora fiscal,Cerrado,11 Sep 2025,Phone,Consulta,-,Macarena Analía Ramirez Barzola,Impresoras Fiscales
104962,11 Sep 2025 06:39 PM,MAXILIMP,Consulta sobre artículo compuesto,-,Consulta sobre artículo compuesto,Cerrado,11 Sep 2025,Chat,Consulta,-,Macarena Analía Ramirez Barzola,ABM Artículos
104963,11 Sep 2025 06:40 PM,DISTRIBUIDORA LA T,Error al realizar NC por script de control que no permite descuento en el articulo,-,llamada entrante de (3573498188),Cerrado,11 Sep 2025,Phone,Consulta,-,Karen Varon,CPR Ventas
104964,11 Sep 2025 07:29 PM,LOISA,Asistencia para encontrar ND realizada en esquema secundario,-,,Cerrado,11 Sep 2025,Chat,Consulta,-,Karen Varon,CPR Ventas
104965,12 Sep 2025 08:12 AM,ROUTER,Baja de 4 licencias de Mobile,-,,Cerrado,12 Sep 2025,Chat,Baja Licencia/Modulo,-,Macarena Monetta,BBJet Mobile
104966,12 Sep 2025 08:12 AM,BOURLOT,Reenumerar movimiento entre cuentas en -1 y consulta sobre webservice,-,Reenumerar movimiento entre cuentas en -1 y consulta sobre webservice,Cerrado,12 Sep 2025,Chat,Consulta,-,Macarena Analía Ramirez Barzola,Caja
104967,12 Sep 2025 08:19 AM,COMSA,Comenta que no pueden ingresar a Gestión de inventario- La pc servidor no tenía internet,-,,Cerrado,12 Sep 2025,Chat,Consulta,-,Macarena Monetta,BBJet Gestión de Inventario
104968,12 Sep 2025 08:43 AM,CORRALON VAQUEROS,"Error ""el documento xml debe tener un nivel superior"" al solicitar CAE",-,"Error ""el documento xml debe tener un nivel superior"" al solicitar CAE",Cerrado,12 Sep 2025,Chat,Consulta,-,Macarena Analía Ramirez Barzola,Factura electrónica
104969,12 Sep 2025 08:56 AM,CMS,Error en la generación de asientos (información para ticket #103198),-,Error en la generación de asientos (información para ticket #103198),Cerrado,12 Sep 2025,Chat,Consulta,-,Macarena Analía Ramirez Barzola,Consulta por ticket
104970,12 Sep 2025 09:01 AM,RIGELEC,Solicitud de NC al área administrativa,-,,Cerrado,12 Sep 2025,Email,Consulta,-,Karen Varon,Administración
104971,12 Sep 2025 09:07 AM,FUGAS,Inconvenientes al solicitar CAE por fecha no correlativa,-,"Inconvenientes al solicitar CAE por fecha no correlativa. La última informada tenía fecha 11/09, y la que estaban tratando de informar, 10/09",Cerrado,12 Sep 2025,Phone,Consulta,-,Micaela Gatti,Factura electrónica
104972,12 Sep 2025 09:15 AM,E-Parts Franquicia Posadas,Consulta por lo explicado en ticket #104866,-,Fabian consulta por lo explicado en ticket #104866 llamada entrante de (3764250535),Cerrado,12 Sep 2025,Phone,Consulta,-,Elizabeth Alvarez,Consulta por ticket
104973,12 Sep 2025 09:20 AM,CASA CARLITOS,Consulta por ticket #103071,-,Consulta por ticket #103071 llamada entrante de (3625176817),Cerrado,12 Sep 2025,Phone,Consulta,-,Karen Varon,Consulta por ticket
104974,12 Sep 2025 09:22 AM,ARCOIRIS PINTURERIA,Dudas sobre emitir comprobante con cotización por transacción,-,Dudas sobre emitir comprobante con cotización por transacción,Cerrado,12 Sep 2025,Phone,Consulta,-,Micaela Gatti,Multimoneda
104975,12 Sep 2025 09:24 AM,E-Parts Franquicia Posadas,Consulta por movimientos de caja - Corrección de saldos,-,llamada entrante de (3764250535) Llama Fabian Explicamos los movimientos generados en ticket #104866 para corrección de saldos de caja de día 06/09,Cerrado,-,Phone,Consulta,-,Agostina Lozano,Caja
104976,12 Sep 2025 09:27 AM,ANGACO MATERIALES,Consulta por error de conexión en nueva PC,-,Andres consulta por error de conexión en nueva PC pero cree que encontró el error. Cualquier cosa vuelve a llamar llamada entrante de (Andres),Cerrado,12 Sep 2025,Phone,Consulta,-,Elizabeth Alvarez,Conexión
104977,12 Sep 2025 09:29 AM,Lampe,Visualizar stock valor y con mayor rotacion en tableros de BI,-,"Buen dia, quisiera saber si hay alguna forma de ver en el Business..el stock valorizado de productos que se tiene actualmente... Ademas de poder ver cuales son los productos que tienen mayor rotacion y los que menos salidas tienen Toda Otra info adicional sirve....... Saludos Oscar Abalos",Cerrado,12 Sep 2025,Web,Consulta,-,Karen Varon,BI
104978,12 Sep 2025 09:33 AM,TOYOMEC,comunicarse con administracion,-,,Cerrado,12 Sep 2025,Chat,Consulta,-,Joaquina Villanueva,Comunicarse con otra área
104979,12 Sep 2025 09:39 AM,ARCOIRIS PINTURERIA,Solicita contacto con Juan,-,llamada entrante de (3764250535) Llama Andrea Pasamos llamada a Juan,Cerrado,12 Sep 2025,Phone,Consulta,-,Agostina Lozano,Caja
104980,12 Sep 2025 09:39 AM,E-Parts Franquicia Posadas,Comunicación con Agostina por ticket #104975,-,Comunicación con Agostina por ticket #104975 llamada entrante de (3764250535),Cerrado,12 Sep 2025,Phone,Consulta,-,Karen Varon,Consulta por ticket
104981,12 Sep 2025 09:42 AM,TOYOMEC,Solicita contacto con Administración,-,,Cerrado,12 Sep 2025,Phone,Consulta,-,Elizabeth Alvarez,Administración
104982,12 Sep 2025 09:44 AM,FERROMUNDO,Error en la solicitud de cae,-,llamada entrante de (2995767168),Cerrado,12 Sep 2025,Phone,Consulta,-,Karen Varon,Factura electrónica
104983,12 Sep 2025 09:46 AM,ARCOIRIS PINTURERIA,Usuario no visualiza Remito para tomar como origen en una Factura,-,Usuario no visualiza Remito para tomar como origen en una Factura,Cerrado,12 Sep 2025,Phone,Consulta,-,Micaela Gatti,CPR Ventas
104984,12 Sep 2025 09:47 AM,ARCOIRIS PINTURERIA,Consulta sobre listas de precios y configuración de artículo para modificar descripción en CPR,-,,Cerrado,-,Phone,Consulta,-,Juan Acosta,Lista de Precios
104985,12 Sep 2025 09:50 AM,E-Parts Franquicia Posadas,Solicita contacto con Agostina,-,Solicita contacto con Agostina,Cerrado,12 Sep 2025,Phone,Consulta,-,Micaela Gatti,Comunicarse con Soporte
104987,12 Sep 2025 09:59 AM,MAGAFLA,Agregar campo en reporte factura,-,,Cerrado,12 Sep 2025,Email,Consulta,-,Elizabeth Alvarez,Reportes
104988,12 Sep 2025 10:06 AM,IMPRESORA DEL NEA SA,Consulta por formato de impresión de remito mediante imp láser,-,,Cerrado,12 Sep 2025,Chat,Consulta,-,Elizabeth Alvarez,Impresora Láser
104989,12 Sep 2025 10:08 AM,ARCOIRIS PINTURERIA,Dudas sobre precio en lista de precios de oferta al cargar artículo en comprobante y artículo de tintométrico,-,,Cerrado,12 Sep 2025,Phone,Consulta,-,Micaela Gatti,CPR Ventas
104990,12 Sep 2025 10:20 AM,E-Parts Franquicia Posadas,Consulta por movimientos de caja,-,"llama Karina, contadora de la empresa Explicamos movimientos de corrección de saldos de caja y procedimientos internos por comprobantes con valores erróneos",Cerrado,-,Phone,Consulta,-,Agostina Lozano,Caja
104991,12 Sep 2025 10:46 AM,ARCOIRIS PINTURERIA,Solicita contacto con Juan A ,-,,Cerrado,12 Sep 2025,Phone,Consulta,-,Elizabeth Alvarez,Comunicarse con otra área
104992,12 Sep 2025 10:56 AM,FEMAT ACE,Solicita ayuda para instalar Paljet Network en una pc,-,,Cerrado,12 Sep 2025,Chat,Consulta,-,Macarena Monetta,Instalación de Cliente
104993,12 Sep 2025 11:02 AM,TALLERES ALSINA,Eliminar contra recibo,-,Eliminar contra recibo,Cerrado,12 Sep 2025,Chat,Consulta,-,Macarena Analía Ramirez Barzola,Eliminación de CPR
104994,12 Sep 2025 11:07 AM,LOGBELTS SRL,Inconveniente al asignar lista de precios a cliente / solicita archivo para actualizar lista de precios,-,llamada entrante de (Valentina),Cerrado,12 Sep 2025,Phone,Consulta,-,Elizabeth Alvarez,Lista de Precios
104995,12 Sep 2025 11:11 AM,RTI / PBS - NICARAGUA,EMPLEADO NO VALIDO PARA REALIZAR NOVEDADES EN SURCURSAL MASAYA,-,,Cerrado,12 Sep 2025,Chat,Consulta,-,Joaquina Villanueva,CPR Ventas
104996,12 Sep 2025 11:16 AM,SIA,Modificar script de margen mínimo de utilidad,-,"Modificar script de control de margen mínimo de utilidad sobre tipo de cambio ya que al cambiar la funcionalidad de emitir los comprobantes en moneda dólar se está ejecutando de manera incorrecta. Ejemplo: artículo de código CMCRZT42L tiene precio de costo de gestión u$s 3075.36 y precio de venta neto u$s 7050, montos que establecen una utilidad de 129.24 %. Al querer emitir el comprobante en momenda DOLAR EMPRESA (ID 2) sale el mensaje de que hay que verificar el margen de utilidad (que en el control el mínimo es del 25 %) del artículo y no deja emitir el comprobante. Mientras que si se emite el CPR en moneda PESO, no sale el mensaje de error. Se adjunta script de control actual.",Cerrado,15 Sep 2025,Chat,Mejora,-,Juan Acosta,Script
104997,12 Sep 2025 11:22 AM,Direfil,Habilitación del Módulo Orden de Servicio,-,"Buenos días. Se solicita la habilitación del Módulo Orden de Servicio, incluye hasta 6h de capacitación remota. Se aprueba el presupuesto en la demo. Gracias.",Cerrado,24 Sep 2025,Chat,Instalación,-,Agostina Lozano,Orden de Servicio
104998,12 Sep 2025 11:26 AM,KALYDON TOOLS,Alta de concepto de comprobante,-,llamada entrante de (1133406551) Llama Javier Indicamos pasos para agregar concepto a nota de crédito,Cerrado,-,Phone,Consulta,-,Agostina Lozano,Sistema
104999,12 Sep 2025 11:28 AM,SUMIAGRO,Administrar árbol de familias,-,Administrar árbol de familias,Cerrado,12 Sep 2025,Chat,Consulta,-,Macarena Analía Ramirez Barzola,ABM Artículos
105000,12 Sep 2025 11:33 AM,Ferretería del Norte,Chat sin respuesta del cliente,-,,Cerrado,12 Sep 2025,Chat,Consulta,-,Macarena Monetta,Sin respuesta
105001,12 Sep 2025 11:39 AM,MGL Complementos,chat sin respuesta,-,,Cerrado,12 Sep 2025,Chat,Consulta,-,Joaquina Villanueva,Sin respuesta
105002,12 Sep 2025 11:48 AM,GARAY,Consulta sobre facturas a partir de nota de pedido ML,-,llamada entrante de (3435322297),Cerrado,-,Phone,Consulta,-,Eliana Barreto,BBJet ML
105003,12 Sep 2025 12:21 PM,DISTRIBUIDORA SENCO,Reflejar depósito bancario,-,Reflejar depósito bancario,Cerrado,12 Sep 2025,Phone,Consulta,-,Micaela Gatti,Banco
105004,12 Sep 2025 12:31 PM,Nicolás Rogelio Caldo,Informa que debe instalar el paljet en una pc en ticket  #87105,-,Se Le indica a Nicolás que enviaremos el instructivo correspondiente y se requiere asistencia nos informado se puede comunicar con la mesa de ayuda,Cerrado,12 Sep 2025,Phone,Consulta,-,Leila Bonacina,Consulta por ticket
105005,12 Sep 2025 12:47 PM,Compraliados,Modificar numeración de comprobante de proveedor,-,Modificar numeración de comprobante de proveedor,Cerrado,12 Sep 2025,Phone,Consulta,-,Micaela Gatti,Arreglar datos
105006,12 Sep 2025 01:00 PM,FUGAS,Modificar percepciones al pie de facturas de prov ya emitidas,-,,Cerrado,12 Sep 2025,Phone,Consulta,-,Lautaro Bustos,CPR Compras
105007,12 Sep 2025 01:01 PM,SJG MONTAJES INDUSTRIALES,Consulta por el ticket #103764,-,Consulta por el ticket #103764,Cerrado,12 Sep 2025,Phone,Consulta,-,Leila Bonacina,Consulta por ticket
105008,12 Sep 2025 01:16 PM,COMSA,Pudieron conectar la red del servidor de mobile pero no funcionan los producto de GI y Expedicion,-,,Cerrado,12 Sep 2025,Chat,Consulta,-,Macarena Monetta,BBJet Gestión de Inventario
105009,12 Sep 2025 01:25 PM,LOGBELTS SRL,Asistencia para verificar saldos de caja,-,,Cerrado,12 Sep 2025,Phone,Consulta,-,Elizabeth Alvarez,Caja
105010,12 Sep 2025 01:31 PM,FERRARO MATERIALES,Consulta por estado de ticket #104831,-,Consulta por estado de ticket #104831,Cerrado,12 Sep 2025,Chat,Consulta,-,Macarena Analía Ramirez Barzola,Consulta por ticket
105011,12 Sep 2025 01:43 PM,Marquiz,Solicita hablar con Macarena Monetta por el ticket #102896,-,Solicita hablar con Macarena Monetta por el ticket #102896,Cerrado,12 Sep 2025,Phone,Consulta,-,Leila Bonacina,Comunicarse con Soporte
105012,12 Sep 2025 02:00 PM,FORKRET,Solicita reiniciar módulo de contabilidad por manejo erróneo en los últimos años,-,,Cerrado,19 Sep 2025,Phone,Requerimiento,-,Lautaro Bustos,Contabilidad
105013,12 Sep 2025 02:01 PM,Samaco,Habilitar a usuarios realizar descuento en control ID 10054 y 10059,-,"Buenas tardes, segun lo conversado con Juan Acosta, solicito se modifique control ID 10054 y 10059, permitiendo agregar usuarios que puedan realizar hasta un 20% de descuento muchas gracias saludos",Cerrado,16 Sep 2025,Web,Mejora,-,Karen Varon,Script
105014,12 Sep 2025 02:02 PM,COMSA,ticket duplicado #105008,-,,Cerrado,12 Sep 2025,Chat,Consulta,-,Joaquina Villanueva,Ticket Duplicado
105015,12 Sep 2025 02:06 PM,Samaco,"Agregar a consulta ID 68 columna de ""cantidad de empaque""",-,"Buenas tardes, necesitamos consulta personalizada similar a la consulta ID 68, pero que se agregue la columna de cantidad de empaque y tambien la columna resultante de la multiplicacion entre la cantidad en existencia y la cantidad de empaque. muchas gracias saludos",Cerrado,19 Sep 2025,Web,Requerimiento,-,Karen Varon,Consultas y Herramientas
105016,12 Sep 2025 02:34 PM,FERROMUNDO,PC no solicita CAE automáticamente,-,,Cerrado,12 Sep 2025,Phone,Consulta,-,Lautaro Bustos,Factura electrónica
105017,12 Sep 2025 02:53 PM,LOGBELTS SRL,se comunica Nieves por diferencias en saldos de caja,-,se comunica Nieves por diferencias en saldos de caja,Cerrado,15 Sep 2025,Phone,Consulta,-,Leila Bonacina,Caja
105018,12 Sep 2025 02:58 PM,FERRARO MATERIALES,"""Insufficient memory for this operation"" al cargar orden de pago",-,"""Insufficient memory for this operation"" al cargar orden de pago",Cerrado,12 Sep 2025,Chat,Consulta,-,Macarena Analía Ramirez Barzola,Ticket Duplicado
105019,12 Sep 2025 03:02 PM,FERROMUNDO,solicitud de licencias,-,,Cerrado,12 Sep 2025,Email,Adquisición Licencia/Módulos,-,Joaquina Villanueva,Licencia / Modulo
105020,12 Sep 2025 03:03 PM,ARCOIRIS PINTURERIA,Error al solicitar CAE a factura de crédito electrónica,-,,Cerrado,15 Sep 2025,Email,Consulta,-,Juan Acosta,Factura de crédito
105021,12 Sep 2025 03:10 PM,Autopiezas SRL,Solicita contacto con Juan Pablo - Cliente en pre implementación,-,Solicita contacto con Juan Pablo - Cliente en pre implementación,Cerrado,12 Sep 2025,Phone,Consulta,-,Micaela Gatti,Comunicarse con otra área
105022,12 Sep 2025 03:15 PM,FERRETERÍA ARGENTINA RAWSON,Error de conexión al ingresar a Paljet en nuevas pc,-,llamada entrante de (2804369587),Cerrado,12 Sep 2025,Phone,Consulta,-,Karen Varon,Conexión
105023,12 Sep 2025 03:42 PM,Corralón Santiago,Cargar información de comprobante con //,-,,Cerrado,13 Sep 2025,Chat,Consulta,-,Elizabeth Alvarez,CPR Ventas
105024,12 Sep 2025 03:45 PM,ARCOIRIS PINTURERIA,Consulta por emisión de NC a FA emitida en sistema anterior,-,,Cerrado,12 Sep 2025,Phone,Consulta,-,Lautaro Bustos,CPR Ventas
105025,12 Sep 2025 04:00 PM,ARCOIRIS PINTURERIA,Como registrar una devolución del sistema anterior,-,,Cerrado,-,Phone,Consulta,-,Juan Acosta,CPR Ventas
105026,12 Sep 2025 04:19 PM,ASERRADERO H,Solicita modificar el domicilio en todos los reporte.,-,Solicita modificar el domicilio en todos los reporte. enviara un correo con los puntos de ventas y comprobantes que deben ser modificados,Cerrado,12 Sep 2025,Phone,Consulta,-,Leila Bonacina,Reportes
105027,12 Sep 2025 04:21 PM,ASERRADERO H,"Solicita realizar el cambio de domicilio en los reportes de los puntos de vetna 11,16 y 17",-,"Solicita realizar el cambio de domicilio en los reportes de los puntos de venta 11,16 y 17",Cerrado,12 Sep 2025,Email,Consulta,-,Leila Bonacina,Reportes
105028,12 Sep 2025 04:52 PM,AMPERBAT,comprobantes en -1,-,Se comunico Vilma por 3 comprobantes en -1 se le indico que los mismos deben ser eliminados y reprocesados. Además de cerrar y volver a iniciar.,Cerrado,12 Sep 2025,Phone,Consulta,-,Leila Bonacina,Factura electrónica
105029,12 Sep 2025 04:56 PM,FERRARO MATERIALES,Solicita hablar con Lautaro bustos por el ticket #104831,-,Solicita hablar con Lautaro bustos por el ticket #104831,Cerrado,12 Sep 2025,Phone,Consulta,-,Leila Bonacina,Comunicarse con Soporte
105030,12 Sep 2025 04:58 PM,SANTA RITA,Corroborrar si el sincronismo esta funcionando,-,Se ingreso al Servidor y se inicio el sincronismo el mismo quedo corriendo.,Cerrado,12 Sep 2025,Chat,Consulta,-,Leila Bonacina,Peplicación / Sincronismo de DB
105031,12 Sep 2025 05:02 PM,ROUTER,Consulta por generación e impresión de libro diario,-,,Cerrado,12 Sep 2025,Phone,Consulta,-,Lautaro Bustos,Contabilidad
105032,12 Sep 2025 05:13 PM,MAXILIMP,Consultas sobre exportación de arts para balanza,-,,Cerrado,12 Sep 2025,Chat,Consulta,-,Lautaro Bustos,ABM Artículos
105033,12 Sep 2025 05:20 PM,Ferretería Comercial Colón,Como visualizar el deposito en el que e ingreso un comprobante de proveedor,-,"Se le indica que puede utilizar la 657, confirma que muestra lo solicitado pero manifiesta que le seria mas util que esa información se muestra en la interfaz de paljet",Cerrado,16 Sep 2025,Chat,Requerimiento,-,Leila Bonacina,Consultas y Herramientas
105034,12 Sep 2025 06:08 PM,Marquiz,Error al emitir factura B,-,,Cerrado,12 Sep 2025,Phone,Consulta,-,Lautaro Bustos,CPR Ventas
105035,12 Sep 2025 06:29 PM,CASA CARLITOS,Informan que ya realizaron el pago del ticket #103071,-,Informan que ya realizaron el pago del ticket #103071,Cerrado,12 Sep 2025,Phone,Consulta,-,Leila Bonacina,Consulta por ticket
105036,12 Sep 2025 06:44 PM,MGL Complementos,Mover mercaderia de un deposito a otro,-,Nos indican que se ingreso un remito en un deposito incorrecto. Consulta como puede cambiar la mercadería de deposito. Se le indico que puede reprocesar el remito o realizar un remito de movimiento de mercadería.,Cerrado,13 Sep 2025,Chat,Consulta,-,Leila Bonacina,Inventario
105037,12 Sep 2025 07:07 PM,E- Parts Franquicia Chajarí,Carga de FA prov sin CUIT,-,,Cerrado,12 Sep 2025,Chat,Consulta,-,Lautaro Bustos,CPR Compras
105038,12 Sep 2025 07:15 PM,ANPAU,al llamar el remito de clientes se ve en -1 y no lo deja cargar,-,"Se le indica que debe cerrar y Volver abrir el Paljet, eliminar los remitos y reprocesarlo. dado que al quedar en azul y -1 se encuentran en estado de error.",Cerrado,12 Sep 2025,Phone,Consulta,-,Leila Bonacina,CPR Ventas
105039,12 Sep 2025 07:39 PM,Total Caño,"""Hay valores que poseen fecha de comprobante anterior mayor al que se está emitiendo"" al intentar liquidar tarjetas",-,"""Hay valores que poseen fecha de comprobante anterior mayor al que se está emitiendo"" al intentar liquidar tarjetas",Cerrado,12 Sep 2025,Phone,Consulta,-,Lautaro Bustos,Tarjeta
105040,12 Sep 2025 07:42 PM,CALZADOS BETER,Nos indica Florencia que no estan pudiendo acceder al paljet desde ninguna pc,-,"Se pide acceso a una de las pc con error, se realizo la prueba de ingresar al paljet y funcionaba correctamente. Por lo que se solicito que se brindara acceso a otra pc con error, en la misma no se podía acceder por error de conexión de internet. pero en la llamada indican que pudieron ingresar nuevamente a paljet. También se corroboro del servidor y funcionaba correctamente",Cerrado,12 Sep 2025,Phone,Consulta,-,Leila Bonacina,Conexión
105041,12 Sep 2025 07:55 PM,ANPAU,Consulta como visualizar y eliminar remitos en -1,-,Consulta como visualizar y eliminar remitos en -1,Cerrado,12 Sep 2025,Phone,Consulta,-,Leila Bonacina,Eliminación de CPR
105042,13 Sep 2025 08:09 AM,FERRARO MATERIALES,Chat sábado,-,,Cerrado,13 Sep 2025,Chat,Consulta,-,Elizabeth Alvarez,Sábado
105043,13 Sep 2025 08:10 AM,FERRARO MATERIALES,Chat sábado,-,,Cerrado,13 Sep 2025,Chat,Consulta,-,Elizabeth Alvarez,Sábado
105044,13 Sep 2025 08:26 AM,FERRETEC,Chat sábado,-,,Cerrado,13 Sep 2025,Chat,Consulta,-,Elizabeth Alvarez,Sábado
105045,13 Sep 2025 09:19 AM,FERRETEC,chat sabado,-,,Cerrado,13 Sep 2025,Chat,Consulta,-,Joaquina Villanueva,Sábado
105046,13 Sep 2025 09:21 AM,FERRETEC,chat sabado,-,,Cerrado,13 Sep 2025,Chat,Consulta,-,Joaquina Villanueva,Sábado
105047,13 Sep 2025 09:22 AM,FERRETEC,chat sabado,-,,Cerrado,13 Sep 2025,Chat,Consulta,-,Joaquina Villanueva,Sábado
105048,13 Sep 2025 09:45 AM,COMACO,Chat sábado,-,,Cerrado,13 Sep 2025,Chat,Consulta,-,Elizabeth Alvarez,Sábado
105049,13 Sep 2025 09:46 AM,COMACO,Chat sábado,-,,Cerrado,13 Sep 2025,Chat,Consulta,-,Elizabeth Alvarez,Sábado
105050,13 Sep 2025 10:01 AM,FERRETEC,error de certificado no los tenia en esa pc,-,,Cerrado,13 Sep 2025,Phone,Consulta,-,Joaquina Villanueva,Factura electrónica
105051,13 Sep 2025 10:09 AM,COMACO,Inconvenientes para acceder a tableros BI,-,,Cerrado,15 Sep 2025,Phone,Consulta,-,Lautaro Bustos,BI
105052,13 Sep 2025 10:22 AM,FEMAT ACE,Chat sábado,-,,Cerrado,13 Sep 2025,Chat,Consulta,-,Elizabeth Alvarez,Sábado
105053,13 Sep 2025 10:33 AM,FEMAT ACE,no puede acceder al palajet,-,no puede acceder al Palajet,Cerrado,13 Sep 2025,Phone,Consulta,-,Leila Bonacina,Conexión
105054,13 Sep 2025 11:37 AM,ROUTER,Control clientes duplicados,-,,Cerrado,16 Sep 2025,Email,Consulta,-,Elizabeth Alvarez,ABM Clientes
105055,13 Sep 2025 12:04 PM,IMPLEMENTOS INDUSTRIALES,Diferencia entre informe Agente de Percepcion Salta,-,,Cerrado,18 Sep 2025,Email,Consulta,-,Joaquina Villanueva,Percepciones y retenciones
105056,13 Sep 2025 12:41 PM,AMPERBAT,Asistencia para habilitar cupón para devolución,-,,Cerrado,13 Sep 2025,Phone,Consulta,-,Elizabeth Alvarez,Cuentas
105057,15 Sep 2025 08:03 AM,Freezar Congelados,Configuración cambio de talonario,-,,Cerrado,15 Sep 2025,Chat,Consulta,-,Elizabeth Alvarez,Talonario / Config. PC Talonarios
105058,15 Sep 2025 08:20 AM,GALLO DISTRIBUCIONES,Inconvenientes al solicitar CAE a FA por montos inconsistentes en pie,-,,Cerrado,15 Sep 2025,Phone,Consulta,-,Lautaro Bustos,Factura electrónica
105059,15 Sep 2025 08:27 AM,MARCHAL,PC no fiscaliza online comprobantes electrónicos,-,,Cerrado,15 Sep 2025,Chat,Consulta,-,Karen Varon,Factura electrónica
105060,15 Sep 2025 08:27 AM,FERRARO MATERIALES,1- quiero que en el stock que figura en el b2b muestre la existencia no el disponible de cada producto. 2- la pagina web falla cuando revisas la  categorías,-,"Se indicó que la existencia es correcta, dado que resta el comprometido. Con respecto a la web debe seleccionar la categoría y luego presionar buscar.",Cerrado,15 Sep 2025,Chat,Consulta,-,Leila Bonacina,BBJet BtoB
105061,15 Sep 2025 08:31 AM,E- Parts Franquicia Chajarí,Configuración talonario para no imprimir comprobante,-,,Cerrado,15 Sep 2025,Chat,Consulta,-,Elizabeth Alvarez,Talonario / Config. PC Talonarios
105062,15 Sep 2025 08:37 AM,FERRETERÍA BARCELLONA,Consulta por deposito configurado en talonario de factura,-,,Cerrado,15 Sep 2025,Chat,Consulta,-,Karen Varon,Talonario / Config. PC Talonarios
105063,15 Sep 2025 08:41 AM,SIA,Cálculo del monto en letras en base a la moneda que se emite el CPR,-,"Que en los reportes de impresión la etiqueta CALC_MONTOLETRAS (de la herramienta CprHeader) tenga en cuenta la moneda en que se emite el comprobante. Actualmente, si se emite con moneda dólar sigue saliendo la leyenda ""Son pesos..."", posiblemente tomando la moneda base del sistema.",Cerrado,15 Sep 2025,Chat,Mejora,-,Juan Acosta,Reportes
105064,15 Sep 2025 08:47 AM,CHURRI,NO me aparecen los cheques disponibles en las OP,-,"Buen día, como estan? Tengo un inconveniente en el momento de confeccionar OP, cuando ingreso a valores > cheques > no me aparecen los cheques que acepte en la caja cheque. No se si será un error de sistema, nosotros lo estamos realizando como siempre. Desde ya muchas gracias! Saludos. Denise.",Cerrado,24 Sep 2025,Web,Consulta,-,Lautaro Bustos,Cuentas
105065,15 Sep 2025 08:57 AM,BOGGIO REPUESTOS,Actualizar la licencia del paljet erp,-,Actualizar la licencia del paljet erp.,Cerrado,15 Sep 2025,Chat,Consulta,-,Leila Bonacina,Licencia / Modulo
105066,15 Sep 2025 08:58 AM,Freezar Congelados,Corrección pedido de Mobile por error de impuestos,-,,Cerrado,15 Sep 2025,Chat,Consulta,-,Elizabeth Alvarez,BBJet Mobile
105067,15 Sep 2025 09:02 AM,VERGARA,Eliminar movimiento financiero,-,,Cerrado,15 Sep 2025,Chat,Consulta,-,Karen Varon,Eliminación de CPR
105068,15 Sep 2025 09:10 AM,Freezar Congelados,Consulta por imputación de factura en recibo,-,,Cerrado,15 Sep 2025,Chat,Consulta,-,Elizabeth Alvarez,CPR Ventas
105069,15 Sep 2025 09:13 AM,RIGELEC,Control de datos en alta de clientes,-,"Buen dia Hablo para pedir si se puede agregar al control de alta de clientes donde solicita los datos del mismo, que ademas solicite que tenga cargado ""Tipo de cliente"". Quedo a disposicion Saludos Facundo O",Cerrado,18 Sep 2025,Web,Requerimiento,-,Agostina Lozano,Script
105070,15 Sep 2025 09:14 AM,CERAMICA NORTE,Consulta por tk #104769,-,,Cerrado,15 Sep 2025,Phone,Consulta,-,Lautaro Bustos,Comunicarse con Soporte
105071,15 Sep 2025 09:15 AM,BIOMED,Consulta sobre ticket #104596,-,llamada entrante de (3434715388) Llama Bruno Comentamos avances en el ticket comentado,Cerrado,-,Phone,Consulta,-,Agostina Lozano,Consulta por ticket
105072,15 Sep 2025 09:18 AM,PETROLAUQUEN,Error al generar parte de caja por comprobante en -1,-,Error al generar parte de caja por comprobante en -1 Ayudamos a identificar cual es el comprobante. Quedamos a la espera de los datos de acceso al servidor para ayudar el reenumerar ese comprobante por base de datos ya que es un mov entre cuentas con muchos valores como para que lo eliminen y vuelvan a hacer de cero,Cerrado,15 Sep 2025,Phone,Consulta,-,Macarena Analía Ramirez Barzola,Caja
105073,15 Sep 2025 09:28 AM,Maderera San Antonio,Consulta por cambio de impuestos en artículos,-,,Cerrado,15 Sep 2025,Chat,Consulta,-,Elizabeth Alvarez,ABM Artículos
105074,15 Sep 2025 09:39 AM,BOURLOT,"Problemas con el sincronismo, no se  encuentran los códigos 55136 Y 55137",-,"Problemas con el sincronismo, no se encuentran los códigos 55136 Y 55137. También reporta inconvenientes en la capa 1,7 y8.",Cerrado,15 Sep 2025,Chat,Consulta,-,Leila Bonacina,Peplicación / Sincronismo de DB
105075,15 Sep 2025 09:48 AM,Samaco,Analizar diferencias entre consulta de comprobantes y resultados de consulta ID 112,-,"Analizar las diferencias que surgen al comparar lo que indica la consulta de comprobantes de clientes y los resultados de la consulta ID 112 ""VENTAS CONTADO Y CTACTE. (ESQ)"". Parámetros a ejecutar: - En consulta de comprobantes de clientes, consultar las facturas y notas de crédito en tipo de pago ""contado"" del día 20/08/2025, donde el monto total de todos esos comprobantes es $ 35022556.91 - Al ejecutar la consulta ID 112 el total de las ventas en contado del día 20/08/2025 es $ 34948657.42 Cabe aclarar que las ventas en tipo de pago ""cuenta corriente"" si dan igual en ambos lados, las diferencias se presentan en las ventas en contado.",Open,-,Chat,Incidente,-,Jésica Leguiza,Consultas y Herramientas
105076,15 Sep 2025 09:51 AM,SUMIAGRO,"Modificar campo de ""decimales"" en lista de precios",-,,Cerrado,15 Sep 2025,Chat,Consulta,-,Karen Varon,Lista de Precios
105077,15 Sep 2025 09:58 AM,Agrobarbero,Consulta sobre flags,-,,Cerrado,15 Sep 2025,Phone,Consulta,-,Lautaro Bustos,Sistema
105078,15 Sep 2025 10:00 AM,FGC,Error de solicitud de CAE - Correlatividad y letra de comprobante para Monotributo,-,"llamada entrante de (1168774816) Llama Gabriel Cuando corregimos numeración de comprobantes por error de correlatividad, da error porque las facturas eran letra B para monotributo, luego de ejecutar la consulta para corregirlo se solicita cae normalmente",Cerrado,-,Phone,Consulta,-,Agostina Lozano,Factura electrónica
105079,15 Sep 2025 10:01 AM,MARTINEZ ESCALADA,Alta artículo para trabajar cuenta contable,-,,Cerrado,15 Sep 2025,Chat,Consulta,-,Elizabeth Alvarez,ABM Artículos
105080,15 Sep 2025 10:02 AM,ROLÓN MOTOSIERRAS,Habilitar y Facturar Licencias,-,"Habilitar y facturar Licencia Seleccioná el producto para el cual deseás solicitar licencias. : PalJet ERP Cantidad de licencias : 1 Razón Social : Rolon Motosierras SA CUIT : 30714665274 Correo electrónico : administracion@rmsa.com.ar Nombre : Guillermo Emanuel, Hidalgo Correo electrónico : administracion@rmsa.com.ar Teléfono : 3704857552 Declaro estar autorizado/a por la empresa para solicitar estas licencias. : true Términos y condiciones : De acuerdo",Cerrado,15 Sep 2025,Chat,PalJet ERP,-,Leila Bonacina,PalJet ERP
105081,15 Sep 2025 10:07 AM,SURCAN,Consulta por avances en ticket #96906,-,llamada entrante de (3764516439) Llama Nelson Indicamos avances respecto a lo visualizado en el ticket y dejamos comentario interno,Cerrado,15 Sep 2025,Phone,Consulta,-,Agostina Lozano,Consulta por ticket
105082,15 Sep 2025 10:08 AM,ZC HERRAMENTAL,Al llamar un anota de pedido ml en una factura estándar no me respeta el precio del articulo.,-,Al llamar un anota de pedido ml en una factura estándar no me respeta el precio del articulo.,Cerrado,15 Sep 2025,Chat,Consulta,-,Leila Bonacina,CPR Ventas
105084,15 Sep 2025 10:14 AM,Credimisión,Error de licencia al ingresar en una pc y asistencia para configurar conexión remota,-,,Cerrado,15 Sep 2025,Chat,Consulta,-,Karen Varon,Conexión
105085,15 Sep 2025 10:17 AM,Credimisión,Consulta por avances del ticket #104292,-,,Cerrado,15 Sep 2025,Chat,Consulta,-,Elizabeth Alvarez,Consulta por ticket
105086,15 Sep 2025 10:26 AM,MARCHAL,No le permite colocar el . al cargar un articulo en la factura,-,"Se ingreso y corroboro que la configuración regional no era correcta, al corregir la misma se soluciono el error.",Cerrado,15 Sep 2025,Chat,Consulta,-,Leila Bonacina,CPR Ventas
105087,15 Sep 2025 10:32 AM,ÁRIDOS YVYCUI,Error de licencia al ingresar en la pc servidor,-,,Cerrado,15 Sep 2025,Chat,Consulta,-,Karen Varon,Conexión
105088,15 Sep 2025 10:51 AM,ARCOIRIS PINTURERIA,Solicitan contacto con Juan - Implementación,-,llamada entrante de (3364340334) Pasamos llamada a Juan,Cerrado,15 Sep 2025,Phone,Consulta,-,Agostina Lozano,Comunicarse con otra área
105089,15 Sep 2025 11:00 AM,ARCOIRIS PINTURERIA,Emitir NC por devolución de mercadería de sistema anterior,-,,Cerrado,-,Phone,Consulta,-,Juan Acosta,CPR Ventas
105090,15 Sep 2025 11:01 AM,MGL Complementos,Error de disponibilidad de impresora al imprimir remito,-,,Cerrado,15 Sep 2025,Chat,Consulta,-,Karen Varon,Impresora Láser
105091,15 Sep 2025 11:03 AM,LA BIANCA,Solicita instructivo y cotización de instalación de Hmail Server,-,,Cerrado,22 Sep 2025,Phone,Requerimiento,-,Lautaro Bustos,E-mail
105092,15 Sep 2025 11:04 AM,El Super de los Filtros,FACTURAR EN 888 CTA CTE,-,,Cerrado,17 Sep 2025,Email,Consulta,-,Agostina Lozano,CPR Ventas
105093,15 Sep 2025 11:05 AM,E-Parts Franquicia San Luis,"Error ""contraseña inválida"" al final comprobante",-,"Error ""contraseña inválida"" al final comprobante Había cambiado la contraseña del usuario VENTAS pero no la había probado, entonces al finalizar un presupuesto daba ese error al momento de colocar la contraseña, si quería ingresar al sistema daba el mismo error. Se le creó una nueva contraseña al usuario y pudo ingresar al sistema y finalizar el comprobante.",Cerrado,15 Sep 2025,Phone,Consulta,-,Macarena Analía Ramirez Barzola,CPR Ventas
105094,15 Sep 2025 11:07 AM,EL MAGO,Consulta por puntos de venta fiscales en diferentes usuarios,-,,Cerrado,15 Sep 2025,Chat,Consulta,-,Elizabeth Alvarez,Impresoras Fiscales
105095,15 Sep 2025 11:10 AM,EL ARTESANO,Llamada cortada,-,llamada entrante de (Matias Matias Smiak) Llama Matias Tuvimos que cortar la llamada ya que el cliente no nos escuchaba por inconvenientes en internet de la oficina,Cerrado,-,Phone,Consulta,-,Agostina Lozano,Sin respuesta
105096,15 Sep 2025 11:19 AM,ÁRIDOS YVYCUI,Error de conexión al sistema por cambio de IP privada en el servidor,-,,Cerrado,15 Sep 2025,Chat,Consulta,-,Karen Varon,Conexión
105097,15 Sep 2025 11:25 AM,Ferretería Comercial Colón,Consulta por forma para extraer información de artículos con proveedor,-,,Cerrado,15 Sep 2025,Chat,Consulta,-,Elizabeth Alvarez,Consultas y Herramientas
105098,15 Sep 2025 11:27 AM,IMPRESORA DEL NEA SA,Error en aumento de precio de lista de proveedor,-,llamada entrante de (3482576713) Llama Leda Analizando detectamos que el error se da porque no habían puesto la opción de seleccionar todos los artículos para aumentarles el precio de lista en un 5% dentro de la lista de precios de proveedor,Cerrado,15 Sep 2025,Phone,Consulta,-,Agostina Lozano,Lista de Precios
105099,15 Sep 2025 11:38 AM,EL ARTESANO,Múltiples consultas sobre el sistema,-,,Cerrado,15 Sep 2025,Phone,Consulta,-,Lautaro Bustos,Otros temas
105100,15 Sep 2025 11:39 AM,MGL Complementos,Controlar que a cierto conjunto de usuarios no se les pueda emitir Remito desde Interfaz,-,,Cerrado,25 Sep 2025,Chat,Requerimiento,-,Lautaro Bustos,CPR Ventas
105101,15 Sep 2025 11:40 AM,AMPERBAT,Mismo artículos asociado a 2 proveedores que se lo venden de distinta forma,-,"Mismo artículos asociado a 2 proveedores que se lo venden de distinta forma 1 proveedor se lo vende por unidad y el otro proveedor se lo vende por bolsa de 100 unidades. Consulta si se puede manejar dentro del mismo artículo. Le comento que no sería posible, que debería dar de alta 2 veces el artículo, 1 vez asociado al proveedor que se lo vende por unidad y el otro asociado al proveedor que le vende la bolsa con las 100 unidades para a ese configurarle la equivalencia para cuando carga la factura proveedor",Cerrado,15 Sep 2025,Phone,Consulta,-,Macarena Analía Ramirez Barzola,ABM Artículos
105102,15 Sep 2025 11:56 AM,MGL Complementos,Consulta por instalación de spooler y complementación con emulador,-,"Llama Técnico de Tejadas hermanos Consulta por complemento de Spooler a adaptador de Hasar que usan actualmente con sus impresoras fiscales, indicamos que corroboraremos la posibilidad de su implementación 3513426203",Cerrado,17 Sep 2025,Phone,Consulta,-,Agostina Lozano,PalJet Spooler
105103,15 Sep 2025 11:59 AM,Agrobarbero,Informe que muestre las etiquetas asignadas a comprobantes,-,,Cerrado,15 Sep 2025,Chat,Consulta,-,Karen Varon,Consultas y Herramientas
105104,15 Sep 2025 12:00 PM,Greca,Asignra talonario para emitir Nota de Débito,-,,Cerrado,15 Sep 2025,Chat,Consulta,-,Lautaro Bustos,CPR Ventas
105105,15 Sep 2025 12:06 PM,Montajes y Construcciones Quequén,Modificar monto de cheque en recibo,-,,Cerrado,15 Sep 2025,Chat,Consulta,-,Karen Varon,CPR Ventas
105106,15 Sep 2025 12:09 PM,VEGA METALES,CAMBIO FECHA DE IMPUTACION,-,CAMBIO FECHA DE IMPUTACION,Cerrado,16 Sep 2025,Email,Consulta,-,Macarena Analía Ramirez Barzola,CPR Compras
105107,15 Sep 2025 12:28 PM,AUTOPARTES,Carga de datos en factura proveedor,-,,Cerrado,15 Sep 2025,Chat,Consulta,-,Elizabeth Alvarez,CPR Compras
105109,15 Sep 2025 12:34 PM,LOGBELTS SRL,Error al intentar cargar FA de proveedor- Articulo con series insuficientes- El artículo tenía tildado que administre numeros de series  por error,-,Error al intentar cargar FA de proveedor- Articulo con series insuficientes- El artículo tenía tildado que administre numeros de series por error,Cerrado,15 Sep 2025,Phone,Consulta,-,Macarena Monetta,CPR Compras
105110,15 Sep 2025 12:45 PM,Montajes y Construcciones Quequén,Consulta por ticket #104732,-,Consulta por ticket #104732,Cerrado,15 Sep 2025,Chat,Consulta,-,Leila Bonacina,Consulta por ticket
105111,15 Sep 2025 12:53 PM,SIA,Que se generen pedidos en otra moneda en BtoB,-,"Que se puedan generar notas de pedido en otra moneda diferente a peso en BBJet BtoB (es decir, cuando se cargan los comprobantes al carrito) y que tanto en la aplicación web como en Paljet ERP se visualicen esos comprobantes en la moneda correspondiente. ============ Mensaje reenviado ============ Desde: <gcreus@sociedadindustrial.com.ar> Para: ""soporte@etsol.com.ar""<soporte@etsol.com.ar> Cc: ""gcreus@sociedadindustrial.com""<gcreus@sociedadindustrial.com> Fecha: lun., 15 sept. 2025 12:33:54 -0300 Asunto: RE: Re:[## 97818 ##] Capacitación sobre facturación en dólares ============ Mensaje reenviado ============ Excelente Juan, necesito tambien que analicen la posibilidad de que la nota de pedido b2b se cargue en USD, hoy el sistema muestra los precios en USD pero al cargar el pedido los muestra en pesos. Capaz hay forma de enganar y cargar otra moneda con cotizacion 1 a 1 contra el usd para que muestre el importe de esa forma, no se pero seria bueno que ese comprobante tambien se cargue en USD y se muestre en USD en la carga del pedido onlina. Entiendo que no se puede hoy pero me gustaria cargar el requerimiento. Saludos GOnzalo",Open,-,Chat,Requerimiento,-,Jésica Leguiza,BBJet BtoB
105112,15 Sep 2025 12:58 PM,ASERRADERO H,Habilitar y Facturar Licencias,-,"Habilitar y facturar Licencia Seleccioná el producto para el cual deseás solicitar licencias. : PalJet ERP Cantidad de licencias : 5 Razón Social : ASERRADERO Y CARPINTERIA HUECHULAFQUEN SRL CUIT : 33672607979 Correo electrónico : huechu@smandes.com.ar Nombre : LAURA, TORRENDELL Correo electrónico : huechulaura@gmail.com Teléfono : 02944226811 Declaro estar autorizado/a por la empresa para solicitar estas licencias. : true Términos y condiciones : De acuerdo",Cerrado,16 Sep 2025,Chat,Adquisición Licencia/Módulos,-,Joaquina Villanueva,Licencia / Modulo
105113,15 Sep 2025 01:23 PM,Etsol,comunicarse con ventas por informacion del sistema,-,,Cerrado,15 Sep 2025,Phone,Consulta,-,Alejandro Silva,Comunicarse con otra área
105114,15 Sep 2025 01:30 PM,MERCONOR,consulta por ticket 104891,-,,Cerrado,15 Sep 2025,Chat,Consulta,-,Joaquina Villanueva,Consulta por ticket
105115,15 Sep 2025 01:35 PM,ANDRETICH,Tableros desactualizados desde el 04/09,-,Tableros desactualizados desde el 04/09,Cerrado,18 Sep 2025,Chat,Consulta,-,Macarena Analía Ramirez Barzola,BI
105116,15 Sep 2025 01:57 PM,BIOMED,Solicita comunicación con Agostina por ticket en tratamiento #104596,-,Solicita comunicación con Agostina por ticket en tratamiento #104596,Cerrado,15 Sep 2025,Phone,Consulta,-,Macarena Monetta,Comunicarse con Soporte
105117,15 Sep 2025 02:06 PM,BIOMED,Comunicación con Agostina por ticket #104596,-,Bruno solicita comunicación con Agostina por ticket #104596 llamada entrante de (3434715388),Cerrado,15 Sep 2025,Phone,Consulta,-,Elizabeth Alvarez,Comunicarse con Soporte
105118,15 Sep 2025 02:16 PM,MGL Complementos,Consulta sobre procedimiento de circuito de ventas,-,,Cerrado,19 Sep 2025,Phone,Consulta,-,Lautaro Bustos,BBJet Gestión de Inventario
105119,15 Sep 2025 02:21 PM,MGL Complementos,Contacto con Lautaro por ticket #105118,-,llamada entrante de (Toncic Rubén Ignacio),Cerrado,15 Sep 2025,Phone,Consulta,-,Elizabeth Alvarez,Comunicarse con Soporte
105120,15 Sep 2025 02:25 PM,ZC HERRAMENTAL,Consultas varias sobre cotización- reporte- seguimiento de ticket #105082,-,Consultas varias sobre cotización- reporte- seguimiento de ticket #105082,Cerrado,15 Sep 2025,Phone,Consulta,-,Macarena Monetta,ABM Artículos
105121,15 Sep 2025 02:28 PM,MGL Complementos,Consulta si es posible brindar acceso de lectura a DNS,-,,No aplica,17 Sep 2025,Phone,Consulta,-,Lautaro Bustos,Otros temas
105122,15 Sep 2025 02:35 PM,LA Distribuciones,Consulta por reprogramación ticket actualización / consulta por cartel que surge en un teléfono.,-,,Cerrado,15 Sep 2025,Email,Consulta,-,Elizabeth Alvarez,BBJet Mobile
105123,15 Sep 2025 02:42 PM,MGL Complementos,Consulta por ticket #105100,-,,Cerrado,15 Sep 2025,Chat,Consulta,-,Lautaro Bustos,Comunicarse con Soporte
105124,15 Sep 2025 02:45 PM,ANDERSEN MATERIALES,Comenta que necesita agregar una columna en el presupuesto pero consultaría nuevamente bien que es lo que necesitan,-,Comenta que necesita agregar una columna en el presupuesto pero consultaría nuevamente bien que es lo que necesitan,Cerrado,15 Sep 2025,Phone,Consulta,-,Macarena Monetta,CPR Ventas
105126,15 Sep 2025 03:24 PM,Bulonera del Sur,Resumen de cuenta continuo de proveedor,-,Resumen de cuenta continuo de proveedor,Cerrado,15 Sep 2025,Chat,Consulta,-,Agostina Lozano,ABM Proveedores
105127,15 Sep 2025 03:29 PM,GUIDOLI FLORIO,Consulta pasos para otorgar a un grupo de usuarios permiso de  Items de menu,-,Consulta pasos para otorgar a un grupo de usuarios permiso de Items de menu,Cerrado,15 Sep 2025,Phone,Consulta,-,Macarena Monetta,Menú Empresa y formularios
105128,15 Sep 2025 03:40 PM,BOITARD MAQUINARIA,ERROR EL OBJETO INVOCADO HA DESCONECTADO DE SUS CLIENTES,-,,Cerrado,15 Sep 2025,Chat,Consulta,-,Joaquina Villanueva,ABM Proveedores
105129,15 Sep 2025 04:24 PM,FLORIDA NORTE,Habilitación Modulo CUIT Adicional,-,Habilitación Modulo CUIT Adicional Coordinar con Lautaro Cuenca,En Tratamiento,-,Chat,Adquisición Licencia/Módulos,-,Karen Bonacina,Licencia / Modulo
105130,15 Sep 2025 04:24 PM,BRM REPUESTOS SAS,Dudas sobre habilitación de Factura Electrónica ,-,,Cerrado,15 Sep 2025,Phone,Consulta,-,Micaela Gatti,Factura electrónica
105131,15 Sep 2025 04:24 PM,LOGBELTS SRL,Consulta saldo de cajas centrales - Diferencias en saldos,-,,Cerrado,17 Sep 2025,Email,Consulta,-,Micaela Gatti,Caja
105132,15 Sep 2025 04:25 PM,MUNDO AUTOPARTES,Incorporar conjunto de clientes exceptuados en control de saldos,-,Incorporar conjunto de clientes exceptuados en control de saldos,Cerrado,15 Sep 2025,Chat,Mejora,-,Micaela Gatti,Script
105133,15 Sep 2025 04:26 PM,BACI,Traslado de series y renovación de alquiler,-,llamada entrante de (3444509041) llama Emanuel Consulta por cambio de artículos con serie a un nuevo contrato de alquiler para usar los mismos número de serie Error al querer pasar artículo de alquiler a mercaderia Contrato de alquiler en cuestión,Cerrado,01 Oct 2025,Phone,Mejora,-,Agostina Lozano,Alquileres
105134,15 Sep 2025 04:27 PM,YAPUR,Error al solicitar CAEA- El comprobante a solicitar posee iva no responsable,-,,Cerrado,16 Sep 2025,Chat,Consulta,-,Macarena Monetta,Factura electrónica
105135,15 Sep 2025 04:59 PM,MAXILIMP,"consultas sobre integración con el sistema-balanza, tratadas en ticket #99893",-,,Cerrado,15 Sep 2025,Chat,Consulta,-,Joaquina Villanueva,Integraciones
105136,15 Sep 2025 05:03 PM,Ferretería Comercial Colón,Modificar rama de cuenta contable,-,Modificar rama de cuenta contable,Cerrado,15 Sep 2025,Chat,Consulta,-,Micaela Gatti,Contabilidad
105137,15 Sep 2025 05:40 PM,EL BAMBU,Brindar acceso para ticket #102667,-,,Cerrado,15 Sep 2025,Phone,Consulta,-,Micaela Gatti,Brindar Acceso
105138,15 Sep 2025 06:02 PM,RTI / PBS - NICARAGUA,Consulta por tickets #39995 y #97355,-,,Cerrado,15 Sep 2025,Chat,Consulta,-,Macarena Monetta,Consulta por ticket
105139,15 Sep 2025 06:23 PM,INTEQ,error de timeout en comprobante,-,,Cerrado,15 Sep 2025,Chat,Consulta,-,Joaquina Villanueva,BBJet Mobile
105140,15 Sep 2025 06:25 PM,YAPUR,Cambio leyenda resumen de Cuenta Corriente,-,,Cerrado,15 Sep 2025,Email,Mejora,-,Micaela Gatti,Reportes
105141,15 Sep 2025 06:41 PM,COMACO,Stock comprometido valorizado total,-,Stock comprometido valorizado total,Cerrado,15 Sep 2025,Chat,Consulta,-,Micaela Gatti,Consultas y Herramientas
105142,15 Sep 2025 07:00 PM,DE DIEGO,Comenta que en uno de los circuitos no estaba restando el comprometido de los artículos,-,,Cerrado,15 Sep 2025,Chat,Consulta,-,Macarena Monetta,CPR Ventas
105143,15 Sep 2025 07:00 PM,Ferretería Comercial Colón,instructivo de contabilidad,-,,Cerrado,15 Sep 2025,Chat,Consulta,-,Joaquina Villanueva,Contabilidad
105144,15 Sep 2025 07:05 PM,LA Distribuciones,Solicita contacto con Agustina por llamada perdida - Ticket #104636,-,Solicita contacto con Agustina por llamada perdida - Ticket #104636,Cerrado,15 Sep 2025,Phone,Consulta,-,Micaela Gatti,Comunicarse con otra área
105145,15 Sep 2025 07:14 PM,AGROPECUARIA ALMAFUERTE,Solicita herramienta que  muestre Mail de todos los clientes cargados en el sistema,-,Solicita herramienta que muestre Mail de todos los clientes cargados en el sistema,Cerrado,15 Sep 2025,Phone,Consulta,-,Macarena Monetta,Consultas y Herramientas
105146,15 Sep 2025 07:16 PM,Piragini Motorepuestos,Solicita pasos para desactivar la posibilidad que los usuarios modifiquen los precios en los comprobantes,-,Solicita pasos para desactivar la posibilidad que los usuarios modifiquen los precios en los comprobantes,Cerrado,15 Sep 2025,Phone,Consulta,-,Macarena Monetta,Sistema
105147,15 Sep 2025 07:18 PM,LA Distribuciones,Solicita contacto con Agustina por llamada perdida - Ticket #104636,-,Solicita contacto con Agustina por llamada perdida - Ticket #104636,Cerrado,15 Sep 2025,Phone,Consulta,-,Micaela Gatti,Comunicarse con otra área
105148,15 Sep 2025 07:20 PM,Ferretería Comercial Colón,consultas sobre contabilidad,-,,Cerrado,15 Sep 2025,Chat,Consulta,-,Joaquina Villanueva,Contabilidad
105149,16 Sep 2025 08:04 AM,RBM MATERIALES,Actualización fecha licencia,-,,Cerrado,16 Sep 2025,Chat,Consulta,-,Elizabeth Alvarez,Licencia / Modulo
105150,16 Sep 2025 08:17 AM,AUTOPARTES,reporte de esquema 2 de factura,-,,Cerrado,16 Sep 2025,Chat,Consulta,-,Joaquina Villanueva,Reportes
105151,16 Sep 2025 08:24 AM,ROUTER,Solicita información adicional (Posible demo) y cotización del módulo Autorización de comprobantes,-,,Open,-,Chat,Adquisición Licencia/Módulos,-,Alejandro Silva,Herramientas
105152,16 Sep 2025 08:28 AM,ARCOIRIS PINTURERIA,Anulación de movimientos entre cuentas,-,,Cerrado,16 Sep 2025,Email,Consulta,-,Juan Acosta,Caja
105153,16 Sep 2025 08:30 AM,Freezar Congelados,Corrección impuesto pedido Mobile,-,,Cerrado,16 Sep 2025,Chat,Consulta,-,Elizabeth Alvarez,BBJet Mobile
105154,16 Sep 2025 08:36 AM,Bulonera del Sur,a recibir negativo,-,,Cerrado,26 Sep 2025,Chat,Consulta,-,Joaquina Villanueva,Inventario
105155,16 Sep 2025 08:44 AM,LA Distribuciones,Dificultad para instalar nueva versión de Mobile en 1 teléfono,-,Dificultad para instalar nueva versión de Mobile en 1 teléfono Enviará la imagen del error para que podamos ver ya que sucede en el teléfono,Cerrado,16 Sep 2025,Phone,Consulta,-,Macarena Analía Ramirez Barzola,BBJet Mobile
105156,16 Sep 2025 09:00 AM,ZC HERRAMENTAL,"Modificación Reporte ""Presupuesto ZC""",-,"Solicito modificación del Reporte: ID128 ""Presupuesto ZC"" Adjunto imagen con los cambios propuestos. El caso es el Presupuesto 001-73. Se debe visualizar el subtotal sin descuentos. Luego el Dto con su % y luego el Neto.",Cerrado,19 Sep 2025,Web,Mejora,-,Micaela Gatti,Reportes
105157,16 Sep 2025 09:14 AM,FERRETERÍA ARGENTINA ESQUEL,Renovación dominio,-,Renovación dominio,Cerrado,22 Sep 2025,Phone,Consulta,-,Eliana Barreto,Tienda BtoC
105158,16 Sep 2025 09:15 AM,PETROLAUQUEN,"Múltiples consultas sobre cuentas corrientes, vtas contado e informes",-,,Cerrado,16 Sep 2025,Phone,Consulta,-,Lautaro Bustos,ABM Clientes
105159,16 Sep 2025 09:16 AM,BOGGIO REPUESTOS,Corregir stock comprometido,-,,Cerrado,16 Sep 2025,Chat,Consulta,-,Elizabeth Alvarez,Stock
105160,16 Sep 2025 09:16 AM,AGUJUAN S.R.L.,Contacto con administración por débito de cuenta,-,,Cerrado,16 Sep 2025,Phone,Consulta,-,Micaela Gatti,Administración
105161,16 Sep 2025 09:18 AM,DISTRIBUIDORA PARA MASCOTAS,Agregar 'medida' del artículo en el catálogo,-,,Cerrado,16 Sep 2025,Chat,Consulta,-,Macarena Monetta,Reportes
105162,16 Sep 2025 09:20 AM,YAPUR,consulta sobre centro de costos e imputación de cuenta contable,-,,Cerrado,16 Sep 2025,Chat,Consulta,-,Joaquina Villanueva,Contabilidad
105163,16 Sep 2025 09:26 AM,HUGO MONTERO - HULRICH,Solicita contacto con Juan Pablo por ticket #83291,-,"Solicita contacto con Juan Pablo por ticket #83291 Además consulta por soluciones pero se le indica que tienen el abono suspendido y no podemos brindarle soporte, se le brinda el wsp de administración",Cerrado,16 Sep 2025,Phone,Consulta,-,Macarena Analía Ramirez Barzola,Comunicarse con otra área
105164,16 Sep 2025 09:27 AM,FERRETEC,Consulta por cartel de error al remitir factura,-,,Cerrado,16 Sep 2025,Chat,Consulta,-,Elizabeth Alvarez,CPR Compras
105165,16 Sep 2025 09:29 AM,AMC SA,Consulta por remitos en -1 sin numeración,-,,Cerrado,16 Sep 2025,Chat,Consulta,-,Macarena Monetta,CPR Ventas
105166,16 Sep 2025 09:36 AM,PETROLAUQUEN,Clientes cobrados en un periodo de fechas,-,"Requiere consulta que indique a qué clientes le cobraron en un periodo de fechas. Recomendamos consulta Id 347 ""PLAZOS DE PAGOS EN RECIBOS EN UN PERIODO""",Cerrado,16 Sep 2025,Phone,Consulta,-,Micaela Gatti,Consultas y Herramientas
105167,16 Sep 2025 09:39 AM,MERCONOR,Configurar para que al momento de facturar no deje seguir si no tiene stock,-,"Configurar para que al momento de facturar no deje seguir si no tiene stock SISTEMA > CONFIGURACION > PROPIEDADES, ID 4",Cerrado,16 Sep 2025,Phone,Consulta,-,Macarena Analía Ramirez Barzola,CPR Ventas
105168,16 Sep 2025 09:44 AM,ARCOIRIS PINTURERIA,Envío automático de orden de pagos y retenciones,-,,Cerrado,16 Sep 2025,Email,Consulta,-,Juan Acosta,E-mail
105169,16 Sep 2025 09:45 AM,ARCOIRIS PINTURERIA,Envio de facturas y remitos,-,,Cerrado,16 Sep 2025,Email,Consulta,-,Juan Acosta,E-mail
105170,16 Sep 2025 09:47 AM,E- Parts Franquicia Chajarí,chat sin respuesta (no observaba comprobantes de proveedor),-,,Cerrado,16 Sep 2025,Chat,Consulta,-,Joaquina Villanueva,Sin respuesta
105171,16 Sep 2025 09:51 AM,LA HISTORICA,Consulta por proforma,-,,Cerrado,16 Sep 2025,Chat,Consulta,-,Elizabeth Alvarez,CPR Ventas
105172,16 Sep 2025 09:52 AM,ZC HERRAMENTAL,Comenta que posee consultas para el desarrollo de una integración- Enviará correo,-,,Cerrado,16 Sep 2025,Chat,Consulta,-,Macarena Monetta,BBJet BtoB
105173,16 Sep 2025 09:58 AM,IOMAQ,Consulta sobre eliminar factura de proveedor mal hecha- Como conciliar cuentas corrientes de proveedor,-,,Cerrado,16 Sep 2025,Chat,Consulta,-,Macarena Monetta,CPR Compras
105174,16 Sep 2025 10:03 AM,ZC HERRAMENTAL,Modificar reporte presupuesto Mobile,-,Solicito modificación de presupuesto que sale desde la App. adjunto modificaciones,Cerrado,19 Sep 2025,Web,Consulta,-,Elizabeth Alvarez,Reportes
105175,16 Sep 2025 10:04 AM,ROUTER,Extender plazo de licencia Paljet ERP,-,Extender plazo de licencia Paljet ERP,Cerrado,16 Sep 2025,Chat,Consulta,-,Micaela Gatti,Licencia / Modulo
105176,16 Sep 2025 10:11 AM,FUGAS,ND x cheque rechazado y posterior liquidación,-,,Cerrado,18 Sep 2025,Phone,Consulta,-,Lautaro Bustos,Cuentas
105177,16 Sep 2025 10:25 AM,RODAMIENTOS CURUZÚ,Tarea programada de importación de precios Rural Santa Fe con error,-,,Cerrado,16 Sep 2025,Phone,Consulta,-,Micaela Gatti,Integraciones
105178,16 Sep 2025 10:30 AM,FUGAS,Solicita contacto con Lautaro por ticket #105176,-,Solicita contacto con Lautaro por ticket #105176,Cerrado,16 Sep 2025,Phone,Consulta,-,Micaela Gatti,Comunicarse con Soporte
105179,16 Sep 2025 10:32 AM,ARENAS DEL PARANA SRL,Solicita contacto con Juan Pablo,-,,Cerrado,16 Sep 2025,Phone,Consulta,-,Lautaro Bustos,Comunicarse con otra área
105180,16 Sep 2025 10:32 AM,E- Parts Franquicia Chajarí,ticket continuacion de #105170,-,,Cerrado,16 Sep 2025,Chat,Consulta,-,Joaquina Villanueva,Ticket Duplicado
105181,16 Sep 2025 10:36 AM,ZC HERRAMENTAL,Conocimientos sobre BtoB,-,,Cerrado,01 Oct 2025,Email,Consulta,-,Jésica Leguiza,BBJet BtoB
105182,16 Sep 2025 10:37 AM,CERAMICA NORTE,Configuración de equivalencias de artículos,-,Configuración de equivalencias de artículos,Cerrado,16 Sep 2025,Phone,Consulta,-,Macarena Analía Ramirez Barzola,ABM Artículos
105183,16 Sep 2025 10:40 AM,BOITARD MAQUINARIA,Inconvenientes al solicitar CAE por ley 27.440,-,,Cerrado,16 Sep 2025,Phone,Consulta,-,Micaela Gatti,Factura electrónica
105184,16 Sep 2025 10:45 AM,ANDERSEN MATERIALES,Nota de débito proveedor por cheque rechazado,-,Nota de débito proveedor por cheque rechazado,Cerrado,16 Sep 2025,Phone,Consulta,-,Macarena Analía Ramirez Barzola,CPR Compras
105185,16 Sep 2025 10:53 AM,ARCOIRIS PINTURERIA,Entregar cantidades parciales a partir de factura alternativa,-,,Cerrado,16 Sep 2025,Email,Consulta,-,Juan Acosta,CPR Ventas
105186,16 Sep 2025 11:01 AM,ARCOIRIS PINTURERIA,Comprobante no encontrado,-,,Cerrado,16 Sep 2025,Email,Consulta,-,Juan Acosta,CPR Ventas
105187,16 Sep 2025 11:02 AM,AGROPECUARIA ALMAFUERTE,Consulta por desarrollo de CSV para el IVA SIMPLE,-,,Cerrado,16 Sep 2025,Chat,Consulta,-,Macarena Monetta,Impositivas
105188,16 Sep 2025 11:14 AM,DISTRIBUIDORA PARA MASCOTAS,Comentan que no veían valores en una caja luego del movimiento entre cuentas,-,,Cerrado,16 Sep 2025,Chat,Consulta,-,Macarena Monetta,Caja
105189,16 Sep 2025 11:14 AM,LA LAGUNA MATERIALES,Instalación de servidor de capa intermedia adicional,-,,Cerrado,01 Oct 2025,Email,Instalación,-,Juan Acosta,Instalación de Svr Adicional
105190,16 Sep 2025 11:27 AM,Electromak,Asociar concepto a ND financiera,-,,Cerrado,16 Sep 2025,Chat,Consulta,-,Elizabeth Alvarez,CPR Ventas
105191,16 Sep 2025 11:32 AM,ASERRADERO H,Reporta caída del servidor --,-,,Cerrado,16 Sep 2025,Phone,Incidente,-,Lautaro Bustos,Servidores
105192,16 Sep 2025 11:36 AM,FUGAS,preparado de pedidos,-,,Cerrado,16 Sep 2025,Chat,Consulta,-,Joaquina Villanueva,CPR Ventas
105193,16 Sep 2025 11:38 AM,INSUMOS REFRIGERACIONES,Error en calculo de dolares que se pega en la Nota por el cambio de cotización- Script,-,,Cerrado,16 Sep 2025,Chat,Consulta,-,Macarena Monetta,Script
105194,16 Sep 2025 11:41 AM,Eykén,Consulta por actualización de ticket #103837 y nuevo circuito para entrega de mercadería desde BBJet Mobile,-,Consulta por actualización de ticket #103837 y nuevo circuito para entrega de mercadería desde BBJet Mobile,Cerrado,22 Sep 2025,Phone,Consulta,-,Micaela Gatti,Otros temas
105195,16 Sep 2025 11:43 AM,DISTRIBUIDORA PARA MASCOTAS,Continuidad de ticket #105188,-,,Cerrado,16 Sep 2025,Chat,Consulta,-,Macarena Monetta,Ticket Duplicado
105196,16 Sep 2025 11:51 AM,Electromak,Asistencia para renumerar ND por error de CAE,-,,Cerrado,16 Sep 2025,Chat,Consulta,-,Elizabeth Alvarez,Factura electrónica
105197,16 Sep 2025 12:23 PM,SANTA FE MATERIALES,Asistencia para configuración pc-talonario a usuarios JANDREK y JANDREK2,-,Llamada saliente a (3426312613),Cerrado,16 Sep 2025,Phone,Consulta,-,Karen Varon,Talonario / Config. PC Talonarios
105198,16 Sep 2025 12:30 PM,BOURLOT,Caída de Servidor Capa 4 --,-,,Cerrado,16 Sep 2025,Phone,Consulta,-,Micaela Gatti,Servidores
105199,16 Sep 2025 12:31 PM,E-Parts - Grupo Cervantes,Llamada por ataque de ramsomware a servidor Cervantes,-,,Cerrado,16 Sep 2025,Phone,Consulta,-,Lautaro Bustos,Servidores
105200,16 Sep 2025 12:34 PM,E-Parts - Grupo Cervantes,Comunicación con Lautaro por ticket #105199,-,Comunicación con Lautaro por ticket #105199 llamada entrante de (2616590143),Cerrado,16 Sep 2025,Phone,Consulta,-,Karen Varon,Comunicarse con Soporte
105201,16 Sep 2025 12:52 PM,INSUMOS REFRIGERACIONES,Continuidad de ticket #105193,-,,Cerrado,16 Sep 2025,Chat,Consulta,-,Macarena Monetta,Ticket Duplicado
105202,16 Sep 2025 01:15 PM,BIOMED,Comunicación con Agostina por ticket #104596,-,Comunicación con Agostina por ticket #104596 llamada entrante de (3434715388),Cerrado,16 Sep 2025,Phone,Consulta,-,Karen Varon,Comunicarse con Soporte
105203,16 Sep 2025 01:35 PM,LA Distribuciones,No pasan pedidos de Mobile a Paljet,-,,Cerrado,16 Sep 2025,Phone,Consulta,-,Lautaro Bustos,CPR Ventas
105204,16 Sep 2025 01:35 PM,Samaco,Capacitaciones en contabilidad,-,Capacitaciones en contabilidad.,En Curso,-,Chat,Capacitación,-,Juan Acosta,Capacitación
105205,16 Sep 2025 01:52 PM,FERRETEC,ACTUALIZACIÓN SISTEMA PALJET ERP,-,,Cerrado,29 Sep 2025,Chat,Actualización,-,Agustina Acosta,Actualización
105206,16 Sep 2025 01:53 PM,LOGBELTS SRL,"Error ""no se pudo abrir el archivo, verifique que el archivo no este abierto"" al importar lista de precios",-,"Error ""no se pudo abrrir el archivo, verifique que el archivo no este abierto"" al importar lista de precios llamada entrante de (Valentina)",Cerrado,16 Sep 2025,Phone,Consulta,-,Karen Varon,PalJet Import
105207,16 Sep 2025 01:56 PM,GRAVAFILT,"Visualizar campo ""nota"" en reporte de impresión de factura",-,,Cerrado,16 Sep 2025,Email,Consulta,-,Karen Varon,Reportes
105208,16 Sep 2025 02:01 PM,COMSA,Informar nota en comprobantes de expedición,-,Informar nota en comprobantes de expedición,Cerrado,02 Oct 2025,Chat,Consulta,-,Leila Bonacina,BBJet Expedición
105209,16 Sep 2025 02:22 PM,FUGAS,ticket duplicado,-,,Cerrado,16 Sep 2025,Chat,Consulta,-,Joaquina Villanueva,Ticket Duplicado
105210,16 Sep 2025 02:32 PM,FUGAS,ticket duplicado #105212,-,,Cerrado,16 Sep 2025,Chat,Consulta,-,Joaquina Villanueva,Ticket Duplicado
105212,16 Sep 2025 02:48 PM,FUGAS,Deadlock conflict al emitir preparado de pedido,-,Deadlock conflict al emitir preparado de pedido. Se cancela la transacción colgada.,Cerrado,16 Sep 2025,Phone,Consulta,-,Lautaro Bustos,CPR Ventas
105213,16 Sep 2025 02:48 PM,INSUMOS REFRIGERACIONES,Modificar script de presupuesto,-,"Modificar script de presupuesto, dejando solo la información del valor en dólares",Cerrado,17 Sep 2025,Chat,Consulta,-,Leila Bonacina,Script
105214,16 Sep 2025 02:53 PM,ROSTOCK,cambiar licencia de pc,-,,Cerrado,16 Sep 2025,Chat,Consulta,-,Joaquina Villanueva,Licencia / Modulo
105215,16 Sep 2025 03:28 PM,GRAVAFILT,Consulta por ticket #105207,-,,Cerrado,17 Sep 2025,Chat,Consulta,-,Elizabeth Alvarez,Consulta por ticket
105216,16 Sep 2025 03:31 PM,E-Parts - Grupo Cervantes,Habilitar a usuario a realizar descuento,-,llamada entrante de (2615664475),Cerrado,16 Sep 2025,Phone,Consulta,-,Karen Varon,Script
105217,16 Sep 2025 03:47 PM,MERCONOR,Circuito Nota de Pedido > Preparado de pedido,-,,Cerrado,02 Oct 2025,Phone,Consulta,-,Micaela Gatti,Stock
105218,16 Sep 2025 03:48 PM,ECHAZU,Coordinación de actualización en ticket #104842,-,llamada entrante de (3813412979) llama Andrés Indicamos contestar en el ticket para que Agustina pueda ver la fecha y hora disponibles para la coordinación de la actualización,Cerrado,-,Phone,Consulta,-,Agostina Lozano,Comunicarse con otra área
105219,16 Sep 2025 03:48 PM,Credimisión,Acomodar campos superpuestos en reporte de factura,-,,Cerrado,16 Sep 2025,Chat,Consulta,-,Karen Varon,Reportes
105220,16 Sep 2025 03:54 PM,Freezar Congelados,Asistencia para reemplazar ejecutable de paljet luego de actualización,-,llamada entrante de (3434294374),Cerrado,16 Sep 2025,Phone,Consulta,-,Karen Varon,Conexión
105221,16 Sep 2025 03:59 PM,SURCAN,Solicita nuevo diseño de reporte de remito,-,,En Prueba,-,Phone,Requerimiento,-,Lautaro Bustos,Reportes
105222,16 Sep 2025 04:27 PM,ROUTER,Cambio de códigos de artículos,-,Indicamos pasos mediante Import,Cerrado,16 Sep 2025,Chat,Consulta,-,Agostina Lozano,ABM Artículos
105223,16 Sep 2025 04:33 PM,ROUTER,Al crear un concepto de banco y generar una liquidacion de banco no se lo toma,-,"Se ingreso y corroboro que el concepto estaba bien creado pero efectivamente no lo tomaba. por lo que se le indico que si el concepto no había sido utilizado, podia inactivarlo, o eliminarlo y se le indico como crearlo nuevamente.",Cerrado,16 Sep 2025,Phone,Consulta,-,Leila Bonacina,Banco
105224,16 Sep 2025 04:38 PM,EL REY DEL CABLE,Error Windows Socket y Lock conflict on no wait transaction deadlock en una PC,-,Error Windows Socket y Lock conflict on no wait transaction deadlock en una PC,Cerrado,17 Sep 2025,Chat,Consulta,-,Micaela Gatti,Conexión
105225,16 Sep 2025 04:43 PM,E- Parts Franquicia Chajarí,Cartel de que si el cliente no salda los comprobantes de se le podra emitir el comprobante,-,Se ingreso y corroboro que poseen un script que realizaba el control. Se le indico que si era correcto podían desactivarlo. También consultaron si es posible seleccionar varias notas de crédito y realizar la configuración de la contraseña por usuario y por comprobante,Cerrado,16 Sep 2025,Chat,Consulta,-,Leila Bonacina,Script
105226,16 Sep 2025 04:54 PM,Montajes y Construcciones Quequén,"Agregar campo de ""fec venc"" a reporte de FA y NC punto de venta 2 y 3",-,,Cerrado,16 Sep 2025,Chat,Requerimiento,-,Karen Varon,Reportes
105227,16 Sep 2025 04:56 PM,EL EMPORIO DEL SOLDADOR,Cambio de configuración regional,-,Ayudamos a cambiar la configuración regional de la pc para poder poner punto en los decimales de los precios en sistema,Cerrado,16 Sep 2025,Chat,Consulta,-,Agostina Lozano,Arreglar datos
105228,16 Sep 2025 04:57 PM,LOGBELTS SRL,Consulta por información a completar en ID 1159 (sicore),-,llamada entrante de (1160936665),Cerrado,17 Sep 2025,Phone,Consulta,-,Karen Varon,Consultas y Herramientas
105229,16 Sep 2025 05:02 PM,Freezar Congelados,Asistencia para reemplazar ejecutable de paljet luego de actualización,-,llamada entrante de (3435098613),Cerrado,16 Sep 2025,Phone,Consulta,-,Karen Varon,Conexión
105230,16 Sep 2025 05:07 PM,INTEQ,Error al sincronizar mobile,-,Error al sincronizar mobile,Cerrado,23 Sep 2025,Phone,Consulta,-,Leila Bonacina,BBJet Mobile
105231,16 Sep 2025 05:09 PM,CALZADOS BETER,Información para ticket #103770,-,,Cerrado,16 Sep 2025,Email,Consulta,-,Karen Varon,Consulta por ticket
105232,16 Sep 2025 05:12 PM,E-Parts - Grupo Cervantes,Solicitan contacto con Infraestructura por ticket #105199,-,Llama Nicolas Dejamos mensaje a German para que devuelva llamado,Cerrado,-,Phone,Consulta,-,Agostina Lozano,Comunicarse con otra área
105233,16 Sep 2025 05:15 PM,Freezar Congelados,Consulta por cambio de versión en ejecutable,-,Indicamos como cambiar ejecutable,Cerrado,-,Phone,Consulta,-,Agostina Lozano,Actualización
105234,16 Sep 2025 05:38 PM,VEGA METALES,Error de transacción colgada,-,"Hacemos shutdown a la transacción por base de datos y se procesa correctamente, dejando de dar el error",Cerrado,16 Sep 2025,Chat,Consulta,-,Agostina Lozano,CPR Ventas
105235,16 Sep 2025 05:45 PM,CALZADOS BETER,Error en numeración por IF,-,llamada entrante de (3434217010) Llama Carolina Presentan error en la numeración emitida por impresora fiscal en sucursal trentina 87,Cerrado,17 Sep 2025,Phone,Consulta,-,Agostina Lozano,Impresoras Fiscales
105236,16 Sep 2025 06:04 PM,EL SURCO,Exportacion de .txt para aplicativo SICORE,-,"Buenas tarde Necesito poder exportar desde paljet el .txt para importar en aplicativo SICORE para poder obtener las retenciones practicadas en pagos Pero cuando hago la importacion me arroja un error. Ya probe de configurar SICORE para que el separador decimal sea ""coma"" o ""punto"" pero en ambos modos me arroja un error. 1)Configuracion de como exporto txt de paljet (Reporte id 706) 2)Error de SICORE al importar .txt. Separador decimal ""coma"" 3)Error de SICORE al importar .txt. Separador decimal ""punto"" Gracias",Cerrado,18 Sep 2025,Web,Consulta,-,Karen Varon,Percepciones y retenciones
105237,16 Sep 2025 06:06 PM,El Mangrullo,Asociar punto de venta a usuario para generar NC y ND,-,,Cerrado,16 Sep 2025,Chat,Consulta,-,Karen Varon,Talonario / Config. PC Talonarios
105238,16 Sep 2025 06:28 PM,EL SURCO,Consulta por el ticket  103418,-,Lautaro comenta que se comunico unas semanas atras por lo mencionado en el ticket Consulta por el ticket 103418 e informa que continua sucediendo.,Cerrado,17 Sep 2025,Phone,Consulta,-,Leila Bonacina,Impositivas
105239,16 Sep 2025 06:48 PM,Freezar Congelados,Error vacío al solicitar cae luego de actualización,-,llamada entrante de (3435098613),Cerrado,16 Sep 2025,Phone,Consulta,-,Karen Varon,Factura electrónica
105240,16 Sep 2025 06:51 PM,FERROMUNDO,Error al solicitar cae en una pc,-,Se ingreso se hicieron las correcciones en la configuracion regional UAC y DEP y se reinicio la pc dado que no se encontraba con la pc no pudimos volver a conectarnos para corroborar si quedo funcionando correctamente.,Cerrado,16 Sep 2025,Phone,Consulta,-,Leila Bonacina,Factura electrónica
105241,16 Sep 2025 07:09 PM,INTERMOTOR,Consulta por corrección de precios de lista de proveedor,-,Indicamos pasos para corregir lista de precios proveedor desde Import o Paljet,Cerrado,17 Sep 2025,Chat,Consulta,-,Agostina Lozano,Lista de Precios
105242,16 Sep 2025 07:22 PM,LA TABLADA,Solicita hablar con Agustina para saber si requieren algun dato para la actualizacion,-,Solicita hablar con Agustina para saber si requieren algún dato para la actualización,Cerrado,16 Sep 2025,Chat,Consulta,-,Leila Bonacina,Comunicarse con otra área
105243,17 Sep 2025 06:19 AM,LA CLARITA,Adquisición de Bbjet Mobile,-,,Open,-,Email,Adquisición Licencia/Módulos,-,Alejandro Silva,BBJet Mobile
105244,17 Sep 2025 08:02 AM,YAPUR,Pasos para dar de alta nuevos artículos al sistema desde paljet import,-,Pasos para dar de alta nuevos artículos al sistema desde paljet import,Cerrado,18 Sep 2025,Chat,Consulta,-,Macarena Analía Ramirez Barzola,PalJet Import
105245,17 Sep 2025 08:16 AM,NARCISI,Pedido no pasó de BBJet ML a Paljet por publicación no vinculada,-,Pedido no pasó de BBJet ML a Paljet por publicación no vinculada,Cerrado,17 Sep 2025,Chat,Consulta,-,Micaela Gatti,BBJet ML
105246,17 Sep 2025 08:43 AM,FERRETEC,Error en solicitud de CAE - Computador no autorizado,-,,Cerrado,17 Sep 2025,Chat,Consulta,-,Agostina Lozano,Factura electrónica
105247,17 Sep 2025 08:44 AM,LOGBELTS SRL,Solicita hablar con karen Varon por el ticket #105228,-,Solicita hablar con karen Varon por el ticket #105228,Cerrado,17 Sep 2025,Phone,Consulta,-,Leila Bonacina,Comunicarse con Soporte
105248,17 Sep 2025 08:54 AM,DISTRIBUIDORA LA T,Tableros desactualizados en Power BI,-,Tableros desactualizados en Power BI,Cerrado,17 Sep 2025,Chat,Consulta,-,Micaela Gatti,BI
105249,17 Sep 2025 09:07 AM,ROSTOCK,Configurar PC para solicitar CAE de forma automática,-,Configurar PC para solicitar CAE de forma automática,Cerrado,17 Sep 2025,Chat,Consulta,-,Macarena Analía Ramirez Barzola,Factura electrónica
105250,17 Sep 2025 09:08 AM,ARCOIRIS PINTURERIA,Cantidad de renglones en comprobantes,-,,Cerrado,17 Sep 2025,Email,Consulta,-,Juan Acosta,Talonario / Config. PC Talonarios
105251,17 Sep 2025 09:13 AM,FERRARO MATERIALES,"Error al forzar sincronización en publicación vinculada ""Error Principal: Cannot update item MLA1457191571. Causas: Inventory_id is not modifiable.""",-,"Error al forzar sincronización en publicación vinculada ""Error Principal: Cannot update item MLA1457191571. Causas: Inventory_id is not modifiable.""",Cerrado,17 Sep 2025,Chat,Consulta,-,Agostina Lozano,BBJet ML
105252,17 Sep 2025 09:20 AM,FERRETEC,Inconvenientes al solicitar CAE por falta de configuraciones en PC,-,Inconvenientes al solicitar CAE por falta de configuraciones en PC,Cerrado,17 Sep 2025,Chat,Consulta,-,Micaela Gatti,Factura electrónica
105253,17 Sep 2025 09:22 AM,CMS,Errores en asientos - Excel para ticket #103198,-,Dejamos excel en ticket mencionado para tratamiento,Cerrado,17 Sep 2025,Chat,Consulta,-,Agostina Lozano,Consulta por ticket
105254,17 Sep 2025 09:28 AM,RIGELEC,"Error: 10184 Comprobante MiPyMES (FCE), es crédito, el monto del comprobante a autorizar no puede ser mayor o igual al saldo actual de la cuenta corriente",-,llamada entrante de (3454274888),Cerrado,17 Sep 2025,Phone,Consulta,-,Karen Varon,Factura electrónica
105255,17 Sep 2025 09:33 AM,BOITARD MAQUINARIA,Solicita ayuda para dar de alta talonario de factura de crédito manual,-,Solicita ayuda para dar de alta talonario de factura de crédito manual,Cerrado,17 Sep 2025,Phone,Consulta,-,Macarena Monetta,Talonario / Config. PC Talonarios
105256,17 Sep 2025 09:45 AM,GALLO DISTRIBUCIONES,consulta que muestre ventas por clasificación de clientes,-,consulta que muestre ventas por clasificación de clientes,Cerrado,17 Sep 2025,Phone,Consulta,-,Leila Bonacina,Consultas y Herramientas
105257,17 Sep 2025 09:52 AM,BIOMED,Solicita hablar con Agostina por el ticket #104596,-,Solicita hablar con Agostina por el ticket #104596,Cerrado,17 Sep 2025,Phone,Consulta,-,Leila Bonacina,Comunicarse con Soporte
105258,17 Sep 2025 09:55 AM,FEMAT ACE,Instalar Paljet Network en PC para FEMAT y FERREMAT,-,Instalar Paljet Network en PC para FEMAT y FERREMAT,Cerrado,17 Sep 2025,Chat,Consulta,-,Micaela Gatti,Instalación de Cliente
105259,17 Sep 2025 09:57 AM,BIOMED,Solicita comunicación con Agostina por ticket en tratamiento #104596,-,Solicita comunicación con Agostina por ticket en tratamiento #104596,Cerrado,17 Sep 2025,Phone,Consulta,-,Macarena Monetta,Comunicarse con Soporte
105260,17 Sep 2025 10:00 AM,IOMAQ,Extender plazo de licencia Paljet ERP,-,Extender plazo de licencia Paljet ERP. No se pudo avanzar ya que el antivirus bloqueaba la manipulación de la computadora. Indica que se contactarán nuevamente mañana,Cerrado,17 Sep 2025,Chat,Consulta,-,Micaela Gatti,Licencia / Modulo
105261,17 Sep 2025 10:07 AM,ANDERSEN MATERIALES,Cambiar la entidad de un proveedor con herramienta ID 1172,-,llamada entrante de (1152630573),Cerrado,17 Sep 2025,Phone,Consulta,-,Karen Varon,ABM Proveedores
105262,17 Sep 2025 10:08 AM,FEMAT ACE,Chat sin respuesta del cliente,-,Chat sin respuesta del cliente,Cerrado,17 Sep 2025,Chat,Consulta,-,Agostina Lozano,Sin respuesta
105263,17 Sep 2025 10:09 AM,ROUTER,Consulta sobre procesamiento de comprobantes de proveedor,-,,Cerrado,22 Sep 2025,Email,Consulta,-,Karen Varon,CPR Compras
105264,17 Sep 2025 10:09 AM,ROSTOCK,Inconvenientes al solicitar CAE por Ticket de Acceso,-,Inconvenientes al solicitar CAE por Ticket de Acceso,Cerrado,17 Sep 2025,Chat,Consulta,-,Micaela Gatti,Factura electrónica
105265,17 Sep 2025 10:18 AM,FEMAT ACE,"Comprobantes sin CAE asociado, no aparecen en ARCA",-,"Comprobantes sin CAE asociado, no aparecen en ARCA",Cerrado,18 Sep 2025,Chat,Incidente,-,Agostina Lozano,Factura electrónica
105266,17 Sep 2025 10:19 AM,Hormicom,Informa a Juan Pablo que no avanzaran con la utilización del Paljet,-,Informa a Juan Pablo que no avanzaran con la utilización del Paljet,Cerrado,17 Sep 2025,Phone,Consulta,-,Leila Bonacina,Comunicarse con otra área
105267,17 Sep 2025 10:22 AM,Freezar Congelados,Ayuda para cambiar ejecutable luego de actualización,-,Ayuda para cambiar ejecutable luego de actualización,Cerrado,17 Sep 2025,Chat,Consulta,-,Macarena Analía Ramirez Barzola,Instalación de Cliente
105268,17 Sep 2025 10:27 AM,ANPAU,Al imprimir en nueva impresora el tamaño del comprobante sale reducido,-,llamada entrante de (3815944860),Cerrado,17 Sep 2025,Phone,Consulta,-,Karen Varon,Impresora Láser
105269,17 Sep 2025 10:29 AM,DISTRIBUIDORA PARA MASCOTAS,Corrección de datos faltantes en MongoDB,-,"En registros de 2022 en la tabla ""pickings"" figuran 11 campos: id articulos expedicion fh_alta deposito estado _v fh_ini_picking usuario fh_fin_picking picking_id Desde noviembre de 2022 en adelante solo se obtienen 7 campos: id articulos expedicion fh_alta deposito estado _v Faltan: fh_ini_picking usuario fh_fin_picking picking_id Necesitamos esos campos para desarrollar tableros de Power BI.",Open,-,Chat,Incidente,-,Bruno Reato,BBJet Expedición
105270,17 Sep 2025 10:47 AM,MARTINEZ ESCALADA,"Cambios en reporte ""presupuesto""",-,"Cambios en reporte ""presupuesto""",Cerrado,17 Sep 2025,Chat,Consulta,-,Macarena Analía Ramirez Barzola,Reportes
105271,17 Sep 2025 10:54 AM,ANDRETICH,Requerimientos de pc para optimizar y actualizar BI,-,Requerimientos de pc para optimizar y actualizar BI,Cerrado,18 Sep 2025,Chat,Consulta,-,Germán Dachary,BI
105272,17 Sep 2025 10:56 AM,MAYOR,Error de midas.dll al iniciar Paljet en pc luego de cambio operativo,-,llamada entrante de (2477428086),Cerrado,17 Sep 2025,Phone,Consulta,-,Karen Varon,Sistema
105273,17 Sep 2025 11:10 AM,Agrobarbero,Presupuesto para capacitación del sistema,-,Presupuesto para capacitación del sistema,Cerrado,01 Oct 2025,Chat,Capacitación,-,Juan Pablo  Cabrera,Capacitación
105274,17 Sep 2025 11:12 AM,EL EMPORIO DEL SOLDADOR,Chat resuelto por el cliente,-,Chat resuelto por el cliente,Cerrado,17 Sep 2025,Chat,Consulta,-,Macarena Analía Ramirez Barzola,Otros temas
105275,17 Sep 2025 11:16 AM,INTER PARTS,Solicita comunicación con Eliana por ticket en tratamiento,-,Solicita comunicación con Eliana por ticket en tratamiento,Cerrado,17 Sep 2025,Phone,Consulta,-,Macarena Monetta,Comunicarse con otra área
105276,17 Sep 2025 11:18 AM,MAYOR,Al querer crear una configuración de pc - talonario no le aparece la pc,-,Al querer crear una configuración de pc - talonario no le aparece la pc. Se registro la pc y también se cambio la configuración regional solicitado por el cliente,Cerrado,17 Sep 2025,Phone,Consulta,-,Leila Bonacina,Talonario / Config. PC Talonarios
105277,17 Sep 2025 11:19 AM,Montajes y Construcciones Quequén,Envío de ordenes de pago por mail al emitirlas,-,Envío de ordenes de pago por mail al emitirlas,Cerrado,02 Oct 2025,Chat,Mejora,-,Agostina Lozano,E-mail
105278,17 Sep 2025 11:20 AM,FEMAT ACE,Funcionamiento de Network en FEMAT --,-,Reiniciamos servicios y queda en funcionamiento,Cerrado,17 Sep 2025,Chat,Consulta,-,Agostina Lozano,Servidores
105279,17 Sep 2025 11:36 AM,FERRARO MATERIALES,Inconvenientes al sincronizar stock de publicación por pedidos viejos que no pasaron,-,Inconvenientes al sincronizar stock de publicación por pedidos viejos que no pasaron,Cerrado,17 Sep 2025,Chat,Consulta,-,Micaela Gatti,BBJet ML
105280,17 Sep 2025 11:44 AM,DE DIEGO,Consulta por cambio de clasificación de factura cliente y contabilidad en dólar,-,Explicamos que no disponemos de una herramienta para pasar a factura de administrativa a alternativa. Informamos que aún no se ha habilitado la posibilidad de llevar la contabilidad en su totalidad en dólar,Cerrado,17 Sep 2025,Chat,Consulta,-,Agostina Lozano,CPR Ventas
105281,17 Sep 2025 11:50 AM,Freezar Congelados,"Error al solicitar cae ""no se encontró certificado asociado a la subempresa""",-,llamada entrante de (3435098613),Cerrado,17 Sep 2025,Phone,Consulta,-,Karen Varon,Factura electrónica
105282,17 Sep 2025 11:50 AM,Piragini Motorepuestos,Limpiar saldos de facturas de clientes viejos,-,"Limpiar saldos de facturas de clientes viejos, al ingresar se corroboro que poseían la cancelación por no fiscal de crédito sin imputar. Se le indico como verlo",Cerrado,17 Sep 2025,Phone,Consulta,-,Leila Bonacina,CPR Ventas
105283,17 Sep 2025 11:51 AM,Agrobarbero,Continuar chat de ticket #105273,-,Continuar chat de ticket #105273,Cerrado,17 Sep 2025,Chat,Consulta,-,Micaela Gatti,Otros temas
105284,17 Sep 2025 11:59 AM,FERRARO MATERIALES,Consulta por ticket #103700,-,,Cerrado,17 Sep 2025,Email,Consulta,-,Karen Varon,Consulta por ticket
105285,17 Sep 2025 12:06 PM,EL SURCO,Consulta por ventas a exentos que figura en libro de IVA,-,Consulta por ventas a exentos que figura en libro de IVA llamada entrante de (2302553932),Cerrado,18 Sep 2025,Phone,Consulta,-,Karen Varon,Impositivas
105286,17 Sep 2025 12:20 PM,ARCOIRIS PINTURERIA,Ocultar artículos para cambio de rentabilidades en lista de precios,-,,Cerrado,17 Sep 2025,Email,Consulta,-,Juan Acosta,Lista de Precios
105287,17 Sep 2025 12:45 PM,AMPERBAT,El precio final por litro de un articulo es incorrecto.,-,El articulo poseía equivalencia de producto. al corroborar la equivalencia no estaba en la lista de precios del proveedor. por lo que el precio que arroja era incorrecto,Cerrado,17 Sep 2025,Phone,Consulta,-,Leila Bonacina,Lista de Precios
105288,17 Sep 2025 12:57 PM,Freezar Congelados,eliminacion de comprobante por realizarlo en punto de venta erroneo,-,,Cerrado,17 Sep 2025,Phone,Consulta,-,Joaquina Villanueva,CPR Ventas
105289,17 Sep 2025 01:01 PM,MGL Complementos,Consulta por ticket #105121,-,llamada entrante de (Toncic Rubén Ignacio),Cerrado,17 Sep 2025,Phone,Consulta,-,Karen Varon,Consulta por ticket
105290,17 Sep 2025 01:09 PM,SUMIAGRO,Resuelto por cliente,-,,Cerrado,18 Sep 2025,Chat,Consulta,-,Juan Pablo  Cabrera,Otros temas
105291,17 Sep 2025 01:41 PM,BACI,Como procesar un cupón de tarjeta duplicado,-,,Cerrado,-,Phone,Consulta,-,Juan Acosta,Tarjeta
105292,17 Sep 2025 02:00 PM,ARCOIRIS PINTURERIA,Donde consultar los libros de IVA,-,,Cerrado,18 Sep 2025,Email,Consulta,-,Juan Acosta,Impositivas
105293,17 Sep 2025 02:04 PM,FEMAT ACE,Consulta por tratamiento de ticket 105265,-,,Cerrado,18 Sep 2025,Chat,Consulta,-,Eliana Barreto,Consulta por ticket
105294,17 Sep 2025 02:11 PM,SJG MONTAJES INDUSTRIALES,Capacitación de módulos.,-,,Cerrado,25 Sep 2025,Email,Capacitación,-,Agostina Lozano,Caja
105295,17 Sep 2025 03:11 PM,Freezar Congelados,Inconveniente en solicitud automática de CAE,-,,Cerrado,17 Sep 2025,Chat,Consulta,-,Lautaro Bustos,Factura electrónica
105296,17 Sep 2025 03:12 PM,Etsol,Chat de prueba,-,Chat de prueba,Cerrado,17 Sep 2025,Chat,Consulta,-,Macarena Analía Ramirez Barzola,Otros temas
105297,17 Sep 2025 03:14 PM,AUTOPARTES,"BBJet ML sincroniza artículos sin existencia en Paljet, con stock diferente en Mercado Libre",-,,Cerrado,18 Sep 2025,Chat,Consulta,-,Micaela Gatti,BBJet ML
105298,17 Sep 2025 03:19 PM,El Super de los Filtros,Hoja de la ruta de cada vendedor,-,,Cerrado,17 Sep 2025,Phone,Consulta,-,Joaquina Villanueva,CPR Ventas
105299,17 Sep 2025 03:20 PM,GARAY,Llamada para comentar que suban el archivo cepas,-,Llamada para comentar que suban el archivo cepas,Cerrado,17 Sep 2025,Phone,Consulta,-,Macarena Analía Ramirez Barzola,Otros temas
105300,17 Sep 2025 03:21 PM,TOYO NQN,"Mas ventas, menos utilidad",-,"Mas ventas, menos utilidad",Cerrado,18 Sep 2025,Chat,Consulta,-,Macarena Analía Ramirez Barzola,Consultas y Herramientas
105301,17 Sep 2025 03:29 PM,BOURLOT,Consulta si es posible el procesamiento masivo de ordenes de compra,-,Consulta si es posible el procesamiento masivo de ordenes de compra,Cerrado,17 Sep 2025,Phone,Consulta,-,Leila Bonacina,CPR Compras
105302,17 Sep 2025 03:39 PM,FERRARO MATERIALES,baja de servicio de BI,-,Se da de baja por no usarse,Cerrado,18 Sep 2025,Chat,Baja Licencia/Modulo,-,Macarena Analía Ramirez Barzola,BI
105303,17 Sep 2025 03:42 PM,Credimisión,Solicita contacto con Eliana B por capacitación,-,,Cerrado,17 Sep 2025,Chat,Consulta,-,Lautaro Bustos,Comunicarse con otra área
105304,17 Sep 2025 03:44 PM,AGUA NUESTRA,"Agregar a consulta personalizada ID 12139 columna de ""estado cta.cte""",-,,Cerrado,19 Sep 2025,Phone,Mejora,-,Karen Varon,Consultas y Herramientas
105305,17 Sep 2025 03:44 PM,UNIPARTES ACE,No funciona la WEB,-,No funciona la WEB,Cerrado,17 Sep 2025,Phone,Consulta,-,Macarena Monetta,Servidores
105306,17 Sep 2025 03:49 PM,MARTINEZ ESCALADA,Consulta por respuesta brindada en ticket #105270,-,,Cerrado,17 Sep 2025,Chat,Consulta,-,Macarena Monetta,Consulta por ticket
105307,17 Sep 2025 04:00 PM,COMSA,Inconveniente en conexión a productos BBJet,-,,Cerrado,17 Sep 2025,Chat,Consulta,-,Elizabeth Alvarez,Conexión
105308,17 Sep 2025 04:08 PM,MAXILIMP,Consulta por visualización de búsqueda de artículos,-,,Cerrado,17 Sep 2025,Chat,Consulta,-,Lautaro Bustos,CPR Ventas
105309,17 Sep 2025 04:20 PM,E-Parts - Grupo Cervantes,modificar retención en liquidaciones,-,,Cerrado,17 Sep 2025,Phone,Consulta,-,Joaquina Villanueva,Liquidaciones
105310,17 Sep 2025 04:30 PM,Lubricentro Goya,Error en acutalización de publicación- Se produjo una venta de artículo que no tiene stock en paljet,-,,Cerrado,18 Sep 2025,Chat,Incidente,-,Macarena Monetta,BBJet ML
105311,17 Sep 2025 04:42 PM,E-Parts - Grupo Cervantes,cambiar contraseña de usuario,-,,Cerrado,17 Sep 2025,Phone,Consulta,-,Joaquina Villanueva,Sistema
105312,17 Sep 2025 04:42 PM,ASERRADERO H,Consulta forma de registrar una licencia- No había ingresado al sistema para registrar las mismas,-,Consulta forma de registrar una licencia- No había ingresado al sistema para registrar las mismas,Cerrado,17 Sep 2025,Phone,Consulta,-,Macarena Monetta,Licencia / Modulo
105313,17 Sep 2025 05:02 PM,E-Parts - Grupo Cervantes,Consulta por modificación de monto en liquidación de tarjeta,-,,Cerrado,17 Sep 2025,Phone,Consulta,-,Elizabeth Alvarez,Tarjeta
105314,17 Sep 2025 05:25 PM,Gromax,crear talonario y configuracion pc-talonario,-,,Cerrado,17 Sep 2025,Phone,Consulta,-,Joaquina Villanueva,Talonario / Config. PC Talonarios
105315,17 Sep 2025 05:30 PM,ALMADA,"Comprobantes en -1 , no se puede generar el libro iva ventas",-,,Cerrado,17 Sep 2025,Phone,Consulta,-,Joaquina Villanueva,CPR Ventas
105316,17 Sep 2025 05:30 PM,ALMADA,Solicita apoyo para reenumeración de comprobantes,-,,Cerrado,17 Sep 2025,Phone,Consulta,-,Lautaro Bustos,CPR Ventas
105317,17 Sep 2025 05:32 PM,CALZADOS BETER,Consulta por cambio de razón social a cliente,-,,Cerrado,18 Sep 2025,Chat,Consulta,-,Lautaro Bustos,ABM Clientes
105318,17 Sep 2025 06:01 PM,LOGBELTS SRL,Solicita ayuda para realizar importación masiva de arts. prov,-,,Cerrado,17 Sep 2025,Phone,Consulta,-,Lautaro Bustos,ABM Artículos
105319,17 Sep 2025 06:22 PM,El Super de los Filtros,Movimiento entre cuentas entre empresa super de los filtros y el rey de los servicios,-,,Cerrado,17 Sep 2025,Phone,Consulta,-,Joaquina Villanueva,Cuentas
105320,17 Sep 2025 06:38 PM,LOGBELTS SRL,comunicarse con lautaro,-,,Cerrado,17 Sep 2025,Phone,Consulta,-,Joaquina Villanueva,Comunicarse con Soporte
105321,17 Sep 2025 06:46 PM,ARCOIRIS PINTURERIA,Ver precio con descuento de lista en comprobante,-,,Cerrado,18 Sep 2025,Email,Consulta,-,Juan Acosta,CPR Ventas
105322,17 Sep 2025 06:59 PM,ANPAU,inconveniente con la impresora,-,,Cerrado,17 Sep 2025,Phone,Consulta,-,Joaquina Villanueva,Impresora Láser
105323,17 Sep 2025 07:07 PM,FERROMUNDO,Solicita ayuda para configurar Impresora Fiscal HASAR,-,,Cerrado,17 Sep 2025,Phone,Consulta,-,Lautaro Bustos,Impresoras Fiscales
105324,17 Sep 2025 07:27 PM,Freezar Congelados,movimiento entre cuentas,-,,Cerrado,17 Sep 2025,Phone,Consulta,-,Joaquina Villanueva,Cuentas
105325,17 Sep 2025 07:41 PM,Freezar Congelados,Destildar valores masivamente en movimiento de cuentas,-,,Cerrado,17 Sep 2025,Phone,Consulta,-,Lautaro Bustos,Cuentas
105326,17 Sep 2025 07:44 PM,EL GURI,Consulta por valor negativo de caja,-,,Cerrado,18 Sep 2025,Chat,Consulta,-,Elizabeth Alvarez,Caja
105327,18 Sep 2025 08:23 AM,VERGARA,Extender plazo de licencia Paljet ERP,-,Extender plazo de licencia Paljet ERP,Cerrado,18 Sep 2025,Chat,Consulta,-,Micaela Gatti,Licencia / Modulo
105328,18 Sep 2025 08:32 AM,CALZADOS BETER,Seguimiento de ticket #105317,-,,Cerrado,18 Sep 2025,Chat,Consulta,-,Lautaro Bustos,Ticket Duplicado
105329,18 Sep 2025 08:36 AM,MARCHAL,Solicita número de contacto de soporte,-,,Cerrado,18 Sep 2025,Chat,Consulta,-,Lautaro Bustos,Otros temas
105330,18 Sep 2025 08:39 AM,CALZADOS BETER,Facturación a mutuales,-,,Cerrado,-,Chat,Consulta,-,Jésica Leguiza,CPR Ventas
105331,18 Sep 2025 08:41 AM,FERRETERÍA ARGENTINA RAWSON,Instalación de CUIT Adicional (puesta a punto),-,,En Tratamiento,-,Email,Consulta,-,Eliana Barreto,Multiempresa
105332,18 Sep 2025 08:44 AM,Freezar Congelados,Ayuda para terminar de actualizar Pc-No habían descargado las librerías electrónicas,-,,Cerrado,18 Sep 2025,Chat,Consulta,-,Macarena Monetta,Conexión PC/Infraestructura
105333,18 Sep 2025 08:44 AM,MI viejo corralón y ferretería,Acomodar menú de sistema,-,llamada entrante de (3834254540) Ayudamos a acomodar menú en usuario debido a que estaba corrido de lugar,Cerrado,-,Phone,Consulta,-,Agostina Lozano,Otros temas
105334,18 Sep 2025 08:59 AM,DISTRIBUIDORA SENCO,Al imputar un pago no se refleja en el cta desde el mobile pero si muestra el saldo final,-,Las cuentas corriente no se visalizan en el mobile una vez,Cerrado,18 Sep 2025,Phone,Consulta,-,Leila Bonacina,BBJet Mobile
105335,18 Sep 2025 09:01 AM,MARCHAL,Demora en procesos del sistema --,-,"llamada entrante de (2262564225) Llama Gustavo Solicita que se evalúe la demora en los procesos del sistema, además pide presupuestación de BI, evaluación de mejoras al sistema, modulos que pueden complementar su utilidad, consulta por CRM",Cerrado,24 Sep 2025,Phone,Incidente,-,Agostina Lozano,Conexión
105336,18 Sep 2025 09:04 AM,BIOMED,Solicita hablar con Agostina por el ticket #104596,-,Solicita hablar con Agostina por el ticket #104596,Cerrado,18 Sep 2025,Phone,Consulta,-,Leila Bonacina,Comunicarse con Soporte
105337,18 Sep 2025 09:07 AM,Eykén,Contacto con Micaela por ticket #105194,-,,Cerrado,18 Sep 2025,Phone,Consulta,-,Elizabeth Alvarez,Consulta por ticket
105338,18 Sep 2025 09:20 AM,HUGO MONTERO - HULRICH,Error al ingresar a Paljet ERP desde servidor,-,,Cerrado,19 Sep 2025,Email,Consulta,-,Micaela Gatti,Servidores
105339,18 Sep 2025 09:23 AM,MARCHAL,Seguimiento de ticket #105335,-,,Cerrado,18 Sep 2025,Chat,Consulta,-,Agostina Lozano,Consulta por ticket
105340,18 Sep 2025 09:24 AM,ANDERSEN MATERIALES,Agregar dos columnas nuevas en herramienta personalizada ID 12138 'Utilidad por cliente',-,,Cerrado,29 Sep 2025,Chat,Mejora,-,Macarena Monetta,Consultas y Herramientas
105341,18 Sep 2025 09:28 AM,PETROLAUQUEN,Dudas sobre Bbjet Mobile,-,,Cerrado,18 Sep 2025,Phone,Consulta,-,Joaquina Villanueva,BBJet Mobile
105342,18 Sep 2025 09:30 AM,Maderera San Antonio,Consulta para desaplicar recibos y eliminar comprobantes implicados,-,,Cerrado,18 Sep 2025,Chat,Consulta,-,Lautaro Bustos,CPR Ventas
105343,18 Sep 2025 09:39 AM,CALZADOS BETER,Error al generar Orden de admisión en OCA desde PrestaShop,-,Error al generar Orden de admisión en OCA desde PrestaShop,No aplica,22 Sep 2025,Chat,Consulta,-,Eliana Barreto,Tienda BtoC
105344,18 Sep 2025 09:40 AM,DRUBICH Y CIA,Inconveniente al pasar pedidos de ML,-,,Cerrado,18 Sep 2025,Phone,Consulta,-,Elizabeth Alvarez,BBJet ML
105345,18 Sep 2025 09:46 AM,AGUJUAN S.R.L.,Solicita hablar con Juan Acosta,-,Solicita hablar con Juan Acosta,Cerrado,18 Sep 2025,Phone,Consulta,-,Leila Bonacina,Comunicarse con otra área
105346,18 Sep 2025 09:48 AM,ROUTER,"Error al solicitar CAE - 555 ""ERROR PRODUCIDO EN ARCA-PROXY""",-,"Error al solicitar CAE - 555 ""ERROR PRODUCIDO EN ARCA-PROXY""",Cerrado,18 Sep 2025,Chat,Consulta,-,Micaela Gatti,Factura electrónica
105347,18 Sep 2025 09:56 AM,INTEQ,"consulta por avances y brinda informacion para los ticket 105230, 102525 y #103567",-,,Cerrado,18 Sep 2025,Phone,Consulta,-,Joaquina Villanueva,Consulta por ticket
105348,18 Sep 2025 09:58 AM,AMUCHASTEGUI,Como cargar los libros de iva con la nueva disposicion de arca,-,Como cargar los libros de iva con la nueva disposición de arca,Cerrado,18 Sep 2025,Phone,Consulta,-,Leila Bonacina,Impositivas
105349,18 Sep 2025 10:00 AM,MARCHAL,Continuidad de ticket #105335,-,,Cerrado,18 Sep 2025,Chat,Consulta,-,Macarena Monetta,Ticket Duplicado
105350,18 Sep 2025 10:03 AM,ARCOIRIS PINTURERIA,comunicarse con Juan acosta,-,,Cerrado,18 Sep 2025,Phone,Consulta,-,Joaquina Villanueva,Comunicarse con otra área
105351,18 Sep 2025 10:06 AM,CONSTRUCOM,comunicarse con Juan Pablo,-,,No aplica,18 Sep 2025,Chat,Consulta,-,Joaquina Villanueva,Comunicarse con otra área
105352,18 Sep 2025 10:09 AM,ARENAS DEL PARANA SRL,Solicita hablar con Juan Pablo,-,Solicita hablar con Juan Pablo,Cerrado,18 Sep 2025,Phone,Consulta,-,Leila Bonacina,Comunicarse con otra área
105353,18 Sep 2025 10:17 AM,ARCOIRIS PINTURERIA,Desarrollar script de control sobre condición de venta y lista de precios,-,,Open,-,Email,Requerimiento,-,Juan Acosta,Script
105354,18 Sep 2025 10:17 AM,FEMAT ACE,Avances sobre ticket #105265,-,,Cerrado,18 Sep 2025,Chat,Consulta,-,Agostina Lozano,Consulta por ticket
105355,18 Sep 2025 10:24 AM,LOGBELTS SRL,Ruta para eliminar mov de cuenta,-,,Cerrado,18 Sep 2025,Phone,Consulta,-,Elizabeth Alvarez,Cuentas
105356,18 Sep 2025 10:24 AM,DISTRIBUIDORA PARA MASCOTAS,PowerBI datos en tablero general,-,PowerBI datos en tablero general,Cerrado,18 Sep 2025,Chat,Consulta,-,Micaela Gatti,BI
105357,18 Sep 2025 10:30 AM,MUNDO AUTOPARTES,Solicita configuración PC_TAL,-,,Cerrado,18 Sep 2025,Chat,Consulta,-,Lautaro Bustos,Talonario / Config. PC Talonarios
105358,18 Sep 2025 10:42 AM,SJG MONTAJES INDUSTRIALES,Consulta por ticket #103764,-,,Cerrado,18 Sep 2025,Phone,Consulta,-,Elizabeth Alvarez,Consulta por ticket
105359,18 Sep 2025 10:52 AM,BRM REPUESTOS MOTOR,Actualizar monto de consumidor final para empresa  BRM repuestos motor,-,,Cerrado,18 Sep 2025,Chat,Consulta,-,Macarena Monetta,Sistema
105360,18 Sep 2025 10:54 AM,CENTRO HIERRO,Modificar reporte de impresión de Notas de Crédito y comprobante en -1 al generar parte de caja,-,Modificar reporte de impresión de Notas de Crédito y comprobante en -1 al generar parte de caja,Cerrado,18 Sep 2025,Chat,Mejora,-,Micaela Gatti,Reportes
105361,18 Sep 2025 11:06 AM,YAPUR,Requerimiento comprobante de Compras,-,,En Analisis,-,Email,Requerimiento,-,Macarena Monetta,CPR Compras
105362,18 Sep 2025 11:07 AM,SURI,liquidaciones y tilde afecta iva,-,,Cerrado,-,Phone,Consulta,-,Joaquina Villanueva,Liquidaciones
105363,18 Sep 2025 11:08 AM,UNIPARTES ROSARIO,Se comunico vanesa consultando si se le puede cambiar el iva de forma masiva a un  articulo,-,Se comunico vanesa consultando si se le puede cambiar el iva de forma masiva a un articulo,Cerrado,18 Sep 2025,Phone,Consulta,-,Leila Bonacina,ABM Artículos
105364,18 Sep 2025 11:28 AM,Ferretería Comercial Colón,Consulta por el estado de Vales -Disponibles o no disponibles y por fecha de vencimiento,-,,Cerrado,18 Sep 2025,Chat,Consulta,-,Macarena Monetta,Caja
105365,18 Sep 2025 11:32 AM,Ferretería del Norte,Nota de pedido a partir de Presupuesto no aparece para generar despacho,-,Nota de pedido a partir de Presupuesto no aparece para generar despacho,Cerrado,18 Sep 2025,Chat,Consulta,-,Micaela Gatti,Logística
105366,18 Sep 2025 11:33 AM,EL MAGO,problema con el punto de venta 2 y 8 por cambio de impresora fiscal,-,,Cerrado,30 Sep 2025,Phone,Consulta,-,Joaquina Villanueva,Impresoras Fiscales
105367,18 Sep 2025 11:34 AM,CMS,Aporta info para ticket #103198,-,,Cerrado,18 Sep 2025,Chat,Consulta,-,Lautaro Bustos,Comunicarse con Soporte
105368,18 Sep 2025 11:35 AM,ANGACO MATERIALES,"consulta que traiga : cantidad vendida de articulos, por marca y clasificacion en un periodo",-,,Cerrado,-,Phone,Consulta,-,Joaquina Villanueva,Consultas y Herramientas
105369,18 Sep 2025 11:43 AM,CALZADOS BETER,Inconveniente al importar ajuste de stock mediante Import,-,,Cerrado,18 Sep 2025,Phone,Consulta,-,Elizabeth Alvarez,PalJet Import
105370,18 Sep 2025 11:54 AM,ROSTOCK,Comenta que el reporte asociado al talonario no debe salir en todas las impresoras,-,,Cerrado,18 Sep 2025,Chat,Consulta,-,Macarena Monetta,Talonario / Config. PC Talonarios
105371,18 Sep 2025 11:58 AM,ECHAZU,Acceso y contacto para ticket de actualización,-,,No aplica,18 Sep 2025,Phone,Consulta,-,Elizabeth Alvarez,Consulta por ticket
105372,18 Sep 2025 12:06 PM,FUGAS,Solicita hablar con Lautaro bustos/ consulta por modulo de liquidacion de prestamos,-,Consulta si es posibles en el modulo de liquidacion que el iva del credito bancario se vea reaflejado en el libro de iva.,Cerrado,24 Sep 2025,Phone,Consulta,-,Leila Bonacina,Comunicarse con Soporte
105373,18 Sep 2025 12:10 PM,ROUTER,No les permite agregar una nueva cuenta contable,-,Se ingreso y corroboro que el sistema se los permitía.,Cerrado,18 Sep 2025,Phone,Consulta,-,Leila Bonacina,Contabilidad
105374,18 Sep 2025 12:17 PM,LA Distribuciones,Al realizar un descuento le sale mal el porcentaje ingresado,-,"Al realizar un descuento le sale mal el porcentaje ingresado, se ingreso al sistema y se corroboro que poseía la configuración regional errónea, se corrigió y realizaron pruebas y quedo funcionando correctamente. También consulto si podíamos enviar que opciones posee para establecer descuentos en un cliente",Cerrado,18 Sep 2025,Phone,Consulta,-,Leila Bonacina,CPR Ventas
105375,18 Sep 2025 12:22 PM,DISTRIBUIDORA SENCO,No muestra los cta cte de manera correcta en el mobile,-,No muestra los cta cte de manera correcta,En Tratamiento,-,Email,Consulta,-,Leila Bonacina,BBJet Mobile
105376,18 Sep 2025 12:43 PM,Montajes y Construcciones Quequén,Incluir para que al emitir Orden de Pago consulte si se desea enviar por mail - Ticket #105277,-,Incluir para que al emitir Orden de Pago consulte si se desea enviar por mail - Ticket #105277,Cerrado,18 Sep 2025,Chat,Consulta,-,Micaela Gatti,E-mail
105377,18 Sep 2025 12:44 PM,CALZADOS BETER,Consulta por información brindada en ticket #105369,-,Consulta por información brindada en ticket #105369 llamada entrante de (Renzo Gregorutti),Cerrado,18 Sep 2025,Phone,Consulta,-,Karen Varon,Consulta por ticket
105378,18 Sep 2025 12:55 PM,AGUA NUESTRA,Remitos que no salieron en la facturación masiva,-,Remitos que no salieron en la facturación masiva,Cerrado,18 Sep 2025,Phone,Consulta,-,Macarena Analía Ramirez Barzola,CPR Ventas
105379,18 Sep 2025 01:00 PM,CHURRI,Capacitación - Modulo BI,-,Capacitación - Modulo BI,Planificado,-,Chat,Capacitación,-,Paula Saavedra,BI
105380,18 Sep 2025 01:11 PM,ARENAS DEL PARANA SRL,Llamada cortada,-,Llamada cortada,Cerrado,18 Sep 2025,Phone,Consulta,-,Macarena Analía Ramirez Barzola,Sin respuesta
105381,18 Sep 2025 01:18 PM,Montajes y Construcciones Quequén,"Requiere opción ""Generar PDF"" en consulta de OS y asignar formato al archivo",-,,En Analisis,-,Chat,Requerimiento,-,Jésica Leguiza,Orden de Servicio
105382,18 Sep 2025 01:37 PM,ARCOIRIS PINTURERIA,Consulta de saldos de clientes por sucursal,-,,Cerrado,19 Sep 2025,Email,Consulta,-,Juan Acosta,Consultas y Herramientas
105383,18 Sep 2025 01:48 PM,ARENAS DEL PARANA SRL,comunicarse con Juan Pablo,-,,Cerrado,18 Sep 2025,Phone,Consulta,-,Joaquina Villanueva,Comunicarse con otra área
105384,18 Sep 2025 01:50 PM,ARENAS DEL PARANA SRL,Comunicarse con Juan Pablo,-,,Cerrado,18 Sep 2025,Chat,Consulta,-,Joaquina Villanueva,Comunicarse con otra área
105385,18 Sep 2025 02:03 PM,Etsol,contacto de ventas,-,,Cerrado,18 Sep 2025,Phone,Consulta,-,Joaquina Villanueva,Comunicarse con otra área
105386,18 Sep 2025 02:17 PM,AGUA NUESTRA,"Error ""tbParamsvalues:missing data provider or data packet"" al ejecutar consulta en una pc",-,,Cerrado,19 Sep 2025,Email,Consulta,-,Karen Varon,Consultas y Herramientas
105387,18 Sep 2025 02:25 PM,ROSTOCK,Dar de alta talonario de remito con nuevo punto de venta,-,,Cerrado,18 Sep 2025,Chat,Consulta,-,Karen Varon,Talonario / Config. PC Talonarios
105388,18 Sep 2025 02:31 PM,LOGBELTS SRL,IVA DISCRIMINADO MONOTRIBUTISTA,-,,Cerrado,18 Sep 2025,Phone,Consulta,-,Joaquina Villanueva,CPR Ventas
105389,18 Sep 2025 02:37 PM,BDL,solicita asistencia para instalación y configuración del paljet erp,-,solicita asistencia para instalación y configuración del paljet erp,Cerrado,19 Sep 2025,Phone,Consulta,-,Leila Bonacina,Instalación de Cliente
105390,18 Sep 2025 02:45 PM,SJG MONTAJES INDUSTRIALES,Mejora del reporte orden de compra,-,,Cerrado,19 Sep 2025,Chat,Mejora,-,Joaquina Villanueva,Reportes
105391,18 Sep 2025 02:55 PM,ZC HERRAMENTAL,Solicita hablar con Micaela Gatti,-,Solicita hablar con Micaela Gatti,Cerrado,19 Sep 2025,Phone,Consulta,-,Leila Bonacina,Comunicarse con Soporte
105392,18 Sep 2025 03:00 PM,BDL,dar datos de acceso para Leila,-,,Cerrado,18 Sep 2025,Phone,Consulta,-,Joaquina Villanueva,Conexión
105393,18 Sep 2025 03:21 PM,EL ARTESANO,Contra rembolso emitido por error,-,,Cerrado,18 Sep 2025,Phone,Consulta,-,Elizabeth Alvarez,CPR Ventas
105394,18 Sep 2025 03:37 PM,ARENAS DEL PARANA SRL,Solicita hablar con German,-,Solicita hablar con German,Cerrado,18 Sep 2025,Phone,Consulta,-,Leila Bonacina,Comunicarse con otra área
105395,18 Sep 2025 03:44 PM,Credimisión,Solicita capacitación para el módulo de liquidaciones,-,,Open,-,Chat,Capacitación,-,Juan Pablo  Cabrera,Liquidaciones
105396,18 Sep 2025 03:46 PM,RTI / PBS - NICARAGUA,Chat sin respuesta del cliente,-,Chat sin respuesta del cliente,Cerrado,18 Sep 2025,Chat,Consulta,-,Macarena Analía Ramirez Barzola,Sin respuesta
105397,18 Sep 2025 03:49 PM,AUTOPARTES,Consulta por envío de mail,-,,Cerrado,18 Sep 2025,Chat,Consulta,-,Elizabeth Alvarez,E-mail
105398,18 Sep 2025 03:54 PM,FEMAT ACE,Solicita hablar con Agostina,-,Solicita hablar con Agostina,Cerrado,19 Sep 2025,Phone,Consulta,-,Leila Bonacina,Comunicarse con Soporte
105399,18 Sep 2025 04:21 PM,CALZADOS BETER,Consulta por cpr de movimiento de mercadería duplicados en consulta ID 10006,-,llamada entrante de (3436222526),Espera del Cliente,-,Phone,Consulta,-,Karen Varon,Sistema
105400,18 Sep 2025 04:22 PM,RTI / PBS - NICARAGUA,No se visualizan datos en la consulta view_rti_cli_saldo_listado_tot (power BI),-,,Cerrado,18 Sep 2025,Chat,Consulta,-,Karen Varon,BI
105401,18 Sep 2025 04:26 PM,LOGBELTS SRL,Error vacío de CAE en una sola PC,-,"Error vacío de CAE en una sola PC Realizamos configuración regional, colocamos la hora de afip, UAC, DEP, firewall, y luego de todo esto en esa PC deja de dar error vacío y se puede solicitar el CAE",Cerrado,18 Sep 2025,Phone,Consulta,-,Macarena Analía Ramirez Barzola,Factura electrónica
105402,18 Sep 2025 04:58 PM,IMPRESORA DEL NEA SA,"Error ""el usuario no tiene permitido seleccionar esta cuenta...""",-,"Error ""el usuario no tiene permitido seleccionar esta cuenta...""",Cerrado,18 Sep 2025,Chat,Consulta,-,Macarena Analía Ramirez Barzola,Configuración de usuarios
105403,18 Sep 2025 05:00 PM,HORMI-TRAS,Ver comprobantes eliminados,-,"Ver comprobantes eliminados SISTEMA > CONSULTAS Y HERRAMIENTAS, ID 138",Cerrado,18 Sep 2025,Phone,Consulta,-,Macarena Analía Ramirez Barzola,Consultas y Herramientas
105404,18 Sep 2025 05:28 PM,FERRE TEROS,Eliminar articulo de acuerdo de precios,-,,Cerrado,18 Sep 2025,Chat,Consulta,-,Karen Varon,ABM Artículos
105405,18 Sep 2025 05:44 PM,KALYDON TOOLS,Visualizar saldo de cliente por punto de venta,-,llamada entrante de (1133406551),Cerrado,18 Sep 2025,Phone,Consulta,-,Karen Varon,ABM Clientes
105406,18 Sep 2025 07:14 PM,El Mangrullo,"Error de cae ""no es un comprobante valido bajo el regimen n° 27.440""",-,,Cerrado,18 Sep 2025,Chat,Consulta,-,Karen Varon,Factura electrónica
105407,18 Sep 2025 07:32 PM,CALZADOS BETER,Error al agregar cuit a cliente,-,"Error al agregar cuit a cliente Ese cuit ya estaba en otra entidad, usamos la herramienta ID 650",Cerrado,18 Sep 2025,Phone,Consulta,-,Macarena Analía Ramirez Barzola,ABM Clientes
105408,18 Sep 2025 08:32 PM,YAPUR,Otra Emergencia.,-,,Cerrado,19 Sep 2025,Chat,Consulta,-,Elizabeth Alvarez,Fuera de Horario de Atención
105409,18 Sep 2025 08:35 PM,YAPUR,Información sobre actualizaciones de artículos,-,ESTIMADO - NECESITO SABER QUE ID UTILIZAR PARA BUSCAR QUE PRODUCTO NO SE ACTUALIZO PRECIOS EN EL ULTIMO MES.,Cerrado,19 Sep 2025,Web,Consulta,-,Elizabeth Alvarez,Consultas y Herramientas
105410,19 Sep 2025 08:04 AM,TOYOTA DEL SUR,Comunicación con implementación- suspender capacitación agendada en el día de hoy,-,,Cerrado,19 Sep 2025,Chat,Consulta,-,Macarena Monetta,Comunicarse con otra área
105411,19 Sep 2025 08:34 AM,ECHAZU,Inconvenientes al generar Libro de IVA por comprobante en esquema electrónico y error al generar PDF de orden de pago,-,,Cerrado,19 Sep 2025,Phone,Consulta,-,Micaela Gatti,Informes Fiscales
105412,19 Sep 2025 08:42 AM,Samaco,Inconvenientes al eliminar comprobantes - Control de fechas,-,Inconvenientes al eliminar comprobantes - Control de fechas,Cerrado,19 Sep 2025,Email,Consulta,-,Micaela Gatti,Control de fecha
105413,19 Sep 2025 08:44 AM,MERCONOR,Consulta por ticket #105217,-,llamada entrante de (3416002121),Cerrado,19 Sep 2025,Phone,Consulta,-,Elizabeth Alvarez,Consulta por ticket
105414,19 Sep 2025 09:05 AM,DISTRIBUIDORA PARA MASCOTAS,Precio sugerido en catálogo actualizado,-,,Cerrado,19 Sep 2025,Chat,Consulta,-,Joaquina Villanueva,Reportes
105415,19 Sep 2025 09:07 AM,Autopiezas SRL,Comunicación con Juan Pablo para coordinar capacitación presencial,-,llamada entrante de (3704791280),Cerrado,19 Sep 2025,Phone,Consulta,-,Karen Varon,Comunicarse con Soporte
105416,19 Sep 2025 09:09 AM,Electromak,Instructivo instalación paljet erp,-,Instructivo instalación paljet erp,Cerrado,19 Sep 2025,Chat,Consulta,-,Macarena Analía Ramirez Barzola,Instalación de Cliente
105417,19 Sep 2025 09:16 AM,EL ARTESANO,Consulta por Impresión automática de Remitos de proveedor,-,,Cerrado,19 Sep 2025,Chat,Consulta,-,Macarena Monetta,Reportes
105418,19 Sep 2025 09:20 AM,ROUTER,Controles sobre lista base / remitir facturas,-,,En Analisis,-,Email,Requerimiento,-,Elizabeth Alvarez,Script
105419,19 Sep 2025 09:36 AM,SJG MONTAJES INDUSTRIALES,Información de conexión para ticket #105390,-,Información de conexión para ticket #105390 llamada entrante de (2995015276),Cerrado,19 Sep 2025,Phone,Consulta,-,Karen Varon,Comunicarse con Soporte
105420,19 Sep 2025 09:48 AM,VERGARA,Consulta por ticket #104503,-,Consulta por ticket #104503,Cerrado,19 Sep 2025,Chat,Consulta,-,Macarena Analía Ramirez Barzola,Consulta por ticket
105421,19 Sep 2025 09:51 AM,Lubricentro Goya,pedido de actualización de paljet  y bbjet mll,-,,Cerrado,19 Sep 2025,Chat,Consulta,-,Joaquina Villanueva,Actualización
105422,19 Sep 2025 09:55 AM,ANDERSEN MATERIALES,Consulta pasos para agregar impuesto a FA de proveedor,-,,Cerrado,19 Sep 2025,Chat,Consulta,-,Macarena Monetta,CPR Compras
105423,19 Sep 2025 10:06 AM,Lubricentro Goya,Actualizacion de Paljet y BBjet ML,-,,En Curso,-,Chat,Actualización,-,Agustina Acosta,Actualización
105424,19 Sep 2025 10:12 AM,GARAY,Pedido no pasó desde BBJet ML a Paljet por publicación no vinculada,-,,Cerrado,19 Sep 2025,Phone,Consulta,-,Micaela Gatti,BBJet ML
105425,19 Sep 2025 10:14 AM,Electromak,Seguir chat de ticket #105416,-,Seguir chat de ticket #105416,Cerrado,19 Sep 2025,Chat,Consulta,-,Macarena Analía Ramirez Barzola,Ticket Duplicado
105426,19 Sep 2025 10:15 AM,MARINÉ,Habilitar cambio de listas de precios en factura,-,"Buen dia chicos! Nos contactamos para consultarles cómo debemos proceder para cambiar la lista de precios al realizar una factura. Es decir, cuando confeccionamos la factura, en vez de usar la ""lista base"", deseamos usar otra lista de las que hemos creado, pero no sabemos cómo debemos realizarlo para que la factura salga con el importe de la otra lista, y no de la base. Quedamos a disposición. Saludos!",Cerrado,22 Sep 2025,Web,Consulta,-,Karen Varon,CPR Ventas
105427,19 Sep 2025 10:17 AM,CORSAN,"Error de cae, numeracion correlativa",-,,Cerrado,19 Sep 2025,Chat,Consulta,-,Joaquina Villanueva,Factura electrónica
105428,19 Sep 2025 10:23 AM,TOYO NQN,chat sin respuesta,-,,Cerrado,19 Sep 2025,Chat,Consulta,-,Joaquina Villanueva,Sin respuesta
105429,19 Sep 2025 10:28 AM,LA BIANCA,Consulta por cantidad de ordenes de pago y modificación de consulta personalizada id 12244,-,llamada entrante de (3434616719) Llama Lorena,Cerrado,24 Sep 2025,Phone,Mejora,-,Agostina Lozano,Consultas y Herramientas
105430,19 Sep 2025 10:28 AM,CALZADOS BETER,Consulta por ticket #105235 ,-,,Cerrado,19 Sep 2025,Phone,Consulta,-,Micaela Gatti,Consulta por ticket
105431,19 Sep 2025 10:30 AM,ANGACO MATERIALES,Consulta por control sobre vencimiento de comprobantes,-,,Cerrado,19 Sep 2025,Phone,Consulta,-,Elizabeth Alvarez,Script
105432,19 Sep 2025 10:32 AM,EL MAGO,Cambios de precios no pasan de una empresa a otra por sincronismo,-,Cambios de precios no pasan de una empresa a otra por sincronismo,Cerrado,19 Sep 2025,Chat,Consulta,-,Macarena Analía Ramirez Barzola,Peplicación / Sincronismo de DB
105433,19 Sep 2025 10:38 AM,AUTOPARTES,No funciona envío de correo de ningun comprobante- El Hmail no tenía contraseña de aplicación,-,,Cerrado,19 Sep 2025,Chat,Consulta,-,Macarena Monetta,E-mail
105434,19 Sep 2025 10:47 AM,Montajes y Construcciones Quequén,Envio de ordenes de compra por mail,-,Envio de ordenes de compra por mail,Cerrado,19 Sep 2025,Email,Consulta,-,Lautaro Bustos,E-mail
105435,19 Sep 2025 10:52 AM,HIPERPLACA, error  conversión de números a texto cuando estos superan los 10.000.000.000,-,,En Tratamiento,-,Chat,Consulta,-,Joaquina Villanueva,CPR Ventas
105436,19 Sep 2025 10:55 AM,IOMAQ,Extender vencimiento de licencias,-,,Cerrado,19 Sep 2025,Chat,Consulta,-,Macarena Monetta,Licencia / Modulo
105437,19 Sep 2025 10:56 AM,PETROLAUQUEN,Consulta por carga de pedidos y error en tablet,-,llamada entrante de (2392631438) Llama Agustina,Cerrado,22 Sep 2025,Phone,Consulta,-,Agostina Lozano,BBJet Mobile
105438,19 Sep 2025 10:58 AM,El Mangrullo,Pasos para dar de alta en el sistema una factura hecha en ARCA,-,Pasos para dar de alta en el sistema una factura hecha en ARCA,Cerrado,19 Sep 2025,Chat,Consulta,-,Macarena Analía Ramirez Barzola,CPR Ventas
105439,19 Sep 2025 11:08 AM,SANTA RITA,"Configurar masivamente para que todos los artículos no administren existencias, disponibilidad y permitan existencia negativa",-,llamada entrante de (3521630609),Cerrado,19 Sep 2025,Phone,Consulta,-,Karen Varon,ABM Artículos
105440,19 Sep 2025 11:14 AM,HIPERPLACA,Actualizacion de Paljet,-,,Open,-,Chat,Actualización,-,Agustina Acosta,Actualización
105441,19 Sep 2025 11:17 AM,CDR Mecánica,Error al ingresar al sistema por versión de Paljet (reemplazaron ejecutable),-,"No me funciona el servidor, quise actualizarlo pero dejo de andar. Ya cambie el archivo Sif.exe en las pc clientes",Cerrado,19 Sep 2025,Web,Incidente,-,Karen Varon,Conexión
105442,19 Sep 2025 11:21 AM,BOURLOT,Lentitud en funcionamiento de sistema - Lentitud en capa 1 --,-,"llamada entrante de (3446373961) Llama Juan Cruz Hacemos pruebas y sólo replicamos lentitud en solicitud de CAE de un comprobante, que se corrige al emitir otro comprobante, mismo apuntando al capa 1. No podemos replicar lentitud en resto de capas. Solicitamos que nos indique que proceso ejecutaron al momento del pico de actividad detectado en el servidor por Agustina",Cerrado,19 Sep 2025,Phone,Consulta,-,Agostina Lozano,Servidores
105443,19 Sep 2025 11:23 AM,CDR Mecánica,Actualización BBJet ML,-,actualizar a la version mas reciente y dar de alta la posibilidad de facturar el costo de envio en las ventas de mercadolibre cuando sea necesario,Cerrado,19 Sep 2025,Web,Consulta,-,Elizabeth Alvarez,Actualización
105444,19 Sep 2025 11:34 AM,YAPUR,Nuevo reporte remito,-,,Cerrado,24 Sep 2025,Email,Consulta,-,Elizabeth Alvarez,Reportes
105445,19 Sep 2025 11:38 AM,ZC HERRAMENTAL,talonario no activo,-,,Cerrado,19 Sep 2025,Chat,Consulta,-,Joaquina Villanueva,BBJet BtoB
105446,19 Sep 2025 11:41 AM,CASA CARLITOS,Contacto con Juan Pablo por ticket #103071,-,,Cerrado,19 Sep 2025,Phone,Consulta,-,Elizabeth Alvarez,Comunicarse con otra área
105447,19 Sep 2025 11:41 AM,EL SURCO,Consulta parte de caja,-,,Cerrado,23 Sep 2025,Email,Consulta,-,Elizabeth Alvarez,Caja
105448,19 Sep 2025 11:42 AM,Lampe,"Error "" deadlock update conflicts with concurrent update concurrent transaction..."" al importar",-,"Error "" deadlock update conflicts with concurrent update concurrent transaction..."" al importar",Cerrado,19 Sep 2025,Chat,Consulta,-,Macarena Analía Ramirez Barzola,PalJet Import
105449,19 Sep 2025 11:46 AM,LOGBELTS SRL,"Consulta sobre detallar IVA 10,5 en el pie del reporte",-,llamada entrante de (Valentina),Cerrado,19 Sep 2025,Phone,Consulta,-,Karen Varon,Reportes
105450,19 Sep 2025 12:06 PM,Montajes y Construcciones Quequén,Consulta por tema tratado en ticket #105434,-,Consulta por tema tratado en ticket #105434,Cerrado,19 Sep 2025,Chat,Consulta,-,Macarena Analía Ramirez Barzola,Ticket Duplicado
105451,19 Sep 2025 12:07 PM,ARCOIRIS PINTURERIA,Condición por defecto en clientes,-,,Cerrado,22 Sep 2025,Email,Consulta,-,Juan Acosta,ABM Clientes
105452,19 Sep 2025 12:08 PM,Freezar Congelados,Visualizar movimientos que tuvo un articulo en un periodo de tiempo por inconsistencias en el stock,-,llamada entrante de (3435098613),Cerrado,19 Sep 2025,Phone,Consulta,-,Karen Varon,Stock
105453,19 Sep 2025 12:13 PM,LEOFILM,Exportación interrumpida: se esperaba un número pero se encontró el siguiente valor,-,,Cerrado,19 Sep 2025,Chat,Consulta,-,Joaquina Villanueva,Consultas y Herramientas
105454,19 Sep 2025 12:27 PM,FERROMUNDO,Walter consulta como anular factura con nota de credito de credito,-,Walter consulta como anular factura con nota de credito de credito,Cerrado,19 Sep 2025,Phone,Consulta,-,Leila Bonacina,Factura de crédito
105455,19 Sep 2025 12:33 PM,TERENTI MATERIALES,Dudas sobre conexión con Impresora Fiscal - Cliente con abono suspendido,-,,Cerrado,19 Sep 2025,Phone,Consulta,-,Micaela Gatti,Impresoras Fiscales
105456,19 Sep 2025 12:36 PM,CERAMICA NORTE,Script de limite de crédito no respeta fecha de vencimiento,-,,Cerrado,26 Sep 2025,Email,Consulta,-,Karen Varon,Script
105457,19 Sep 2025 12:40 PM,ANDERSEN MATERIALES,Lentitud y errores al consultar comprobantes --,-,,Cerrado,19 Sep 2025,Phone,Consulta,-,Elizabeth Alvarez,Servidores
105458,19 Sep 2025 12:55 PM,EL MAGO,Nota de crédito en esquema compensatorio de factura en esquema principal,-,Nota de crédito en esquema compensatorio de factura en esquema principal,Cerrado,19 Sep 2025,Chat,Consulta,-,Macarena Analía Ramirez Barzola,CPR Ventas
105459,19 Sep 2025 01:02 PM,ANDERSEN MATERIALES,"Error ""Insufficient memoty for this operation"" --",-,,Cerrado,19 Sep 2025,Phone,Consulta,-,Micaela Gatti,Servidores
105460,19 Sep 2025 01:26 PM,NESTOR SIGOT S.A.,baja por falta de uso,-,dicha baja se solicito desde el noviembre 2023,Cerrado,25 Sep 2025,Chat,Baja Licencia/Modulo,-,Agostina Lozano,BI
105461,19 Sep 2025 01:46 PM,MERCONOR,Visualizar stock actualizado en telefonos de vendedores (mobiliza ventas),-,,Cerrado,23 Sep 2025,Email,Consulta,-,Karen Varon,PalJet Synch
105462,19 Sep 2025 02:17 PM,BDL,Error socket al ingresar al sistema. El cliente se encuentra sin internet.,-,Error socket al ingresar al sistema. El cliente se encuentra sin internet.,Cerrado,19 Sep 2025,Phone,Consulta,-,Lautaro Bustos,Servidores
105463,19 Sep 2025 02:29 PM,MAYOR,Tomas se comunica que necesita asitencia para instalar el paljet,-,Tomas se comunica que necesita asistencia para instalar el paljet. dado que s entrecortaba la comunicación se volverá a contactar desde un celular,Cerrado,19 Sep 2025,Phone,Consulta,-,Leila Bonacina,Instalación de Cliente
105464,19 Sep 2025 02:30 PM,AUTOPARTES,Continuar con tema de ticket #105433,-,Continuar con tema de ticket #105433,Cerrado,19 Sep 2025,Chat,Consulta,-,Macarena Analía Ramirez Barzola,Ticket Duplicado
105465,19 Sep 2025 02:33 PM,CDR Mecánica,Actualización de BBJet ML a 10.6.0,-,Solicitud de actualización de ML mediante ticket #105443. El cliente ya se encuentra con el abono regularizado.,Open,-,Chat,Actualización,-,Germán Dachary,BBJet ML
105466,19 Sep 2025 02:44 PM,FRIO ARTICO,Solicita asitencia con el paljet erp e import,-,Solicita asistencia con el palejet Erp y el paljet Import,Cerrado,19 Sep 2025,Phone,Consulta,-,Leila Bonacina,Instalación de Cliente
105467,19 Sep 2025 02:53 PM,CDR Mecánica,Actualización de Paljet ERP a ultima versión (9.0.7.0),-,,Cerrado,29 Sep 2025,Email,Actualización,-,Agustina Acosta,Actualización
105468,19 Sep 2025 02:58 PM,LA Distribuciones,Visualizar artículos desactivados p poder editarlos,-,,Cerrado,19 Sep 2025,Phone,Consulta,-,Lautaro Bustos,ABM Artículos
105469,19 Sep 2025 03:06 PM,BOITARD MAQUINARIA,campo nota en reporte factura,-,,Cerrado,19 Sep 2025,Chat,Consulta,-,Joaquina Villanueva,Reportes
105470,19 Sep 2025 03:11 PM,FERROMUNDO,Contacto con Leila por ticket #105454,-,,Cerrado,19 Sep 2025,Phone,Consulta,-,Lautaro Bustos,Consulta por ticket
105471,19 Sep 2025 03:34 PM,BOITARD MAQUINARIA,Solicita apoyo para finalizar configuración de talonario,-,,Cerrado,19 Sep 2025,Phone,Consulta,-,Lautaro Bustos,Talonario / Config. PC Talonarios
105472,19 Sep 2025 03:44 PM,FERRARO MATERIALES,Consulta por inactivación de depósito / seguimiento presupuestos,-,,Cerrado,22 Sep 2025,Chat,Consulta,-,Elizabeth Alvarez,Stock
105473,19 Sep 2025 03:52 PM,BOITARD MAQUINARIA,Inconvenientes al fiscalizar comprobantes por punto de venta no habilitado en ARCA,-,Inconvenientes al fiscalizar comprobantes por punto de venta no habilitado en ARCA,Cerrado,19 Sep 2025,Phone,Consulta,-,Micaela Gatti,Factura electrónica
105474,19 Sep 2025 04:10 PM,El Super de los Filtros,Diferencia de Saldo en cta cte,-,,Cerrado,22 Sep 2025,Email,Consulta,-,Lautaro Bustos,ABM Clientes
105475,19 Sep 2025 04:24 PM,MARTINEZ ESCALADA,Solicita se reenvié el correo del ticket #105270 que no lo recibió,-,Solicita se reenvié el correo del ticket #105270 que no lo recibió,Cerrado,19 Sep 2025,Chat,Consulta,-,Leila Bonacina,Consulta por ticket
105476,19 Sep 2025 04:29 PM,BOITARD MAQUINARIA,Cambio de reporte en talonario,-,Cambio de reporte en talonario de nota de crédito,Cerrado,22 Sep 2025,Chat,Consulta,-,Agostina Lozano,Talonario / Config. PC Talonarios
105477,19 Sep 2025 04:42 PM,CASTRO,Error deadlock update conflicts with concurrent update concurrente transaction is 27598922,-,Error deadlock update conflicts with concurrent update concurrente transaction is 27598922 al generar una factura. dado que no poseia el team y no estaba en el mismo lugar que la pc con error se volvera a comunicar.,Cerrado,19 Sep 2025,Phone,Consulta,-,Leila Bonacina,CPR Ventas
105478,19 Sep 2025 04:59 PM,MAXILIMP,Reporta error List index of bounds (1),-,,Cerrado,19 Sep 2025,Chat,Consulta,-,Lautaro Bustos,CPR Ventas
105479,19 Sep 2025 05:05 PM,CASTRO,Transacción colgada en emisión de factura,-,,Cerrado,19 Sep 2025,Phone,Consulta,-,Lautaro Bustos,CPR Ventas
105480,19 Sep 2025 05:13 PM,EGSA,Error SQL al cambiar cotizacion de moneda,-,Error SQL al cambiar cotización de moneda,No aplica,19 Sep 2025,Chat,Consulta,-,Leila Bonacina,Herramientas
105481,19 Sep 2025 05:13 PM,MARTINEZ ESCALADA,Deja dos indicaciones para modificar en los reportes del ticket #105270,-,Deja dos indicaciones para modificar en los reportes del ticket #105270,Cerrado,19 Sep 2025,Chat,Consulta,-,Leila Bonacina,Consulta por ticket
105482,19 Sep 2025 05:22 PM,INTEQ,Modificar retención en recibo ya emitido,-,,Cerrado,19 Sep 2025,Chat,Consulta,-,Lautaro Bustos,CPR Ventas
105483,19 Sep 2025 05:34 PM,EL GURI,Quiere generar una NC por devolucion y no le trae el comprobante,-,Al ingresar se corrobora que se elimino imp. de artículos que componían la factura y al llamar la nota de crédito al comprobante generaba inconsistencias,Cerrado,19 Sep 2025,Chat,Consulta,-,Leila Bonacina,CPR Ventas
105484,19 Sep 2025 05:51 PM,VERGARA,Consulta que me muestre cupones de tarjetas entre un determinado periodo con la fecha en la que se liquidaron,-,"Se le indico la consulta 715, pero dado que los datos requeridos son la consulta del la fecha de emisión del cupón y la fecha de la liquidación del mismo, se le indico que actualmente no poseemos esa herramienta. Si se puede gestionar una consulta personalizada. Pero no se obtuvo respuesta.",Cerrado,19 Sep 2025,Chat,Consulta,-,Leila Bonacina,Tarjeta
105485,19 Sep 2025 05:53 PM,KILOWATT,Como aceptar movimiento de cuentas,-,,Cerrado,19 Sep 2025,Chat,Consulta,-,Lautaro Bustos,Cuentas
105486,19 Sep 2025 06:09 PM,BOURLOT,Solicita modificar por base de datos la fecha de un deposito imputado a una factura,-,Solicita modificar por base de datos la fecha de un deposito imputado a una factura,Cerrado,19 Sep 2025,Phone,Consulta,-,Leila Bonacina,CPR Ventas
105487,19 Sep 2025 06:22 PM,SANTA RITA,Consulta por backup automático a HDD externo,-,,Cerrado,19 Sep 2025,Phone,Consulta,-,Lautaro Bustos,Backup
105488,19 Sep 2025 06:29 PM,SJG MONTAJES INDUSTRIALES,Consulta la ip  local del servidor y la ip publica,-,Consulta la ip local del servidor y la ip publica,Cerrado,19 Sep 2025,Phone,Consulta,-,Leila Bonacina,Conexión
105489,19 Sep 2025 07:08 PM,RTI / PBS - NICARAGUA,Corección de existencia de artículo de alquiler,-,,Cerrado,25 Sep 2025,Chat,Requerimiento,-,Lautaro Bustos,Alquileres
105490,19 Sep 2025 08:06 PM,FERRARO MATERIALES,Solicita confirmación de baja de servicio,-,"Buenos días, el se solicito x mail a soporte el 16/9 la baja del servicio aun no hemos recibido la confirmación de baja del mismo. Aguardamos confirmación,",Cerrado,22 Sep 2025,Web,Baja Licencia/Modulo,-,Lautaro Bustos,Licencia / Modulo
105491,20 Sep 2025 08:08 AM,CORRALON SAN MARTIN,Chat sábado,-,,Cerrado,20 Sep 2025,Chat,Consulta,-,Karen Varon,Sábado
105492,20 Sep 2025 08:36 AM,ARCOIRIS PINTURERIA,Agregar en reporte de FA los remitos a partir del cual se emite,-,,Espera del Cliente,-,Email,Mejora,-,Juan Acosta,Reportes
105493,20 Sep 2025 09:05 AM,E- Parts Franquicia Chajarí,chat sabado,-,,Cerrado,20 Sep 2025,Chat,Consulta,-,Joaquina Villanueva,Sábado
105494,20 Sep 2025 10:15 AM,EL MAGO,chat sabado,-,,Cerrado,20 Sep 2025,Chat,Consulta,-,Joaquina Villanueva,Sábado
105495,20 Sep 2025 10:15 AM,BOURLOT," error al querer remitir, el deposito no tenia existencias del articulo",-,,Cerrado,22 Sep 2025,Phone,Consulta,-,Joaquina Villanueva,CPR Ventas
105496,20 Sep 2025 10:15 AM,EL MAGO,chat sabado,-,,Cerrado,20 Sep 2025,Chat,Consulta,-,Joaquina Villanueva,Sábado
105497,20 Sep 2025 10:27 AM,EL MAGO,Error al solicitar cae- NC no tenía identificado el consumidor final- no copio el DNI de la factura,-,Error al solicitar cae- NC no tenía identificado el consumidor final- no copio el DNI de la factura,Cerrado,20 Sep 2025,Phone,Consulta,-,Macarena Monetta,Factura electrónica
105498,20 Sep 2025 10:38 AM,PETROLAUQUEN,consulta de instructivo en el ticket 105437,-,,Cerrado,30 Sep 2025,Phone,Consulta,-,Joaquina Villanueva,Consulta por ticket
105499,20 Sep 2025 11:16 AM,BOURLOT,Replicador de DB no está sincronizando información entre empresas,-,llamada entrante de (3446382195),Cerrado,23 Sep 2025,Phone,Consulta,-,Karen Varon,Peplicación / Sincronismo de DB
105500,20 Sep 2025 11:37 AM,LINARES,Etiquetas de art salen por impresora incorrecta,-,llamada entrante de (3815113544),Cerrado,20 Sep 2025,Phone,Consulta,-,Karen Varon,Impresora Láser
105501,20 Sep 2025 12:09 PM,BOURLOT,Lentitud en  Capa 7 --,-,,Cerrado,20 Sep 2025,Phone,Consulta,-,Joaquina Villanueva,Servidores
105502,22 Sep 2025 08:10 AM,E-Parts Franquicia Posadas,Error en solicitud de CAE por bache en numeración,-,Error en solicitud de CAE por bache en numeración. Llama Fabián,Cerrado,22 Sep 2025,Phone,Consulta,-,Lautaro Bustos,Factura electrónica
105503,22 Sep 2025 08:11 AM,FERRETERÍA ARGENTINA ESQUEL,"Consultas, mejoras, corrección Tienda BtoC",-,"Consultas, mejoras, corrección Tienda BtoC",No aplica,23 Sep 2025,Chat,Consulta,-,Eliana Barreto,Tienda BtoC
105504,22 Sep 2025 08:23 AM,FERRETERÍA ARGENTINA ESQUEL,Actualización versión Tienda a versión 1.16.1,-,Actualización versión Tienda a versión 1.16.1,Cerrado,02 Oct 2025,Chat,Actualización,-,Eliana Barreto,Tienda BtoC
105505,22 Sep 2025 08:23 AM,ARCOIRIS PINTURERIA,Configuración de stock de factura a partir de remito,-,,Cerrado,22 Sep 2025,Email,Consulta,-,Juan Acosta,Stock
105506,22 Sep 2025 08:39 AM,MAYOR,Inconveniente al ingresar al sistema luego de formatear PC: licencia no válida,-,Inconveniente al ingresar al sistema luego de formatear PC: licencia no válida. Se le habilitó licencia a la PC que había cambiado su nombre: USER-PC.,Cerrado,22 Sep 2025,Phone,Consulta,-,Lautaro Bustos,Otros temas
105507,22 Sep 2025 08:49 AM,LARRANG,Consulta sobre cuentas afectadas en asientos contables de mercado pago y cheques de terceros,-,Consulta sobre cuentas afectadas en asientos contables de mercado pago y cheques de terceros Ayudamos a ver y entender desde donde cambiar la cuenta contable para que le afecte la que ella deseaba,Cerrado,22 Sep 2025,Phone,Consulta,-,Macarena Analía Ramirez Barzola,Contabilidad
105508,22 Sep 2025 08:52 AM,EL SURCO,articulo descuento obtenido,-,,Cerrado,23 Sep 2025,Email,Consulta,-,Lautaro Bustos,ABM Artículos
105509,22 Sep 2025 09:02 AM,MP SERVICIOS,Impuesto no gravado en NC financieras,-,,Cerrado,22 Sep 2025,Chat,Consulta,-,Elizabeth Alvarez,CPR Ventas
105510,22 Sep 2025 09:03 AM,Ferretotal,licencia vencida,-,,Cerrado,22 Sep 2025,Email,Consulta,-,Eliana Barreto,Licencia / Modulo
105511,22 Sep 2025 09:05 AM,CALZADOS BETER,Reunión 22/09/2025 9.30hs,-,Reunión 22/09/2025 9.30hs,Cerrado,22 Sep 2025,Chat,Consulta,-,Macarena Analía Ramirez Barzola,Reunión con el cliente
105512,22 Sep 2025 09:12 AM,AUTOPARTES,Chat sin respuesta,-,,Cerrado,22 Sep 2025,Chat,Consulta,-,Karen Varon,Sin respuesta
105513,22 Sep 2025 09:12 AM,CMS,Errores en la generación de asientos en tratamiento en el ticket 103198,-,Errores en la generación de asientos,Cerrado,24 Sep 2025,Chat,Consulta,-,Leila Bonacina,Contabilidad
105514,22 Sep 2025 09:17 AM,SJG MONTAJES INDUSTRIALES,Corroborar IP privada del servidor ya que cambió luego de modificaciones en la red,-,llamada entrante de (Julián Rodriguez),Cerrado,22 Sep 2025,Phone,Consulta,-,Karen Varon,Servidores
105515,22 Sep 2025 09:17 AM,ANPAU,"Ayuda para destrabar CAE por factura a cliente con IVA ""no responsable""",-,"Ayuda para destrabar CAE por factura a cliente con IVA ""no responsable""",Cerrado,22 Sep 2025,Phone,Consulta,-,Macarena Analía Ramirez Barzola,Factura electrónica
105516,22 Sep 2025 09:18 AM,E- Parts Franquicia Chajarí,Consulta por precio de un artículo,-,,Cerrado,22 Sep 2025,Chat,Consulta,-,Elizabeth Alvarez,ABM Artículos
105517,22 Sep 2025 09:20 AM,CASA CARLITOS,Solicita apoyo en config de Imp. Laser y modificación de reporte de FA,-,,Cerrado,22 Sep 2025,Phone,Consulta,-,Lautaro Bustos,Impresora Láser
105518,22 Sep 2025 09:25 AM,ARCOIRIS PINTURERIA,No solicitaba CAE desde una PC,-,,No aplica,22 Sep 2025,Email,Consulta,-,Juan Acosta,Factura electrónica
105519,22 Sep 2025 09:30 AM,EL MAGO,Modificar descuento de precio de art. en reporte de etiqueta,-,,Cerrado,22 Sep 2025,Chat,Requerimiento,-,Karen Varon,Reportes
105520,22 Sep 2025 09:37 AM,GRAVAFILT,Consulta por vencimiento certificado digital ARCA,-,,Cerrado,22 Sep 2025,Email,Consulta,-,Karen Varon,Factura electrónica
105521,22 Sep 2025 09:39 AM,SJG MONTAJES INDUSTRIALES,Instructivo de instalación de sistema en pc cliente,-,llamada entrante de (2995015276) Llama Ariel,Cerrado,22 Sep 2025,Phone,Consulta,-,Agostina Lozano,Instalación de Cliente
105522,22 Sep 2025 09:49 AM,CALZADOS BETER,Imagenes y lentitud en tienda,-,"Hemos reportado algunos errores sobre imágenes que no aparecen - Si bien algunos han sido solucionados, otros no. Por ejemplo: Aun sin imagen: https://www.beterstore.com/nauticos/1406-16327-nautico-moc.html#/7-talle-39/121-color-suelasuela/444-talle_calzado-3900 Solucionado https://www.beterstore.com/urbanas/1442-16635-porter.html#/42-talle-7/1-color-negronegro/444-talle_calzado-3900 Si bien algunos de los casos que hemos señalado se han solucionado y otros no, es un tema recurrente, cada tanto aparecen productos sin imágenes vinculadas a las combinaciones - las imágenes se suben desde recursos, porque podemos visualizarlas - sin embargo muchas veces estas imagenes estan repetidas como se muestra a continuación: En síntesis, siguen apareciendo productos eventualmente con problemas en las imágenes, sea que no están vinculadas a las combinaciones o bien que tienen muchas veces la imagen repetida. Debido a la cantidad de productos existentes es inviable ir revisando uno por uno para poder detectar este problema. Si bien hemos reportado el escenario en varios productos, se requiere una solución de fondo que evite el problema de raíz. IMPORTANTE: Esto perjudica el proceso de venta, ningún usuario va a comprar un producto de calzado o indumentaria sin ver la imagen. Conclusión, este problema impacta directamente en las ventas, campañas de marketing y publicidad que queremos implementar. --------------------------- En consecuencia a esto(creemos), vemos que el sitio esta muy lento, cargar una pagina puede demorar entre 8 a 15 segundos, es un tiempo muy elevado, hace que los usuarios desistan de la compra - hemos recibidos reclamos de usuarios que no pueden acceder y por ende perdemos ventas. --------------------------- Por otro lado, vemos que el proceso de sincronización de datos tarda mucho tiempo, a veces más de un dia - Se cambian precios, stock o cualquier información del producto y no se ve reflejado en la tienda hasta después de 48hs a veces, Esto nos imposibilita a aplicar cambios de manera agil, o incluso corregir información por posibles errores de carga.",En Tratamiento,-,Web,Consulta,-,Elizabeth Alvarez,Tienda BtoC
105523,22 Sep 2025 09:50 AM,DODVAL,Como dar de alta un empleado y vincularlo a usuario,-,Como dar de alta un empleado y vincularlo a usuario,Cerrado,22 Sep 2025,Chat,Consulta,-,Leila Bonacina,Configuración de usuarios
105524,22 Sep 2025 10:04 AM,ZC HERRAMENTAL,Licencia,-,Buenos días! Solicito presupuesto de una licencia más. Gracias,Cerrado,22 Sep 2025,Web,Adquisición Licencia/Módulos,-,Alejandro Silva,Licencia / Modulo
105525,22 Sep 2025 10:05 AM,FERRETERÍA ARGENTINA MADRYN,"Error de ""midas.dll"" en una pc luego de cambio de disco",-,,Cerrado,22 Sep 2025,Chat,Consulta,-,Karen Varon,Conexión
105526,22 Sep 2025 10:15 AM,EL EMPORIO DEL SOLDADOR,Eliminación de movimiento financiero de extracción,-,Eliminación de movimiento financiero de extracción,Cerrado,22 Sep 2025,Web,Consulta,-,Agostina Lozano,Eliminación de CPR
105527,22 Sep 2025 10:16 AM,CORRALON SAN MARTIN,Consulta por una integración de Paljet con whatsapp,-,"Consulta por una integración de Paljet con whatsapp, en la misma detallan que requieren si es posible, responder y concretar ventas con un chat bot.. Actualmente no poseemos ese tipo de integración pero disponemos de la tienda btoc y se le brindo el catalogo de soluciones.",Cerrado,22 Sep 2025,Chat,Consulta,-,Leila Bonacina,Integraciones
105528,22 Sep 2025 10:33 AM,LARRANG,Eliminar gestiones de valores de forma masiva,-,Eliminar gestiones de valores de forma masiva Indicamos que no se puede y que debe ir una por una. Esto para poder generar los asientos nuevamente y ver como le queda el balance de sumas y saldos ya que tenían una cuenta contable mal asignada,Cerrado,22 Sep 2025,Phone,Consulta,-,Macarena Analía Ramirez Barzola,Contabilidad
105529,22 Sep 2025 10:34 AM,ANDRETICH,Chat sin respuesta,-,,Cerrado,22 Sep 2025,Chat,Consulta,-,Elizabeth Alvarez,Sin respuesta
105530,22 Sep 2025 10:34 AM,CASA CARLITOS,Solicita modificación de formato de reporte (de A4 a A5),-,Solicita modificación de formato de reporte (de A4 a A5),En Prueba,-,Phone,Requerimiento,-,Lautaro Bustos,Reportes
105531,22 Sep 2025 10:35 AM,VERGARA,Consulta por alternativas para remitos de egreso,-,,Cerrado,22 Sep 2025,Chat,Consulta,-,Elizabeth Alvarez,CPR Compras
105532,22 Sep 2025 10:59 AM,SERVIPLAST,Chat sin respuesta.,-,Chat sin respuesta.,Cerrado,22 Sep 2025,Chat,Consulta,-,Leila Bonacina,Sin respuesta
105533,22 Sep 2025 11:08 AM,SIA,Calculo de percepciones en facturación en dolares,-,,Cerrado,23 Sep 2025,Chat,Requerimiento,-,Karen Varon,Script
105534,22 Sep 2025 11:12 AM,El Super de los Filtros,QR de CAE de factura de El Rey redirecciona al Super de los filtros,-,,Cerrado,23 Sep 2025,Phone,Consulta,-,Lautaro Bustos,Reportes
105535,22 Sep 2025 11:14 AM,MERCONOR,Solicita contacto con Juan Pablo,-,Solicita contacto con Juan Pablo,Cerrado,22 Sep 2025,Phone,Consulta,-,Macarena Analía Ramirez Barzola,Comunicarse con otra área
105536,22 Sep 2025 11:15 AM,CORRALON SAN MARTIN,Solicite un link para visualizar la tienda btoc,-,Solicite un link para visualizar la tienda btoc.,Cerrado,22 Sep 2025,Chat,Consulta,-,Leila Bonacina,Otros temas
105537,22 Sep 2025 11:18 AM,FORTEHOUSE,Error al asignar dos esquemas de escritura al mismo usuario,-,"Error al asignar dos esquemas de escritura al mismo usuario El error se da porque no se puede asignar dos esquemas de escritura al mismo usuario, se debe tener un usuario para cada esquema",Cerrado,22 Sep 2025,Phone,Consulta,-,Macarena Analía Ramirez Barzola,Configuración de usuarios
105538,22 Sep 2025 11:19 AM,MERCONOR,Solicita contacto con Juan Pablo,-,Solicita contacto con Juan Pablo,Cerrado,22 Sep 2025,Phone,Consulta,-,Macarena Analía Ramirez Barzola,Comunicarse con otra área
105539,22 Sep 2025 11:22 AM,MERCONOR,Solicita contacto con Juan Pablo,-,Llama Ariel Dejamos mensaje a Juan Pablo para que lo contacte por reunión coordinada,Cerrado,-,Phone,Consulta,-,Agostina Lozano,Comunicarse con otra área
105540,22 Sep 2025 11:24 AM,FERRETERIA 24,Seguimiento de artículo en sistema,-,"llamada entrante de (3816440591) Llama Carlos Consulta por artículo que no ve en sistema de código 1022358 SOBREPASO FF 25 , ejecutamos consultas para ver el artículo, en base al código y descripción indicados, no lo vemos allí ni en la administración de artículos. Solicitamos que verifiquen en comprobantes si ven el artículo",Cerrado,22 Sep 2025,Phone,Consulta,-,Agostina Lozano,ABM Artículos
105541,22 Sep 2025 11:28 AM,EL CORRALON,Orden de devolución que devolvió al depósito erróneo,-,"Orden de devolución que devolvió al depósito erróneo Indicamos que tiene ese depósito en el talonario, cambiamos y debe volver a hacer los comprobantes para que le quede bien el stock",Cerrado,22 Sep 2025,Phone,Consulta,-,Macarena Analía Ramirez Barzola,CPR Ventas
105542,22 Sep 2025 11:30 AM,LA CLARITA,Consulta por talonario para facturas E,-,,Cerrado,22 Sep 2025,Chat,Consulta,-,Elizabeth Alvarez,Factura electrónica
105543,22 Sep 2025 11:31 AM,INTEQ,Consulta por ticket #102525,-,,Cerrado,22 Sep 2025,Chat,Consulta,-,Karen Varon,Consulta por ticket
105544,22 Sep 2025 11:32 AM,GUIDOLI FLORIO,Incidencia con el envío automático de Notas de Crédito (Descuento y Devolución),-,Incidencia con el envío automático de Notas de Crédito (Descuento y Devolución),En Tratamiento,-,Email,Consulta,-,Macarena Analía Ramirez Barzola,E-mail
105545,22 Sep 2025 11:36 AM,ROUTER,Solicita una Consulta que muestre la fecha del primer  ingreso al stock de los artículos,-,Solicita una Consulta que muestre la fecha del primer ingreso al stock de los artículos,Selección de equipo,-,Chat,Requerimiento,-,Leila Bonacina,Consultas y Herramientas
105546,22 Sep 2025 11:39 AM,FERRETERIA 24,No encuentra artículos en auditorias ni en administración,-,llamada entrante de (3816440591) Llama Carlos,Cerrado,22 Sep 2025,Phone,Consulta,-,Agostina Lozano,ABM Artículos
105547,22 Sep 2025 11:51 AM,FEMAT ACE,Solicita contacto con Macarena M por ticket #95472,-,llamada entrante de (1126397606)Llama Edith Dejamos mensaje a Macarena en su ticket,Cerrado,22 Sep 2025,Phone,Consulta,-,Agostina Lozano,Comunicarse con Soporte
105548,22 Sep 2025 11:53 AM,SJG MONTAJES INDUSTRIALES,Solicita instructivo de instalación ERP,-,,Cerrado,22 Sep 2025,Phone,Consulta,-,Lautaro Bustos,Instalación de Cliente
105549,22 Sep 2025 12:05 PM,HIPERPLACA,Impresora pdf de microsoft no consulta ruta donde guardar,-,Impresora pdf de microsoft no consulta ruta donde guardar Indicamos que es mas una configuración de la propia impresora mas alla del sistema y mostramos como generar el pdf desde el icono de la herramienta,Cerrado,22 Sep 2025,Phone,Consulta,-,Macarena Analía Ramirez Barzola,Impresora Láser
105550,22 Sep 2025 12:08 PM,ROUTER,Consulta por ticket #101665,-,,Cerrado,22 Sep 2025,Chat,Consulta,-,Karen Varon,Consulta por ticket
105551,22 Sep 2025 12:10 PM,FEMAT ACE,Comunicarse con Macarena #95472,-,,Cerrado,22 Sep 2025,Phone,Consulta,-,Joaquina Villanueva,Comunicarse con Soporte
105552,22 Sep 2025 12:10 PM,BOURLOT,Solicita comunicación con Jesica por tema en tratamiento,-,,Cerrado,22 Sep 2025,Phone,Consulta,-,Macarena Monetta,Comunicarse con Soporte
105553,22 Sep 2025 12:15 PM,FEMAT ACE,Comunicación con Macarena. M por ticket #95472,-,,Cerrado,22 Sep 2025,Chat,Consulta,-,Karen Varon,Comunicarse con Soporte
105554,22 Sep 2025 12:16 PM,Montajes y Construcciones Quequén,Solicita comunicación con Agostina por tema en tratamiento #105277,-,Solicita comunicación con Agostina por tema en tratamiento #105277,Cerrado,22 Sep 2025,Phone,Consulta,-,Macarena Monetta,Comunicarse con Soporte
105555,22 Sep 2025 12:26 PM,ARCOIRIS PINTURERIA,comunicarse con Juan Acosta,-,,Cerrado,22 Sep 2025,Phone,Consulta,-,Joaquina Villanueva,Comunicarse con otra área
105556,22 Sep 2025 12:31 PM,REFRIGERACION MR,"Error ""no existe conexión con el servidor""",-,,Cerrado,22 Sep 2025,Chat,Consulta,-,Karen Varon,Conexión
105557,22 Sep 2025 12:34 PM,CASTRO,Remitar solo lo que esta disponible en ese depósito y no lo que no se tiene,-,,Cerrado,-,Phone,Consulta,-,Joaquina Villanueva,CPR Ventas
105558,22 Sep 2025 12:36 PM,PETROLAUQUEN,Imposible sincronizar usuario Mobile,-,,Cerrado,22 Sep 2025,Phone,Consulta,-,Lautaro Bustos,BBJet Mobile
105559,22 Sep 2025 12:44 PM,Montajes y Construcciones Quequén,Solicita comunicación con Lautaro por ticket que trataron sobre envío de mail,-,Solicita comunicación con Lautaro por ticket que trataron sobre envío de mail,Cerrado,22 Sep 2025,Phone,Consulta,-,Macarena Monetta,Comunicarse con Soporte
105560,22 Sep 2025 12:45 PM,SIA,Modificar script de percepciones teniendo en cuenta el tipo de cambio,-,"Modificar script de percepciones y adaptarlos a trabajar con moneda dólar, de manera que los montos a partir de los cuales se calculan tengan en cuenta el tipo de cambio de peso respecto a dólar. Actualmente pasa que si se hace un comprobante en moneda dólar y los netos no pasan de 50 (para Buenos Aires) o 3000 (para CABA), el sistema no calcula la percepción, lo cual no es correcto ya que esos montos topes son en pesos y debería tener en cuenta el tipo de cambio para el cálculo. Se adjunta los scripts actuales.",Cerrado,22 Sep 2025,Chat,Mejora,-,Juan Acosta,Script
105561,22 Sep 2025 12:49 PM,FEMAT ACE,Comunicarse con Macarena ticket 95472,-,,Cerrado,22 Sep 2025,Phone,Consulta,-,Joaquina Villanueva,Comunicarse con otra área
105562,22 Sep 2025 12:53 PM,SAN MARTIN,Configuración de stock NC x devol proveedor,-,,Cerrado,24 Sep 2025,Chat,Consulta,-,Lautaro Bustos,Stock
105563,22 Sep 2025 12:56 PM,TOYOMEC,Modificar campos de reporte factura punto de venta 4 (factura especial),-,,Cerrado,23 Sep 2025,Chat,Requerimiento,-,Karen Varon,Reportes
105564,22 Sep 2025 01:11 PM,TINAGRO,Consulta para avanzar con las capacitaciones,-,Consulta para avanzar con las capacitaciones,Cerrado,22 Sep 2025,Phone,Consulta,-,Eliana Barreto,Capacitación
105566,22 Sep 2025 01:39 PM,ARENAS DEL PARANA SRL,Solicita consultar con Juan pablo horario de nueva capacitación,-,Solicita consultar con Juan pablo horario de nueva capacitación,Cerrado,23 Sep 2025,Phone,Consulta,-,Macarena Monetta,Comunicarse con otra área
105567,22 Sep 2025 01:46 PM,SJG MONTAJES INDUSTRIALES,Instalación de Paljet en pc cliente,-,Llama Ariel Ayudamos en proceso de instalación de Paljet ERP para FE en pc cliente,Cerrado,22 Sep 2025,Phone,Consulta,-,Agostina Lozano,Instalación de Cliente
105568,22 Sep 2025 02:16 PM,MERCONOR,Actualización de Paljet ERP a ultima versión,El error esta descripto en la imagen compartida como comentario privado.,,Open,-,Email,Actualización,-,Agustina Acosta,Actualización
105569,22 Sep 2025 02:19 PM,FERROMUNDO,Consulta por adquisición de nuevas licencias para Paljet ERP,-,,Cerrado,22 Sep 2025,Email,Consulta,-,Karen Varon,Licencia / Modulo
105570,22 Sep 2025 02:21 PM,MLS REFRIGERACION,"Error ""variant array index out of bounds"" al consultar libro banco",-,"Error ""variant array index out of bounds"" al consultar libro banco",Cerrado,22 Sep 2025,Chat,Consulta,-,Macarena Analía Ramirez Barzola,Banco
105571,22 Sep 2025 02:24 PM,EL CORRALON,Error al querer realizar Reparto-El artículo no posee existencias en el deposito indicado,-,Error al querer realizar Reparto-El artículo no posee existencias en el deposito indicado,Cerrado,24 Sep 2025,Phone,Consulta,-,Macarena Monetta,Logística
105572,22 Sep 2025 03:44 PM,El Super de los Filtros,Consulta por ticket #105534,-,llamada entrante de (3482243788),Cerrado,22 Sep 2025,Phone,Consulta,-,Elizabeth Alvarez,Consulta por ticket
105573,22 Sep 2025 03:45 PM,Etsol,Reenviar: Consulta sobre actualización de licencia,-,,Cerrado,22 Sep 2025,Email,Consulta,-,Marina González,Licencia / Modulo
105574,22 Sep 2025 03:55 PM,FERROMUNDO,"Incorporar precio de artículos en consulta Id 1031 ""COMPROBANTES QUE CONTENGAN DETERMINADA NOTA/OBSERVACION (CON DETALLE)""",-,,Cerrado,25 Sep 2025,Email,Mejora,-,Micaela Gatti,Reportes
105575,22 Sep 2025 03:57 PM,ANDERSEN MATERIALES,Alta de conceptos para cargar Nota de Débito por cheque rechazado de proveedor,-,Alta de conceptos para cargar Nota de Débito por cheque rechazado de proveedor,Cerrado,22 Sep 2025,Phone,Consulta,-,Micaela Gatti,CPR Ventas
105576,22 Sep 2025 04:00 PM,CORSAN,Artículos con menor rotación en periodo,-,Artículos con menor rotación en periodo,Cerrado,22 Sep 2025,Chat,Consulta,-,Micaela Gatti,Consultas y Herramientas
105577,22 Sep 2025 04:18 PM,FERROMUNDO,Habilitar y Facturar Licencias,-,"Habilitar y facturar Licencia Seleccioná el producto para el cual deseás solicitar licencias. : PalJet ERP Cantidad de licencias : 4 Razón Social : GLOBAL OIL SRL CUIT : 30711463514 Correo electrónico : clientes@ferromundo.com.ar Nombre : Walter, Hassan Correo electrónico : clientes@ferromundo.com.ar Teléfono : +5492995370011 Declaro estar autorizado/a por la empresa para solicitar estas licencias. : true Términos y condiciones : De acuerdo",Cerrado,23 Sep 2025,Chat,PalJet ERP,-,Joaquina Villanueva,PalJet ERP
105578,22 Sep 2025 04:33 PM,MARTINEZ ESCALADA,Modificar ubicación de leyenda en presupuesto,-,,Cerrado,23 Sep 2025,Chat,Consulta,-,Macarena Monetta,Reportes
105579,22 Sep 2025 04:38 PM,BOGGIO REPUESTOS,Reinicio de servicios - BBJet Gestión de inventario sin funcionar --,-,"Reiniciamos servicios pero queda tildado de todas formas, indicamos reinciar servidor y que avisen nuevamente al chat si queda funcionando ya que se habían contactado a mesa de ayuda desde esa pc, ya que usan el servidor para trabajar",Cerrado,22 Sep 2025,Chat,Consulta,-,Agostina Lozano,Servidores
105580,22 Sep 2025 04:39 PM,DE DIEGO,consultas sobre remito proveedor egreso e ingreso,-,,Cerrado,22 Sep 2025,Chat,Consulta,-,Joaquina Villanueva,CPR Compras
105581,22 Sep 2025 04:49 PM,ECHAZU,Brindar acceso para actualización de ticket #104842,-,Brindar acceso para actualización de ticket #104842,Cerrado,22 Sep 2025,Phone,Consulta,-,Micaela Gatti,Brindar Acceso
105582,22 Sep 2025 04:52 PM,BOGGIO REPUESTOS,Inconvenientes al utilizar BBJet Expedición y Picking automático por usuario eliminado,-,Inconvenientes al utilizar BBJet Expedición y Picking automático por usuario eliminado,Cerrado,22 Sep 2025,Chat,Consulta,-,Micaela Gatti,BBJet Expedición
105583,22 Sep 2025 05:00 PM,BOURLOT,Reportan lentitud del sistema para realizar distintos procedimientos en todos los capas --,-,Reportan lentitud del sistema para realizar distintos procedimientos en todos los capas --,Cerrado,22 Sep 2025,Phone,Consulta,-,Macarena Monetta,Servidores
105584,22 Sep 2025 05:01 PM,LOGBELTS SRL,Neto discriminado por IVA,-,"Buenas tardes, quisieramos que de ahora en adelante el neto fuese discriminado por cada iva, ya que ahora son mas frecuentes los ivas de 10.5%",Generar Presupuesto,29 Sep 2025,Web,Mejora,-,Micaela Gatti,Reportes
105585,22 Sep 2025 06:40 PM,Marquiz,Solicita contacto con Macarena por ticket #102896,-,Solicita contacto con Macarena por ticket #102896,Cerrado,22 Sep 2025,Phone,Consulta,-,Micaela Gatti,Comunicarse con Soporte
105586,22 Sep 2025 06:44 PM,TODO TELAS,Tomar precios desde comprobante de origen al cargar Presupuesto en Presupuesto,-,Tomar precios desde comprobante de origen al cargar Presupuesto en Presupuesto,Cerrado,22 Sep 2025,Chat,Consulta,-,Micaela Gatti,CPR Ventas
105587,22 Sep 2025 06:58 PM,Ferretería Comercial Colón,Consulta si es posible desde el módulo contabilidad cargar Asientos mensuales de devengamiento,-,,Cerrado,23 Sep 2025,Chat,Consulta,-,Macarena Monetta,Contabilidad
105588,22 Sep 2025 07:12 PM,DE DIEGO,consulta sobre su configuracion de stock actual,-,,Cerrado,22 Sep 2025,Chat,Consulta,-,Joaquina Villanueva,Stock
105589,22 Sep 2025 07:49 PM,KILOWATT,Ampliar campo de subtotal y total en reporte de factura PV 91,-,Agrandar campo de subtotal y total en reporte de factura PV 91,Cerrado,22 Sep 2025,Chat,Mejora,-,Micaela Gatti,Reportes
105590,23 Sep 2025 07:19 AM,EC SAPEM,RV: Consulta sobre actualización de licencia,-,,Cerrado,23 Sep 2025,Email,Consulta,-,Lautaro Bustos,Licencia / Modulo
105591,23 Sep 2025 08:17 AM,CCS,Configuración cambio de talonario para usuario,-,,Cerrado,23 Sep 2025,Chat,Consulta,-,Elizabeth Alvarez,Talonario / Config. PC Talonarios
105592,23 Sep 2025 08:26 AM,ARCOIRIS PINTURERIA,Carga de factura de proveedor con concepto no gravado,-,,Cerrado,23 Sep 2025,Email,Consulta,-,Juan Acosta,CPR Compras
105593,23 Sep 2025 08:27 AM,ARCOIRIS PINTURERIA,Emisión de nota de crédito por devolución del sistema anterior,-,,Cerrado,23 Sep 2025,Email,Consulta,-,Juan Acosta,CPR Ventas
105594,23 Sep 2025 08:33 AM,LA CLARITA,error en tienda BtoC,-,,Cerrado,23 Sep 2025,Email,Consulta,-,Lautaro Bustos,ABM Artículos
105595,23 Sep 2025 08:35 AM,METALÚRGICA PASGAL,Instalar sistema paljet e impresora fiscal en PC,-,Instalar sistema paljet e impresora fiscal en PC,Cerrado,23 Sep 2025,Phone,Consulta,-,Macarena Analía Ramirez Barzola,Impresoras Fiscales
105596,23 Sep 2025 08:38 AM,ARCOIRIS PINTURERIA,Instalación de sistema en nueva PC,-,,Cerrado,23 Sep 2025,Email,Consulta,-,Juan Acosta,Instalación de Cliente
105597,23 Sep 2025 08:49 AM,BOGGIO REPUESTOS,Error al querer imprimir reporte de Recibo- ReportBeforePrint,-,,Cerrado,23 Sep 2025,Chat,Consulta,-,Macarena Monetta,Reportes
105598,23 Sep 2025 08:54 AM,CHURRI,Actualización Tableros BI,-,,Cerrado,23 Sep 2025,Chat,Consulta,-,Joaquina Villanueva,BI
105599,23 Sep 2025 08:55 AM,FORTEHOUSE,Solicita ayuda para config. impresora láser y asosiación de vendedor,-,,Cerrado,23 Sep 2025,Phone,Consulta,-,Lautaro Bustos,Impresora Láser
105600,23 Sep 2025 08:56 AM,ALLEGRA,Inconvenientes para ingresar a Recursos,-,"Buenos días, estimados. Deseamos ingresar al bbjet.rigelec.com.ar/#/es , para agregar imágenes de productos a la pagina de ALLEGRA SRL como lo hacemos habitualmente y al poner la clave me dice usuario o contraseña invalida. USUARIO: VENTASWEB CONTRASEÑA: 1536. Adjunto imagen del incidente. Saludos.",Cerrado,23 Sep 2025,Web,Incidente,-,Lautaro Bustos,BBJet Recursos
105601,23 Sep 2025 09:05 AM,CALZADOS BETER,Id de transacción en prestashop y mercado pago ticket duplicado #105621,-,,Cerrado,23 Sep 2025,Chat,Consulta,-,Joaquina Villanueva,Ticket Duplicado
105602,23 Sep 2025 09:07 AM,CASA CARLITOS,Consulta por estado de cuenta corriente - Administración,-,,Cerrado,23 Sep 2025,Phone,Consulta,-,Micaela Gatti,Administración
105603,23 Sep 2025 09:11 AM,BRM REPUESTOS MOTOR,Inconveniente al facturar en cta cte por script de control,-,,Cerrado,23 Sep 2025,Chat,Consulta,-,Elizabeth Alvarez,Script
105604,23 Sep 2025 09:17 AM,CCS,Acceso para ticket #105591,-,Acceso para ticket #105591,Cerrado,23 Sep 2025,Email,Consulta,-,Macarena Analía Ramirez Barzola,Brindar Acceso
105605,23 Sep 2025 09:26 AM,METALÚRGICA PASGAL,Modificar talonarios de Facturas y Notas de Crédito A para que sean electrónicas y no fiscales - Asociado a ticket #105595,-,,Cerrado,23 Sep 2025,Phone,Consulta,-,Micaela Gatti,Talonario / Config. PC Talonarios
105606,23 Sep 2025 09:31 AM,FERROMUNDO,Notebook registra varias direcciones IP en licencias,-,,Cerrado,23 Sep 2025,Phone,Consulta,-,Lautaro Bustos,Licencia / Modulo
105607,23 Sep 2025 09:41 AM,METALÚRGICA PASGAL,"Error de CAE ""error producido el arca proxy..."" en una PC",-,"Error de CAE ""error producido el arca proxy..."" en una PC",Cerrado,23 Sep 2025,Phone,Consulta,-,Macarena Analía Ramirez Barzola,Factura electrónica
105608,23 Sep 2025 09:42 AM,ALLEGRA,Solicita contacto con Lautaro por llamadas perdidas,-,Solicita contacto con Lautaro por llamadas perdidas,Cerrado,23 Sep 2025,Phone,Consulta,-,Micaela Gatti,Comunicarse con Soporte
105609,23 Sep 2025 09:54 AM,METALÚRGICA PASGAL,"Cambiar Configuración PC - Talonario a ""Pregunta si imprime""",-,"Cambiar Configuración PC - Talonario a ""Pregunta si imprime""",Cerrado,23 Sep 2025,Phone,Consulta,-,Micaela Gatti,Talonario / Config. PC Talonarios
105610,23 Sep 2025 09:57 AM,El Super de los Filtros,Consulta si el remito por mov de mercaría puede salir sin tantas copias,-,"Consulta si el remito por mov de mercaría puede salir sin tantas copias Indicamos que sale con las copias que colocan en el talonario y para cliente usan 4 copias, por eso cuando hacen el remito por mov de mercaderías le salen 4 copias porque usa el mismo talonario. Si lo cambia afectará tanto a los remitos de clientes como a los internos",Cerrado,23 Sep 2025,Phone,Consulta,-,Macarena Analía Ramirez Barzola,CPR Ventas
105611,23 Sep 2025 10:13 AM,ECHAZU,"Error al dar de alta artículo nuevo luego de actualización - ""no permission for USAGE to EXCEPTION""",-,"Error al dar de alta artículo nuevo luego de actualización - ""no permission for USAGE to EXCEPTION""",Cerrado,23 Sep 2025,Phone,Consulta,-,Micaela Gatti,ABM Artículos
105612,23 Sep 2025 10:23 AM,MATERIALES CENTRO,Múltiples consultas sobre gestión e informes de cprs de clientes,-,,Cerrado,23 Sep 2025,Phone,Consulta,-,Lautaro Bustos,CPR Ventas
105613,23 Sep 2025 10:24 AM,INTER PARTS,Eliminar publicaciones,-,,Cerrado,25 Sep 2025,Chat,Requerimiento,-,Marcelo Cejas,BBJet ML
105614,23 Sep 2025 10:38 AM,HIPERPLACA,visualizar consulta id:425,-,,Cerrado,23 Sep 2025,Chat,Consulta,-,Joaquina Villanueva,Consultas y Herramientas
105615,23 Sep 2025 10:52 AM,Etsol,Control que no permita dar de alta clientes con situación ante iva No responsable,-,Control que no permita dar de alta clientes con clasificación No responsable,En Analisis,23 Sep 2025,Chat,Mejora,-,Macarena Monetta,Script
105616,23 Sep 2025 10:54 AM,SANTA RITA,Comentan que desde la empresa de Comercial santa Rita no pueden hacer envío de mail de FA,-,,Cerrado,25 Sep 2025,Chat,Consulta,-,Macarena Monetta,E-mail
105617,23 Sep 2025 10:59 AM,LARRANG,Ayuda para identificar y cambiar cuenta contable,-,Ayuda para identificar y cambiar cuenta contable Ayudamos a identificar que el asiento es de una liquidación de valores del valor transferencia y vamos a la cuenta del banco a cambiar la cuenta contable para ese comprobante y valor asi el asiento le queda de la forma deseada,Cerrado,23 Sep 2025,Phone,Consulta,-,Macarena Analía Ramirez Barzola,Contabilidad
105618,23 Sep 2025 11:10 AM,NESTOR SIGOT S.A.,Ingreso de pedido de ML sin stock,-,Ingreso de pedido de ML sin stock,Cerrado,24 Sep 2025,Email,Consulta,-,Macarena Analía Ramirez Barzola,BBJet ML
105619,23 Sep 2025 11:14 AM,Ferretería del Norte,Cómo realizar un canje de cheque propio?,-,Cómo realizar un canje de cheque propio? (Cuentas -> Banco -> Canje de cheque propio),Cerrado,23 Sep 2025,Phone,Consulta,-,Lautaro Bustos,Banco
105620,23 Sep 2025 11:21 AM,LOGBELTS SRL,Advertencia al generar Libro de IVA por comprobante en -1,-,Advertencia al generar Libro de IVA por comprobante en -1,Cerrado,23 Sep 2025,Phone,Consulta,-,Micaela Gatti,Impositivas
105621,23 Sep 2025 11:34 AM,CALZADOS BETER,ID de transacción en prestashop y en MP,-,,Open,-,Chat,Consulta,-,Jésica Leguiza,Tienda BtoC
105622,23 Sep 2025 11:38 AM,FERRARO MATERIALES,Error Doc Nro Inválido al solicitar CAE,-,,Cerrado,23 Sep 2025,Chat,Consulta,-,Elizabeth Alvarez,Factura electrónica
105623,23 Sep 2025 11:39 AM,BRM REPUESTOS SAS,Configurar funcionamiento de Factura Electrónica,-,,Cerrado,25 Sep 2025,Phone,Consulta,-,Micaela Gatti,Factura electrónica
105625,23 Sep 2025 11:54 AM,YAPUR,Visualización de proveedores entre los sistemas,-,,Cerrado,25 Sep 2025,Email,Consulta,-,Elizabeth Alvarez,Peplicación / Sincronismo de DB
105626,23 Sep 2025 11:58 AM,FEMAT ACE,Consulta por visualización de factura en ARCA,-,Consulta por visualización de factura en ARCA,Cerrado,23 Sep 2025,Phone,Consulta,-,Macarena Analía Ramirez Barzola,Factura electrónica
105627,23 Sep 2025 11:59 AM,EL EMPORIO DEL SOLDADOR,Eliminar movimiento financiero de extracción 30.06.2025,-,POR FAVOR ELIMINAR:,En Tratamiento,23 Sep 2025,Web,Consulta,-,Micaela Gatti,Eliminación de CPR
105628,23 Sep 2025 12:13 PM,REMAQH,No puede visualizar un movimiento de cuenta de la caja Pilar 0,-,Luego de corroborar los partes de caja y movimiento entre cuentas se visualiza que el movimiento por ese monto y en esa caja fue eliminado,Cerrado,23 Sep 2025,Chat,Consulta,-,Leila Bonacina,Caja
105629,23 Sep 2025 12:22 PM,Direfil,COMPROBANTES EN -1,-,,Cerrado,23 Sep 2025,Chat,Consulta,-,Joaquina Villanueva,CPR Ventas
105630,23 Sep 2025 12:26 PM,Marquiz,Solicita contacto con Macarena M por tk #102896,-,,Cerrado,23 Sep 2025,Phone,Consulta,-,Lautaro Bustos,Comunicarse con Soporte
105631,23 Sep 2025 12:29 PM,ANDERSEN MATERIALES,Consulta por ticket #105340,-,Consulta por ticket #105340 llamada entrante de (1156635327),Cerrado,23 Sep 2025,Phone,Consulta,-,Karen Varon,Consulta por ticket
105632,23 Sep 2025 12:36 PM,FEMAT ACE,Tema tratado en llamada #105626,-,Tema tratado en llamada #105626,En Tratamiento,23 Sep 2025,Email,Consulta,-,Macarena Analía Ramirez Barzola,Ticket Duplicado
105634,23 Sep 2025 01:47 PM,Valeant S.R.L.,Vencimiento de licencia para Paljet ERP,-,,Cerrado,23 Sep 2025,Email,Consulta,-,Karen Varon,Licencia / Modulo
105635,23 Sep 2025 01:56 PM,BIOMED,"Error ""la impresora Microsoft XPS document writer disponible"" al intentar imprimir comprobantes",-,La impresora Microsoft XPS document writer disponible llamada entrante de (3434715388),Cerrado,23 Sep 2025,Phone,Consulta,-,Karen Varon,Impresora Láser
105636,23 Sep 2025 02:03 PM,FORTEHOUSE,Solicita ayuda para dar de alta impuesto RETIVA y asignarlo a Recibo,-,,Cerrado,23 Sep 2025,Phone,Consulta,-,Lautaro Bustos,Impositivas
105637,23 Sep 2025 02:21 PM,BACI,Solicita contacto con Agos por ticket #105133,-,,Cerrado,23 Sep 2025,Phone,Consulta,-,Lautaro Bustos,Comunicarse con Soporte
105638,23 Sep 2025 02:40 PM,Eykén,Solicita modificación de formularios,-,,Cerrado,23 Sep 2025,Phone,Consulta,-,Lautaro Bustos,Menú Empresa y formularios
105639,23 Sep 2025 02:44 PM,FERRARO MATERIALES,Solicita contacto con Agos por ticket #103771,-,,Cerrado,23 Sep 2025,Phone,Consulta,-,Lautaro Bustos,Comunicarse con Soporte
105640,23 Sep 2025 02:54 PM,Samaco,Errores varios al subir txt en portal IVA,-,llamada entrante de (2615327273),Cerrado,29 Sep 2025,Phone,Consulta,-,Karen Varon,Impositivas
105641,23 Sep 2025 03:11 PM,DE DIEGO,"Eliminar ""retira de acuerdo de precios"" en -1",-,"Eliminar ""retira de acuerdo de precios"" en -1",Cerrado,23 Sep 2025,Chat,Consulta,-,Macarena Analía Ramirez Barzola,Eliminación de CPR
105642,23 Sep 2025 03:12 PM,El Ranquel,Consulta forma  de arreglar datos/ eliminar recibo mal cargado,-,,Cerrado,23 Sep 2025,Chat,Consulta,-,Macarena Monetta,Eliminación de CPR
105643,23 Sep 2025 03:19 PM,Samaco,Extraer cantidades de existencias de artículos específicos,-,,Cerrado,25 Sep 2025,Email,Consulta,-,Karen Varon,Stock
105644,23 Sep 2025 03:24 PM,ZC HERRAMENTAL,Consulta sobre pedidos en el panel de mobile,-,"Buenas tenemos problemas con algunos pedidos del Panel, dice ""error timed out"" Nosotros el puerto 8080 lo tenemos abierto http://hec08zatd4x.sn.mynetname.net:8080/ Creo que tienen que revisar de su lado el webservice",Cerrado,23 Sep 2025,Web,Consulta,-,Karen Varon,BBJet Mobile
105645,23 Sep 2025 03:28 PM,TECNOMAQ,Selección de cantidad de copias en impresión de remito a partir de solicitud de alquiler,-,llamada entrante de (TECNOMAQ S.R.L.) Solicita poder seleccionar la cantidad de copias en impresión de remito a partir de solicitud de alquiler,Cerrado,24 Sep 2025,Phone,Consulta,-,Agostina Lozano,Alquileres
105646,23 Sep 2025 03:57 PM,TECNOPERFIL,Consulta sobre configuraciones para apertura de nueva sucursal  (cliente con abono suspendido),-,llamada entrante de (3424877007),Cerrado,23 Sep 2025,Phone,Consulta,-,Karen Varon,Otros temas
105647,23 Sep 2025 04:01 PM,Credimisión,Consulta por ticket #105395,-,,Cerrado,23 Sep 2025,Chat,Consulta,-,Karen Varon,Consulta por ticket
105648,23 Sep 2025 04:07 PM,CASA CARLITOS,Quitar logo de reporte de esquema dos,-,llamada entrante de (3625176817) Solicita que se quite logo de empresa en reporte de facturas de esquema dos,Cerrado,29 Sep 2025,Phone,Mejora,-,Agostina Lozano,Reportes
105649,23 Sep 2025 04:07 PM,E-Parts Franquicia Posadas,Al ingresar a tableros redirige automáticamente a registrar en Microsoft Fabric,-,,Cerrado,23 Sep 2025,Phone,Consulta,-,Micaela Gatti,BI
105650,23 Sep 2025 04:09 PM,LA TABLADA,Error en solicitud de CAE - Corrección en parámetros y dirección de ejecutable,-,Corregimos parámetros de sistema y al ingresar a las pc detectamos que la ubicación del ejecutable estaba errónea,Cerrado,24 Sep 2025,Chat,Consulta,-,Agostina Lozano,Factura electrónica
105651,23 Sep 2025 04:15 PM,SURI,Could not convert variant of type (Null) into type (Currency) al generar asiento de conversión de Alquiler a Mercaderías,-,"Hola! adjunto imagen de error al realizar el asiento de ""conversion de alquiler a mercaderia"" Cabe destacar que la ""conversion de mercaderia a alquileres"" no nos dá error",En Analisis,25 Sep 2025,Web,Incidente,-,Jésica Leguiza,Contabilidad
105652,23 Sep 2025 04:16 PM,Ferretotal,editar remito,-,,Cerrado,26 Sep 2025,Email,Consulta,-,Eliana Barreto,CPR Ventas
105653,23 Sep 2025 04:26 PM,TOYOTA LAS HERAS,Extraer lista con artículos sin categorizar en BBjet BtoB - Sin respuesta del cliente,-,Extraer lista con artículos sin categorizar en BBjet BtoB - Sin respuesta del cliente,Cerrado,23 Sep 2025,Chat,Consulta,-,Micaela Gatti,Consultas y Herramientas
105654,23 Sep 2025 04:40 PM,CALZADOS BETER,No le permite ver un vale desde la cuenta trentina,-,No le permite ver un vale desde la cuenta trentina,Cerrado,23 Sep 2025,Phone,Consulta,-,Leila Bonacina,Cuentas
105655,23 Sep 2025 04:54 PM,SANTA RITA,Consulta por ticket 105616,-,Consulta por ticket 105616,Cerrado,23 Sep 2025,Chat,Consulta,-,Leila Bonacina,Consulta por ticket
105656,23 Sep 2025 04:56 PM,SURI,Comprobantes sin asientos que figuran en consulta ID 352,-,llamada entrante de (GABRIELA MEDAURA),Cerrado,23 Sep 2025,Phone,Consulta,-,Karen Varon,Consultas y Herramientas
105657,23 Sep 2025 05:03 PM,Direfil,Chat sin respuesta,-,,Cerrado,23 Sep 2025,Chat,Consulta,-,Karen Varon,Sin respuesta
105658,23 Sep 2025 05:10 PM,YAPUR,Cambio monto mínimo de cálculo de percepciones,-,"Cambio monto mínimo de cálculo de percepciones, monto $270000",Cerrado,24 Sep 2025,Chat,Consulta,-,Agostina Lozano,Script
105659,23 Sep 2025 05:12 PM,LA Distribuciones,Asistencia para renumerar preparados de pedido en -1 para facturación masiva,-,llamada entrante de (3435002373),Cerrado,23 Sep 2025,Phone,Consulta,-,Karen Varon,CPR Ventas
105660,23 Sep 2025 05:34 PM,E- Parts Franquicia Chajarí,Consultas varias sobre funcionalidad del sistema,-,,Cerrado,23 Sep 2025,Chat,Consulta,-,Karen Varon,Sistema
105661,23 Sep 2025 05:41 PM,BOURLOT,Consulta por novedades respecto a archivo ccv para IVA simple a partir de noviembre,-,llamada entrante de (3446382195),Cerrado,24 Sep 2025,Phone,Consulta,-,Karen Varon,Impositivas
105662,23 Sep 2025 05:50 PM,MGL Complementos,Solicita que se cargue el dato del vendedor desde el comprobante de origen,-,"Solicita que se cargue el dato del vendedor desde el comprobante de origen. los comprobantes involucrados son presupuesto estandar-mobile-hormigon, llamados en facturas estándar-alternativa",Cerrado,23 Sep 2025,Chat,Consulta,-,Leila Bonacina,CPR Ventas
105663,23 Sep 2025 05:56 PM,El Super de los Filtros,Consulta personalizada en base a ID 949 y 951,-,,Selección de equipo,-,Email,Requerimiento,-,Karen Varon,Consultas y Herramientas
105664,23 Sep 2025 06:51 PM,Lampe,Asignar proveedor a un conjunto de artículos,-,,Cerrado,23 Sep 2025,Chat,Consulta,-,Karen Varon,ABM Artículos
105665,23 Sep 2025 08:17 PM,CALZADOS BETER,Caida pagina Beterstore,-,,Cerrado,24 Sep 2025,Email,Incidente,-,Lautaro Bustos,Tienda BtoC
105666,24 Sep 2025 08:05 AM,Direfil,Comenta que se les rompió la PC servidor --,-,Comenta que se les rompió la PC servidor --,Cerrado,24 Sep 2025,Chat,Consulta,-,Macarena Analía Ramirez Barzola,Servidores
105667,24 Sep 2025 08:08 AM,ZC HERRAMENTAL,Consulta por ticket #105181,-,Consulta por ticket #105181,Cerrado,24 Sep 2025,Chat,Consulta,-,Micaela Gatti,Consulta por ticket
105668,24 Sep 2025 08:17 AM,SERVITOOLS,"Error: violation of primary or unique key constraint ""PK_MONEDASCAMBIO"" on table ""MONEDASCAMBIOS""",-,"Error: violation of primary or unique key constraint ""PK_MONEDASCAMBIO"" on table ""MONEDASCAMBIOS""",Cerrado,24 Sep 2025,Phone,Consulta,-,Leila Bonacina,Multimoneda
105669,24 Sep 2025 08:23 AM,SANTA RITA,Solicita contacto con Macarena M por ticket #105616,-,,Cerrado,24 Sep 2025,Chat,Consulta,-,Agostina Lozano,Comunicarse con Soporte
105670,24 Sep 2025 08:23 AM,NARCISI,Pedido no pasó a Paljet ERP,-,Pedido no pasó a Paljet ERP,Cerrado,24 Sep 2025,Chat,Consulta,-,Micaela Gatti,BBJet ML
105671,24 Sep 2025 08:25 AM,TECNOMAQ,CONSULTA POR TICKET #105645,-,"CONSULTA POR TICKET #105645, dado que recibió las respuesta, se le aclararon dudas",Cerrado,24 Sep 2025,Phone,Consulta,-,Leila Bonacina,Talonario / Config. PC Talonarios
105672,24 Sep 2025 08:28 AM,ARCOIRIS PINTURERIA,Anulación de saldo de sistema anterior,-,,Cerrado,24 Sep 2025,Email,Consulta,-,Juan Acosta,CPR Ventas
105673,24 Sep 2025 08:28 AM,LEOFILM,"TRANS. ENTRADA , TRANS. SALIDA",-,"TRANS. ENTRADA , TRANS. SALIDA",Cerrado,24 Sep 2025,Chat,Consulta,-,Macarena Analía Ramirez Barzola,Stock
105674,24 Sep 2025 08:33 AM,ARCOIRIS PINTURERIA,Error al generar parte de caja por comprobante en -1 pendiente de cae,-,llamada entrante de (3364340334),Cerrado,24 Sep 2025,Phone,Consulta,-,Karen Varon,Factura electrónica
105675,24 Sep 2025 08:45 AM,LA Distribuciones,Asistencia para habilitar teléfono en panel de mobile y consulta sobre descuentos en detalle de factura,-,llamada entrante de (3436219821),Cerrado,24 Sep 2025,Phone,Consulta,-,Karen Varon,BBJet Mobile
105676,24 Sep 2025 08:51 AM,MARCHAL,Solicita actualización de versión de sistema,-,Solicitud hecha en ticket #105335 por Gustavo Se encuentran en la versión 9.0.2.2 Porductos que posee de forma adicional: Link de CRM con información adicional: https://crm.zoho.com/crm/org721425315/tab/Accounts/4607312000000519114?pfrom=gsearch Datos de acceso en CRM:,Open,-,Email,Actualización,-,Agustina Acosta,Actualización
105677,24 Sep 2025 08:52 AM,RONDEAU,Solicita que leyenda de régimen transparencia fiscal salga en reporte para clientes exentos,-,llamada entrante de (3434729713),Cerrado,24 Sep 2025,Phone,Consulta,-,Karen Varon,Reportes
105678,24 Sep 2025 08:55 AM,TODO TELAS,Creación de cliente,-,"Indica que le da error de CUIT repetido, le indicamos como detectar la entidad y luego pasos para agregar nuevo cliente con mismo CUIT",Cerrado,24 Sep 2025,Chat,Consulta,-,Agostina Lozano,ABM Clientes
105679,24 Sep 2025 08:57 AM,Ferretería del Norte,Laura se  comunico indicando que no le llama la factura desde el remito,-,"Laura se comunico indicando que no le llama la factura desde el remito, se corroboro que era una factura estándar, la que estaba llamando del remito. Pero trabajan con la relacion de comprobante de factura alternativa y remito. Dado que era esquema secundario se le indico que elimine el comprobante, renumere los talonarios y vuelva a procesar.",Cerrado,24 Sep 2025,Phone,Consulta,-,Leila Bonacina,CPR Ventas
105680,24 Sep 2025 08:58 AM,BACI,Consulta por tickets  #105133 y #101923,-,llamada entrante de (3444509041),Cerrado,24 Sep 2025,Phone,Consulta,-,Karen Varon,Consulta por ticket
105681,24 Sep 2025 09:01 AM,ROSTOCK,Error en ingreso al sistema desde una PC --,-,"Error en ingreso al sistema desde una PC -- La PC no tenía la licencia activa, se había registrado dos veces la misma PC con distinta IP, destildaron una y tildaron la otra y pudo ingresar",Cerrado,24 Sep 2025,Chat,Consulta,-,Macarena Analía Ramirez Barzola,Sistema
105682,24 Sep 2025 09:06 AM,DE DIEGO,"Eliminar ""retira de acuerdo de precios"" en -1",-,"Eliminar ""retira de acuerdo de precios"" en -1",Cerrado,24 Sep 2025,Chat,Consulta,-,Micaela Gatti,Eliminación de CPR
105683,24 Sep 2025 09:23 AM,CORSAN,Funcionamiento de consulta id 588 - Operaciones de venta con un conjunto de artículos,-,Detectamos que la irregularidad que veía el cliente se debía a que tenía comprendido un artículo genérico,Cerrado,24 Sep 2025,Chat,Consulta,-,Agostina Lozano,Consultas y Herramientas
105684,24 Sep 2025 09:23 AM,FEMAT ACE,Ayuda para reemplazar versión de PalJet Network y consulta por ticket #105632,-,Ayuda para reemplazar versión de PalJet Network y consulta por ticket #105632,Cerrado,24 Sep 2025,Chat,Consulta,-,Macarena Analía Ramirez Barzola,Instalación de Cliente
105685,24 Sep 2025 09:24 AM,Lampe,Impresión de Razón Social y Nombre de Fantasía en comprobantes,-,Impresión de Razón Social y Nombre de Fantasía en comprobantes,Cerrado,24 Sep 2025,Chat,Consulta,-,Micaela Gatti,Reportes
105686,24 Sep 2025 09:25 AM,IMPRESORA DEL NEA SA,Alta de cuenta,-,Indicamos pasos para el alta de una cuenta,Cerrado,24 Sep 2025,Chat,Consulta,-,Agostina Lozano,Cuentas
105687,24 Sep 2025 09:49 AM,CALZADOS BETER,Comenta que las cuotas a saldar quedan erróneas cuando la factura posee una devolución parcial,-,llamada entrante de (3434310650),En Tratamiento,-,Phone,Consulta,-,Karen Varon,Sistema
105688,24 Sep 2025 09:49 AM,MERCONOR,Pasar archivos a PC para que anden las coordenadas,-,Pasar archivos a PC para que anden las coordenadas,Cerrado,24 Sep 2025,Chat,Consulta,-,Macarena Analía Ramirez Barzola,Otros temas
105689,24 Sep 2025 09:52 AM,SANTA RITA,Brinda información para ticket #105616,-,,Cerrado,24 Sep 2025,Chat,Consulta,-,Macarena Monetta,Ticket Duplicado
105690,24 Sep 2025 09:56 AM,BERNARDI,Error el certificado de la impreso fiscal se encuentra vencido,-,Error el certificado de la impreso fiscal se encuentra vencido,Cerrado,24 Sep 2025,Phone,Consulta,-,Leila Bonacina,Impresoras Fiscales
105691,24 Sep 2025 09:56 AM,Lampe,Incorporar nombre de fantasía en facturas y presupuestos,-,Incorporar nombre de fantasía en facturas y presupuestos,Cerrado,24 Sep 2025,Chat,Mejora,-,Micaela Gatti,Reportes
105692,24 Sep 2025 09:58 AM,FERRETERIA 24,Comenta que no se percibio correctamente en una factura para la provincia de tucuman,-,Comenta que no se percibio correctamente en una factura para la provincia de tucuman,Cerrado,24 Sep 2025,Phone,Consulta,-,Macarena Monetta,Percepciones y retenciones
105693,24 Sep 2025 09:59 AM,NESTOR SIGOT S.A.,Comunicación con Eliana Barreto por ticket #60080,-,Comunicación con Eliana Barreto por ticket #60080 llamada entrante de (3455283680),Cerrado,24 Sep 2025,Phone,Consulta,-,Karen Varon,Comunicarse con otra área
105694,24 Sep 2025 10:02 AM,ARCOIRIS PINTURERIA,Configuración de usuarios,-,,Cerrado,25 Sep 2025,Email,Consulta,-,Juan Acosta,Configuración de usuarios
105695,24 Sep 2025 10:04 AM,Direfil,Reinstalar PC servidor,-,Reinstalar PC servidor,Cerrado,24 Sep 2025,Chat,Instalación,-,Macarena Analía Ramirez Barzola,Servidores
105696,24 Sep 2025 10:16 AM,CALZADOS BETER,Como cambiar la fechade cierre de los creditos,-,Como cambiar la fechade cierre de los creditos,Cerrado,24 Sep 2025,Phone,Consulta,-,Leila Bonacina,Créditos
105697,24 Sep 2025 10:20 AM,CALZADOS BETER,Solicita comunicación con Karen por ticket #105687,-,Solicita comunicación con Karen por ticket #105687,Cerrado,24 Sep 2025,Phone,Consulta,-,Macarena Monetta,Comunicarse con Soporte
105698,24 Sep 2025 10:25 AM,TINAGRO,Consulta sobre avance apertura de puerto 3011,-,Consulta sobre avance apertura de puerto 3011,Cerrado,24 Sep 2025,Phone,Consulta,-,Eliana Barreto,Servidores
105699,24 Sep 2025 10:26 AM,CENTRO HIERRO,Control de movimiento entre cuentas,-,,En Analisis,-,Email,Requerimiento,-,Agostina Lozano,Script
105700,24 Sep 2025 10:31 AM,LARRANG,Error al realizar asiento en boleta de transferencia,-,llamada entrante de (2346531633),Cerrado,24 Sep 2025,Phone,Consulta,-,Karen Varon,Contabilidad
105701,24 Sep 2025 10:31 AM,EL SURCO,Error al solicitar cae Accesss violation ar address 078ae2f9,-,"Error al solicitar cae Accesss violation ar address 078ae2f9, se le indico que reinicie el internet y vuelva a ingresar dado que se realizo la prueba desde una pc que no esta en la red, y no dio error",Cerrado,24 Sep 2025,Phone,Consulta,-,Leila Bonacina,Factura electrónica
105702,24 Sep 2025 10:54 AM,ANPAU,Corroborar que usuario esté bien configurado para emitir comprobantes,-,llamada entrante de (1150017626),Cerrado,24 Sep 2025,Phone,Consulta,-,Karen Varon,Sistema
105703,24 Sep 2025 11:00 AM,ROUTER,Columna en selección de articulos,-,,Cerrado,24 Sep 2025,Email,Consulta,-,Agostina Lozano,CPR Ventas
105704,24 Sep 2025 11:02 AM,TECNOPERFIL,Consultas varias por apertura de nueva sucursal- Solicita instructivos varios,-,Consultas varias por apertura de nueva sucursal- Solicita instructivos varios,En Tratamiento,26 Sep 2025,Phone,Requerimiento,-,Macarena Monetta,Talonario / Config. PC Talonarios
105705,24 Sep 2025 11:18 AM,ZC HERRAMENTAL,Consulta si para poder emitir una Factura que sea con letra A se debe cargar si o si el cliente dentro de la base,-,Consulta si para poder emitir una Factura que sea con letra A se debe cargar si o si el cliente dentro de la base,Cerrado,24 Sep 2025,Phone,Consulta,-,Macarena Monetta,ABM Clientes
105706,24 Sep 2025 11:27 AM,RTI / PBS - NICARAGUA,Corrección de existencias y series en artículos de alquiler,-,Corrección de existencias y series en artículos de alquiler,Espera del Cliente,-,Chat,Incidente,-,Agostina Lozano,Stock
105707,24 Sep 2025 11:27 AM,BDL,La nota de credito no respeto las percepción de la factura,-,La nota de credito no respeto las percepción de la factura,No aplica,30 Sep 2025,Phone,Consulta,-,Leila Bonacina,CPR Ventas
105708,24 Sep 2025 11:34 AM,ECHAZU,Comenta que no visualiza para cambiar lista de precios en clientes- Algunos clientes no tenian asociada la lista que el buscaba,-,Comenta que no visualiza para cambiar lista de precios en clientes- Algunos clientes no tenian asociada la lista que el buscaba,Cerrado,24 Sep 2025,Phone,Consulta,-,Macarena Monetta,Lista de Precios
105709,24 Sep 2025 11:40 AM,FUGAS,Pedido preparado por picking automático trae datos de comprobante que no se corresponden con el comprobante preparado,-,,En Tratamiento,-,Chat,Consulta,-,Micaela Gatti,BBJet Gestión de Inventario
105710,24 Sep 2025 11:41 AM,RBM MATERIALES,Filtro de tipo de deudas en consulta de saldos,-,Filtro de tipo de deudas en consulta de saldos,Cerrado,24 Sep 2025,Chat,Consulta,-,Macarena Analía Ramirez Barzola,Consultas y Herramientas
105711,24 Sep 2025 11:42 AM,DAVID MAQUINARIAS,Agregar campo de razón social de empresa en facturas,-,Agregamos campo de razón social de empresa en todos los reportes de facturas electrónicas,Cerrado,24 Sep 2025,Chat,Mejora,-,Agostina Lozano,Reportes
105712,24 Sep 2025 11:43 AM,REFRIGERACION MR,Inconvenientes al ingresar al sistema desde PC - Sin respuesta del cliente,-,,Cerrado,24 Sep 2025,Chat,Consulta,-,Micaela Gatti,Conexión PC/Infraestructura
105713,24 Sep 2025 11:55 AM,CMS,Errores en la generación de asientos ticket #103198,-,Errores en la generación de asientos ticket #103198,Cerrado,24 Sep 2025,Chat,Consulta,-,Macarena Analía Ramirez Barzola,Consulta por ticket
105714,24 Sep 2025 11:55 AM,LA HISTORICA,Eliminación de movimiento financiero de caja,-,Eliminación de movimiento financiero de caja,Cerrado,24 Sep 2025,Chat,Consulta,-,Agostina Lozano,Eliminación de CPR
105715,24 Sep 2025 12:05 PM,FERRETEC,Importar masviamente equivalencia de precio en art proveedor,-,,Cerrado,24 Sep 2025,Chat,Consulta,-,Lautaro Bustos,ABM Artículos
105716,24 Sep 2025 12:06 PM,EFEPE,Llamada sin respuesta del cliente,-,Llamada sin respuesta del cliente,Cerrado,24 Sep 2025,Phone,Consulta,-,Macarena Monetta,Sin respuesta
105717,24 Sep 2025 12:08 PM,Samaco,Consulta por ticket #105643,-,Consulta por ticket #105643,Cerrado,24 Sep 2025,Email,Consulta,-,Micaela Gatti,Consulta por ticket
105718,24 Sep 2025 12:18 PM,EFEPE,Coordinar capacitación,-,Coordinar capacitación,Cerrado,24 Sep 2025,Phone,Consulta,-,Eliana Barreto,Capacitación
105719,24 Sep 2025 12:22 PM,ZC HERRAMENTAL,Pedidos que ingresan de produteca poseen diferencia de centavos con la lista de precios,-,Consulta tema tratado en ticket #105082 llamada entrante de (1130424965),Cerrado,24 Sep 2025,Phone,Consulta,-,Karen Varon,Consulta por ticket
105720,24 Sep 2025 12:26 PM,CALZADOS BETER,Cuenta de usuario SHOPPING al cargar comprobante,-,,Cerrado,24 Sep 2025,Email,Consulta,-,Micaela Gatti,Configuración de usuarios
105721,24 Sep 2025 12:31 PM,MGL Complementos,Cuenta corriente de clientes,-,Cuenta corriente de clientes,Cerrado,24 Sep 2025,Chat,Consulta,-,Macarena Analía Ramirez Barzola,ABM Clientes
105722,24 Sep 2025 12:35 PM,REFRIGERACION MR,Inconvenientes al ingresar al sistema desde PC - Asociado a ticket #105712 - Sin respuesta del cliente,-,,Cerrado,24 Sep 2025,Chat,Consulta,-,Micaela Gatti,Conexión PC/Infraestructura
105723,24 Sep 2025 12:41 PM,INSUMOS REFRIGERACIONES,Permitir modificación de desc/bonif en detalle de Presupuesto,-,,Cerrado,24 Sep 2025,Chat,Consulta,-,Lautaro Bustos,CPR Ventas
105724,24 Sep 2025 12:54 PM,KALYDON TOOLS,informe de ventas con vendedores dados de baja,-,,Espera del Cliente,-,Phone,Consulta,-,Joaquina Villanueva,Consultas y Herramientas
105725,24 Sep 2025 12:54 PM,Etsol,Revisión de vendedores - Surcan,-,Revisión de vendedores - Surcan,Open,-,Chat,Mejora,-,Jésica Leguiza,BI
105726,24 Sep 2025 01:32 PM,EL MAGO,"violation of PRIMARY or UNIQUE KEY constraint ""PK_MONEDASCAMBIO"" on table ""MONEDASCAMBIOcc",-,,Cerrado,24 Sep 2025,Chat,Consulta,-,Micaela Gatti,Multimoneda
105727,24 Sep 2025 01:34 PM,Valeant S.R.L.,Consulta sobre artículos cuyo código de art proveedor se encontraba duplicado y daba error en Actualización masiva de precios,-,Consulta sobre artículos cuyo código de art proveedor se encontraba duplicado y daba error en Actualización masiva de precios,Cerrado,24 Sep 2025,Phone,Consulta,-,Macarena Monetta,ABM Artículos
105728,24 Sep 2025 01:58 PM,Direfil,Control de carga de personal en ordenes de servicio,-,"Solicita un Control de carga de personal en ordenes de servicio, en base a ticket #104997 Además agregamos QR de lectura de Token en reporte de impresión de OS",Cerrado,25 Sep 2025,Email,Requerimiento,-,Agostina Lozano,Script
105729,24 Sep 2025 02:07 PM,CARPINELLA,Solicita modificaciones en reporte de presupuesto,-,,Cerrado,24 Sep 2025,Chat,Consulta,-,Lautaro Bustos,Reportes
105730,24 Sep 2025 02:08 PM,ANPAU,Consulta ID: 174 trae articulos en negativo,-,,Espera del Cliente,-,Phone,Consulta,-,Joaquina Villanueva,Consultas y Herramientas
105731,24 Sep 2025 02:28 PM,Eykén,Solicita hablar con Macarena Monetta,-,,Cerrado,24 Sep 2025,Phone,Consulta,-,Leila Bonacina,Comunicarse con Soporte
105732,24 Sep 2025 02:31 PM,FERRARO MATERIALES,Agregar a usuario permisos para editar artículos,-,Agregar a usuario permisos para editar artículos,Cerrado,24 Sep 2025,Chat,Consulta,-,Macarena Analía Ramirez Barzola,Menú Empresa y formularios
105733,24 Sep 2025 02:39 PM,FERRARO MATERIALES,"Error ""Cannot update item MLA2051309300. Causas: Inventory_id is not modifiable"" al sincronizar EAN de artículo en BBJet ML",-,"Error ""Cannot update item MLA2051309300. Causas: Inventory_id is not modifiable"" al sincronizar EAN de artículo en BBJet ML",Cerrado,24 Sep 2025,Chat,Consulta,-,Micaela Gatti,BBJet ML
105734,24 Sep 2025 02:39 PM,TODO CAÑO,Error 555 (arca proxy) al solicitar CAE,-,,Cerrado,24 Sep 2025,Chat,Consulta,-,Lautaro Bustos,Factura electrónica
105735,24 Sep 2025 02:44 PM,Eykén,Consultas varias sobre circuito de venta- Configurar flag para que la FA estandar permita tomar RE estandar,-,Consultas varias sobre circuito de venta- Configurar flag para que la FA estandar permita tomar RE estandar,Cerrado,24 Sep 2025,Phone,Consulta,-,Macarena Monetta,CPR Ventas
105736,24 Sep 2025 02:50 PM,BACI,"Error BI ""your data gateway is offline or couldn't be reached""",-,,Cerrado,25 Sep 2025,Email,Consulta,-,Karen Varon,BI
105737,24 Sep 2025 03:33 PM,CENTRO HIERRO,Como crear un grupo de usuario y darles permiso desde los grupos? quitar permisos de edición y eliminar,-,Como crear un grupo de usuario y darles permiso desde los grupos? quitar permisos de edición y eliminar,Cerrado,24 Sep 2025,Phone,Consulta,-,Leila Bonacina,Sistema
105738,24 Sep 2025 03:37 PM,El Mangrullo,Capacitación - Modulo BI,-,Capacitación - Modulo BI,En Curso,-,Chat,Capacitación,-,Agostina Lozano,BI
105739,24 Sep 2025 03:44 PM,TOYOTA LAS HERAS,Cambiar la utilidad de los artículos de forma masiva,-,Cambiar la utilidad de los artículos de forma masiva,Cerrado,24 Sep 2025,Chat,Consulta,-,Macarena Analía Ramirez Barzola,Lista de Precios
105740,24 Sep 2025 04:00 PM,INTEQ,Avances y ejemplos de ticket #88613,-,,Cerrado,25 Sep 2025,Chat,Consulta,-,Elizabeth Alvarez,Consulta por ticket
105741,24 Sep 2025 04:05 PM,CASTRO,Reporta error 10051 de CAE,-,,Cerrado,24 Sep 2025,Phone,Consulta,-,Lautaro Bustos,Factura electrónica
105742,24 Sep 2025 04:07 PM,LA TABLADA,Error al solicitar cae en todas las pc- Documento XML-La URL del WSAA es incorrecta,-,,Cerrado,25 Sep 2025,Chat,Consulta,-,Macarena Monetta,Factura electrónica
105743,24 Sep 2025 04:14 PM,MATERIALES CENTRO,Requiere control para evitar la emisión de remitos si los mismos no son originados por una factura,-,,Cerrado,26 Sep 2025,Phone,Requerimiento,-,Lautaro Bustos,CPR Ventas
105744,24 Sep 2025 04:18 PM,CORSAN,Requiere enviar firmas digitalizadas en comprobantes de venta,-,,Open,29 Sep 2025,Chat,Requerimiento,-,Lautaro Bustos,Otros temas
105745,24 Sep 2025 04:38 PM,E- Parts Franquicia Chajarí,Consulta para reflejar mov. de mercadería por consumo interno,-,,Cerrado,25 Sep 2025,Chat,Consulta,-,Elizabeth Alvarez,Inventario
105746,24 Sep 2025 04:51 PM,BACI,No pasa pedido ML -> PalJet (pasaje de factura),-,,Cerrado,24 Sep 2025,Phone,Consulta,-,Lautaro Bustos,CPR Ventas
105747,24 Sep 2025 04:55 PM,El Super de los Filtros,Especificaciones de servidor,-,,Cerrado,01 Oct 2025,Email,Consulta,-,Elizabeth Alvarez,Servidores
105748,24 Sep 2025 04:55 PM,DERGAM,Factura electrónica no se visualiza en ARCA,-,,Cerrado,24 Sep 2025,Chat,Consulta,-,Lautaro Bustos,Factura electrónica
105749,24 Sep 2025 05:05 PM,LA TABLADA,Confirmación funcionamiento de fiscalización,-,,Cerrado,25 Sep 2025,Chat,Consulta,-,Elizabeth Alvarez,Factura electrónica
105750,24 Sep 2025 05:20 PM,AGROPECUARIA ALMAFUERTE,REQUERIMIENTO: QUE LOS VENDEODRES VEAN LA CUENTA CORRIENTE Y ULTIMOS COMPROBANTES DE LOS CLIENTES,-,,Espera del Cliente,-,Phone,Consulta,-,Joaquina Villanueva,BBJet Mobile
105751,24 Sep 2025 05:25 PM,INTER PARTS,Solicita contacto con Joaquina por ticket,-,,Cerrado,24 Sep 2025,Phone,Consulta,-,Lautaro Bustos,Comunicarse con Soporte
105752,24 Sep 2025 05:31 PM,INTER PARTS,Inconveniente en Paljet import con compuestos,-,,En Tratamiento,25 Sep 2025,Phone,Incidente,-,Jésica Leguiza,PalJet Import
105753,24 Sep 2025 05:41 PM,Agrobarbero,Avanzar capacitación del ticket #105273,-,,Cerrado,24 Sep 2025,Chat,Consulta,-,Elizabeth Alvarez,Consulta por ticket
105754,24 Sep 2025 05:47 PM,SERVITOOLS,Continúa error de ticket #105668,-,,Cerrado,25 Sep 2025,Phone,Consulta,-,Lautaro Bustos,Multimoneda
105755,24 Sep 2025 06:10 PM,BOURLOT,RECIBO -1,-,,Cerrado,24 Sep 2025,Phone,Consulta,-,Joaquina Villanueva,CPR Ventas
105756,24 Sep 2025 06:42 PM,E- Parts Franquicia Chajarí,Consulta por advertencia sobre existencias de artículos,-,,Cerrado,25 Sep 2025,Chat,Consulta,-,Elizabeth Alvarez,Stock
105757,24 Sep 2025 06:47 PM,EL GURI,Asignar concepto a NC proveedor,-,,Cerrado,24 Sep 2025,Chat,Consulta,-,Lautaro Bustos,CPR Compras
105758,24 Sep 2025 06:52 PM,Piragini Motorepuestos,Informe para stock valorizado x depósito x listas de precios,-,,Cerrado,24 Sep 2025,Phone,Consulta,-,Lautaro Bustos,Consultas y Herramientas
105759,24 Sep 2025 06:58 PM,FERRETEC,Indica que está disponible luego de llamada perdida,-,,Cerrado,24 Sep 2025,Chat,Consulta,-,Lautaro Bustos,Ticket Duplicado
105760,24 Sep 2025 06:58 PM,Total Caño,Cómo imprimir resumen de cta cte continuo,-,,Cerrado,24 Sep 2025,Phone,Consulta,-,Lautaro Bustos,ABM Clientes
105761,24 Sep 2025 07:12 PM,BOURLOT,PARTE DE CAJA COMPROBANTE EN -1,-,,Cerrado,24 Sep 2025,Phone,Consulta,-,Joaquina Villanueva,Caja
105762,24 Sep 2025 07:17 PM,EL SURCO,Error Accesss violation ar address 078ae2f9 al querer eliminar un comprobante factura b,-,,Cerrado,25 Sep 2025,Phone,Consulta,-,Joaquina Villanueva,Factura electrónica
105763,24 Sep 2025 08:20 PM,ARCOIRIS PINTURERIA,Conciliaciones de valores de banco,-,,Cerrado,25 Sep 2025,Email,Consulta,-,Juan Acosta,Banco
105764,25 Sep 2025 08:15 AM,Direfil,Inconvenientes al ingresar a Paljet Import por cambio de IP y alta de comprobantes con talonario preimpreso,-,,Cerrado,25 Sep 2025,Chat,Consulta,-,Micaela Gatti,Conexión PC/Infraestructura
105765,25 Sep 2025 08:18 AM,ALLEGRA,NO SE ESTAN SINCRONIZANDO EL ALTA DE PRODUCTOS DESDE EL PALJET A LA PAGINA WEB CONTINUA TRATAMIENTO EN TICKET #91249,-,Estamos observando que se han cargados productos a la web desde el paljet y los mismos no se están actualizando el la pagina web de ALLEGRA SRL. Se ingresaron 6 artículos(en forma individual) el 24/09/2025 (entre las 15:00 hs y 16:00hs) y aún no se ven reflejado en la web. Desde ya muchas gracias.,Espera del Cliente,-,Web,Consulta,-,Leila Bonacina,Tienda BtoC
105766,25 Sep 2025 08:20 AM,EL MAGO,Consulta si es posible ocultar En artículos- Dentro de subpestaña 1.Que no se visualice listas  de precios y costos,-,,Cerrado,25 Sep 2025,Chat,Consulta,-,Macarena Monetta,Menú Empresa y formularios
105767,25 Sep 2025 08:38 AM,FERRARO MATERIALES,Agregar usuario exceptuado a script,-,,Cerrado,25 Sep 2025,Chat,Consulta,-,Lautaro Bustos,Script
105768,25 Sep 2025 08:47 AM,E-Parts - Grupo Cervantes,"Error de conexión con servidor ""Error occurred during login, please check server firebird.log for details"" --",-,llamada entrante de (2615664475) Llama Nelson,Cerrado,25 Sep 2025,Phone,Consulta,-,Agostina Lozano,Servidores
105769,25 Sep 2025 08:55 AM,INTER PARTS,Actualizar tipo de publicación,-,Actualizar tipo de publicación Se encontraron un listado de publicaciones que quedaron bajo la etiqueta Default. Se adjunta tanda de publicaciones para que se asignen correctamente.,En Tratamiento,-,Chat,Consulta,-,Marcelo Cejas,BBJet ML
105770,25 Sep 2025 09:01 AM,BACI,Pablo se comunica para brindar acceso al ticket #105736,-,Pablo se comunica para brindar acceso al ticket #105736,Cerrado,25 Sep 2025,Phone,Consulta,-,Leila Bonacina,Brindar Acceso
105771,25 Sep 2025 09:07 AM,TINAGRO,Comunicación con Eliana por implementación,-,,Cerrado,25 Sep 2025,Phone,Consulta,-,Elizabeth Alvarez,Comunicarse con otra área
105772,25 Sep 2025 09:07 AM,COMACO,Modificar numeración final de chequera,-,Modificar numeración final de chequera,Cerrado,25 Sep 2025,Chat,Consulta,-,Micaela Gatti,Banco
105773,25 Sep 2025 09:10 AM,MATERIALES CENTRO,Comunicación con Lautaro por ticket #105743,-,,Cerrado,25 Sep 2025,Phone,Consulta,-,Elizabeth Alvarez,Comunicarse con Soporte
105774,25 Sep 2025 09:11 AM,E-Parts - Grupo Cervantes,Solicita hablar con Agostina por el ticket #105736,-,Solicita hablar con Agostina por el ticket #105736,Cerrado,25 Sep 2025,Phone,Consulta,-,Leila Bonacina,Comunicarse con Soporte
105775,25 Sep 2025 09:15 AM,HIPERPLACA,Preguntas varias -Configuración de stock-arreglo de comprometido-visualización de costos tabulados,-,,Cerrado,25 Sep 2025,Chat,Consulta,-,Macarena Monetta,Stock
105776,25 Sep 2025 09:16 AM,MAGAFLA,Comenta que los cprs se envían por mail antes de la solicitud de CAE,-,,Cerrado,26 Sep 2025,Email,Consulta,-,Lautaro Bustos,E-mail
105777,25 Sep 2025 09:16 AM,DISTRIBUIDORA PARA MASCOTAS,Modificar script de control de EAN contra COD_ART,-,,Cerrado,25 Sep 2025,Chat,Requerimiento,-,Lautaro Bustos,Script
105778,25 Sep 2025 09:24 AM,Bulonera del Sur,Solicita Hablar con Eliana pero se corta la comunicación,-,Solicita Hablar con Eliana pero se corta la comunicación,Cerrado,25 Sep 2025,Phone,Consulta,-,Leila Bonacina,Comunicarse con otra área
105779,25 Sep 2025 09:29 AM,Bulonera del Sur,comunicarse con Eliana,-,,Cerrado,25 Sep 2025,Phone,Consulta,-,Joaquina Villanueva,Comunicarse con otra área
105780,25 Sep 2025 09:33 AM,REMAQH,Asistencia para instalar Paljet Cliente,-,Asistencia para instalar Paljet Cliente,Cerrado,25 Sep 2025,Chat,Consulta,-,Micaela Gatti,Instalación de Cliente
105781,25 Sep 2025 09:38 AM,AGROPECUARIA ALMAFUERTE,Solicita instructivo para dar de alta concepto para NC financiera,-,,Cerrado,25 Sep 2025,Chat,Consulta,-,Macarena Monetta,CPR Ventas
105782,25 Sep 2025 09:47 AM,Ferretería Comercial Colón,Actualización de sistema a última versión,-,"Actualización de sistema a última versión, para poder trabajar la contabilidad por esquemas. Coordinar con el cliente.",Open,-,Chat,Actualización,-,Agustina Acosta,Actualización
105783,25 Sep 2025 09:50 AM,MERCONOR,configuración de artículos id:622 y id:621,-,,Cerrado,25 Sep 2025,Phone,Consulta,-,Joaquina Villanueva,ABM Artículos
105784,25 Sep 2025 09:55 AM,Montajes y Construcciones Quequén,Forma de pago TARJETA para comprobantes de compra,-,,Cerrado,25 Sep 2025,Chat,Consulta,-,Lautaro Bustos,CPR Compras
105785,25 Sep 2025 09:55 AM,PETROLAUQUEN,Instalación fiscal Epson TM-T900FA,-,,Cerrado,25 Sep 2025,Phone,Consulta,-,Elizabeth Alvarez,Impresoras Fiscales
105786,25 Sep 2025 09:55 AM,Samaco,Acceso al servidor de BI,-,,Cerrado,25 Sep 2025,Chat,Consulta,-,Joaquina Villanueva,BI
105787,25 Sep 2025 09:59 AM,CABLE A TIERRA,Tableros desactualizados en Power BI,-,Tableros desactualizados en Power BI,Cerrado,25 Sep 2025,Chat,Consulta,-,Micaela Gatti,BI
105788,25 Sep 2025 10:23 AM,PETROLAUQUEN,comunicarse con elizabeth,-,,Cerrado,25 Sep 2025,Phone,Consulta,-,Joaquina Villanueva,Comunicarse con Soporte
105789,25 Sep 2025 10:26 AM,LA LAGUNA MATERIALES,"Solicita instructivos del import para importar articulos nuevos, actualizar codigos de articulos y actualizar lista de precios",-,"Solicita instructivos del import para importar artículos nuevos, actualizar codigos de articulos y actualizar lista de precios",Cerrado,30 Sep 2025,Phone,Consulta,-,Leila Bonacina,PalJet Import
105790,25 Sep 2025 10:31 AM,AB CONSTRUCCIONES,Comenta que no visualiza desde el informe de proveedores las facturas- No poseía esquema de lectura,-,,Cerrado,25 Sep 2025,Chat,Consulta,-,Macarena Monetta,Esquemas
105791,25 Sep 2025 10:35 AM,Direfil,Modificar ajustes de visualización de columnas,-,,Cerrado,25 Sep 2025,Chat,Consulta,-,Lautaro Bustos,Otros temas
105792,25 Sep 2025 10:41 AM,E-Parts - Grupo Cervantes,Size Mismatch - Field CALC_DESC_EXTEND size is too small for data al realizar remito,-,,Espera del Cliente,25 Sep 2025,Phone,Consulta,-,Joaquina Villanueva,CPR Ventas
105793,25 Sep 2025 10:47 AM,LOGBELTS SRL,Consulta por envio de mail cpr proveedor,-,,Cerrado,29 Sep 2025,Email,Consulta,-,Elizabeth Alvarez,E-mail
105794,25 Sep 2025 10:48 AM,BULONERIA BELGRANO,Consulta por categoría de la lista de precios,-,"Romina consulta por categoría de la lista de precios, si era solo la nominación interna. Se le explica la función de la clasificación de las listas",Cerrado,25 Sep 2025,Phone,Consulta,-,Leila Bonacina,Lista de Precios
105795,25 Sep 2025 10:49 AM,SUMIAGRO,Eliminación de movimiento financiero,-,Eliminación de movimiento financiero,Cerrado,25 Sep 2025,Email,Consulta,-,Agostina Lozano,Eliminación de CPR
105796,25 Sep 2025 11:06 AM,TODO CAÑO,Ruta donde se guardan PDF de comprobantes de clientes,-,Ruta donde se guardan PDF de comprobantes de clientes,Cerrado,25 Sep 2025,Chat,Consulta,-,Micaela Gatti,CPR Ventas
105797,25 Sep 2025 11:12 AM,LA LAGUNA MATERIALES,consulta por instructivos ticket #105789,-,,Cerrado,25 Sep 2025,Phone,Consulta,-,Joaquina Villanueva,Consulta por ticket
105798,25 Sep 2025 11:19 AM,LA BIANCA,Visualizar descuentos en detalle de arts en reporte de comandera,-,,En Tratamiento,26 Sep 2025,Chat,Consulta,-,Lautaro Bustos,Reportes
105799,25 Sep 2025 11:24 AM,Montajes y Construcciones Quequén,Solicitud pendiente de ticket #105434,-,Solicitud pendiente de ticket #105434. Se avanza en ticket #105804,Cerrado,25 Sep 2025,Chat,Consulta,-,Micaela Gatti,Consulta por ticket
105800,25 Sep 2025 11:25 AM,PINTURERIA ARCO IRIS,El  presupuesto me imprime iva a un exento,-,El presupuesto me imprime iva a un exento,Cerrado,25 Sep 2025,Phone,Consulta,-,Leila Bonacina,Reportes
105801,25 Sep 2025 11:27 AM,EGSA,Importación de artículos proveedor no reflejan costo en lista base,-,,En Tratamiento,29 Sep 2025,Chat,Consulta,-,Lautaro Bustos,ABM Artículos
105802,25 Sep 2025 11:37 AM,E-Parts - Grupo Cervantes,Contacto con Agostina por tema en tratamiento,-,,Cerrado,25 Sep 2025,Phone,Consulta,-,Elizabeth Alvarez,Brindar Acceso
105803,25 Sep 2025 11:43 AM,CORSAN,Comenta que no comprende el cálculo del id 508- Se comento al cliente como obtiene el calculo de las columnas,-,,Cerrado,25 Sep 2025,Chat,Consulta,-,Macarena Monetta,Consultas y Herramientas
105804,25 Sep 2025 11:49 AM,Montajes y Construcciones Quequén,Incluir en script de envío de Orden de Compra Provisoria que consulte si envía comprobante - Ticket #105799,-,Incluir en script de envío de Orden de Compra Provisoria que consulte si envía comprobante - Ticket #105799,Cerrado,25 Sep 2025,Chat,Mejora,-,Micaela Gatti,Script
105805,25 Sep 2025 11:59 AM,CDR Mecánica,Contacto por llamada perdida,-,,Cerrado,25 Sep 2025,Phone,Consulta,-,Elizabeth Alvarez,Comunicarse con otra área
105806,25 Sep 2025 12:01 PM,ANDERSEN MATERIALES,"Remito anulado, debia eliminarse para que vuelva el stock",-,,Cerrado,25 Sep 2025,Phone,Consulta,-,Joaquina Villanueva,CPR Ventas
105807,25 Sep 2025 12:08 PM,PETROLAUQUEN,Solicita hablar con Elizabeth por el ticket #105785,-,Solicita hablar con Elizabeth por el ticket #105785,Cerrado,25 Sep 2025,Phone,Consulta,-,Leila Bonacina,Comunicarse con Soporte
105808,25 Sep 2025 12:32 PM,FERRARO MATERIALES,Consulta lo mismo que en ticket 105733,-,,Cerrado,25 Sep 2025,Chat,Consulta,-,Lautaro Bustos,Ticket Duplicado
105809,25 Sep 2025 12:43 PM,DISTRIBUIDORA PARA MASCOTAS,Mapa de clientes en Tablero General de PowerBI,-,,Cerrado,25 Sep 2025,Email,-,-,Paula Saavedra,-
105810,25 Sep 2025 12:45 PM,El Ranquel,Configurar talonarios y grupo a usuarios,-,,Cerrado,25 Sep 2025,Chat,Consulta,-,Eliana Barreto,Configuración de usuarios
105811,25 Sep 2025 12:53 PM,PETROLAUQUEN,Asistencia para configuración de talonarios en nueva PC,-,llamada entrante de (Agustina Petrolauquen),Cerrado,25 Sep 2025,Phone,Consulta,-,Elizabeth Alvarez,Talonario / Config. PC Talonarios
105812,25 Sep 2025 12:59 PM,HUGO MONTERO - HULRICH,Comunicación con Juan Pablo por ticket #83291,-,llamada entrante de (3433040210),Cerrado,25 Sep 2025,Phone,Consulta,-,Karen Varon,Comunicarse con otra área
105813,25 Sep 2025 01:02 PM,KALYDON TOOLS,Modificar porcentaje de descuento de condición de venta,-,"Modificar porcentaje de descuento de condición de venta Indicamos la ruta VENTAS > CONDICIONES DE VENTA, seleccionar la deseada F2 y modificar el porcentaje de descuento desde esa ventana",Cerrado,25 Sep 2025,Phone,Consulta,-,Macarena Analía Ramirez Barzola,ABM Clientes
105814,25 Sep 2025 01:31 PM,El Ranquel,Eliminar movimiento financiero con valor en efectivo,-,,Cerrado,25 Sep 2025,Chat,Consulta,-,Karen Varon,Eliminación de CPR
105815,25 Sep 2025 01:34 PM,ANDERSEN MATERIALES,Eliminar movimiento financiero,-,Buenas tardes. Solicitamos por favor eliminar el siguiente comporbante. Gracias,Cerrado,25 Sep 2025,Web,Consulta,-,Agostina Lozano,Eliminación de CPR
105816,25 Sep 2025 01:48 PM,ZENIT FERRETERIA INDUSTRIAL,Solicita hablar con Juan Acosta,-,Solicita hablar con Juan Acosta.,Cerrado,25 Sep 2025,Phone,Consulta,-,Leila Bonacina,Comunicarse con otra área
105817,25 Sep 2025 01:57 PM,SUMIAGRO,Temporales de existencias de artículos,-,Temporales de existencias de artículos,Cerrado,25 Sep 2025,Chat,Consulta,-,Micaela Gatti,Stock
105818,25 Sep 2025 02:02 PM,DISTRIBUIDORA PARA MASCOTAS,CAMBIO DE CUENTA CONTABLE A UN CONCEPTO DE SISTEMA,-,,Cerrado,25 Sep 2025,Phone,Consulta,-,Joaquina Villanueva,Sistema
105819,25 Sep 2025 02:17 PM,INTER PARTS,Reestablecer artículos compuestos (luego de realizar importación) que estaban asociados a publicaciones.,-,"Reestablecer artículos compuestos (luego de realizar importación) que estaban asociados a publicaciones. Hola Eliana, Tengo un tema MUY importante. Sabes que ayer edite las notas de Articulos en forma masiva con el import y como no pensé que era obligatorio en el archivo de importación las columnas: COMPUESTO ART_COMPUESTO_COMPONENTES COMPUESTO1 El paljet me convirtió estos artículos en simples. Ayer estuve con Joaquina de soporte llevando el tema y la única solución que me dieron fue crear Nuevos artículos compuestos, A los viejos que se convirtieron en simple le cambié el código. El tema ahora es como volver a vincularlos con BBJET ML. Aca tengo un archivo con los artículos compuestos nuevos los cuales tienen el mismo cod_art que antes de Paljet (pero se que se vinvulan por id) en una hoja y la vinculación con publicaciones y el tipo de publicación de cada una de ellas. Me podrias decir si podemos volver a revincular estos nuevos articulos con estas publicaciones y desvincular los viejos? Por favor lo antes que puedas darme una respuesta ya que me estan cayendo ventas que no descuentan stock ni puedo actualizar precios. Saludos Norberto Garcia norberto@interparts.com.ar - www.e-interparts.com.ar Tel.: (54-11) 4464-2006 / WhatsApp: +54112404-2244 Av. Gaona 1873 - Ramos Mejia (1704)- Buenos Aires",En Analisis,-,Chat,Incidente,-,Sergio Montero,ABM Artículos
105820,25 Sep 2025 02:21 PM,FEMAT ACE,Inconveniente para ingresar a Paljet network de FEMAT,-,,Cerrado,25 Sep 2025,Chat,Incidente,-,Karen Varon,Conexión
105821,25 Sep 2025 02:47 PM,RODA SERVICE,Al bajar las notas b2b baja con error dado que no respeta la totalidad de los articulos,-,"Al bajar las notas btob baja con error dado que no respeta la totalidad de los artículos, las notas son de su tienda",Cerrado,26 Sep 2025,Phone,Consulta,-,Leila Bonacina,CPR Ventas
105822,25 Sep 2025 03:16 PM,LARE SA,dar de alta chequera electronica,-,,Cerrado,25 Sep 2025,Phone,Consulta,-,Joaquina Villanueva,CPR Ventas
105823,25 Sep 2025 03:22 PM,DERGAM,Continuidad de ticket #105748,-,,Cerrado,25 Sep 2025,Chat,Consulta,-,Macarena Monetta,Ticket Duplicado
105824,25 Sep 2025 03:43 PM,KALYDON TOOLS,Se comunica Diego consulta puertos,-,"Nos indican que debido a problemas con el router tuvieron que volver abrir los puertos, se le indica que esa tarea la realiza un técnico que normalmente trabajamos con el puerto 3011",Cerrado,30 Sep 2025,Phone,Consulta,-,Leila Bonacina,Conexión
105825,25 Sep 2025 03:57 PM,FERROMUNDO,remito sin empleado válido,-,,Cerrado,25 Sep 2025,Phone,Consulta,-,Joaquina Villanueva,CPR Ventas
105826,25 Sep 2025 04:03 PM,FEMAT ACE,"Error al eliminar boleta de depósito ""hay valores asociados a otro comprobante...""",-,"Error al eliminar boleta de depósito ""hay valores asociados a otro comprobante...""",Cerrado,25 Sep 2025,Chat,Consulta,-,Macarena Analía Ramirez Barzola,Eliminación de CPR
105827,25 Sep 2025 04:31 PM,VEGA METALES,"Error ""deadlock conflict"" al realizar remito",-,llamada entrante de (3854184213),Cerrado,25 Sep 2025,Phone,Consulta,-,Karen Varon,Sistema
105828,25 Sep 2025 04:47 PM,FERROMUNDO,Consulta por leyenda en un comprobante,-,,Cerrado,25 Sep 2025,Phone,Consulta,-,Elizabeth Alvarez,CPR Compras
105829,25 Sep 2025 04:49 PM,MAXILIMP,Cambiar utilidad masivamente en listas de precios,-,,Cerrado,25 Sep 2025,Chat,Consulta,-,Karen Varon,Lista de Precios
105830,25 Sep 2025 05:56 PM,Ferretería Comercial Colón,Ver en que comprobantes se ha utilizado un impuesto,-,Ver en que comprobantes se ha utilizado un impuesto,Cerrado,25 Sep 2025,Chat,Consulta,-,Macarena Analía Ramirez Barzola,Consultas y Herramientas
105831,25 Sep 2025 06:06 PM,E-Parts Franquicia San Luis,Distinguir en reporte de remito cuando sea por devolucion de mercaderias,-,llamada entrante de (1162044193),Cerrado,26 Sep 2025,Phone,Requerimiento,-,Karen Varon,Reportes
105832,25 Sep 2025 06:36 PM,EL GURI,Restringir para que usuarios no puedan modificar precios al seleccionar artículos en comprobantes,-,,Cerrado,25 Sep 2025,Chat,Consulta,-,Karen Varon,Menú Empresa y formularios
105833,25 Sep 2025 06:43 PM,VEGA METALES,Insufficient memory for this operation,-,Insufficient memory for this operation,Cerrado,25 Sep 2025,Chat,Consulta,-,Macarena Analía Ramirez Barzola,Otros temas
105834,25 Sep 2025 06:47 PM,FERROMUNDO,Error en ingreso al sistema desde todas las PC que se conectan al capa 3 --,-,Error en ingreso al sistema desde todas las PC que se conectan al capa 3 --,Cerrado,25 Sep 2025,Phone,Consulta,-,Macarena Analía Ramirez Barzola,Servidores
105835,25 Sep 2025 07:05 PM,SANTA RITA,Comunicación con Germán por backup que se copia en pc de Silvana,-,llamada entrante de (3521402146),Cerrado,25 Sep 2025,Phone,Consulta,-,Karen Varon,Comunicarse con otra área
105836,25 Sep 2025 07:28 PM,Freezar Congelados,Error en ingreso al sistema,-,Error en ingreso al sistema,Cerrado,25 Sep 2025,Chat,Consulta,-,Macarena Analía Ramirez Barzola,Servidores
105837,25 Sep 2025 08:11 PM,CALZADOS BETER,Reunión,-,,Cerrado,30 Sep 2025,Email,Consulta,-,Jésica Leguiza,Otros temas
105838,25 Sep 2025 10:17 PM,ZC HERRAMENTAL,Modificación Reporte Nota de Pedido,-,"Hola, quería solicitarles modificar el reporte de Nota de pedido el cual se imprime como Copia de Uso Interno. Para que en el lugar donde está el Orden de Recorrido Numérico, reemplazarlo por el Orden de recorrido ALFA NUMERICO. Gracias",Cerrado,26 Sep 2025,Web,Mejora,-,Lautaro Bustos,Reportes
105839,26 Sep 2025 07:25 AM,EL SURCO,Factura esquema 2 punto de vta.137,-,,Cerrado,26 Sep 2025,Email,Consulta,-,Lautaro Bustos,Reportes
105840,26 Sep 2025 08:07 AM,MATERIALES CENTRO,Solicita contacto con Lautaro por ticket #105743,-,,Cerrado,26 Sep 2025,Phone,Consulta,-,Micaela Gatti,Comunicarse con Soporte
105841,26 Sep 2025 08:10 AM,DISTRIBUIDORA LA T,Comenta que tiene desactualizado los tableros de BI,-,,Cerrado,26 Sep 2025,Chat,Consulta,-,Macarena Monetta,BI
105842,26 Sep 2025 08:20 AM,YAPUR,Seguimiento de ordenes de compra,-,Seguimiento de ordenes de compra,Cerrado,26 Sep 2025,Chat,Consulta,-,Macarena Analía Ramirez Barzola,Consultas y Herramientas
105843,26 Sep 2025 08:22 AM,FERRETEC,Error al solicitar cae- La pc no era compilada para factura electrónica,-,,Cerrado,26 Sep 2025,Chat,Consulta,-,Macarena Monetta,Factura electrónica
105844,26 Sep 2025 08:47 AM,LA Distribuciones,Extensión de licencia para Paljet ERP,-,llamada entrante de (3436219821),Cerrado,26 Sep 2025,Phone,Consulta,-,Karen Varon,Licencia / Modulo
105845,26 Sep 2025 08:58 AM,EL MAGO,Solicita configuración de impresora fiscal HASAR en una  nueva pc,-,,Cerrado,26 Sep 2025,Chat,Consulta,-,Macarena Monetta,Impresoras Fiscales
105846,26 Sep 2025 09:01 AM,YAPUR,quitar a grupo de usuario el permiso de eliminar comprobantes,-,,Cerrado,26 Sep 2025,Chat,Consulta,-,Joaquina Villanueva,Sistema
105847,26 Sep 2025 09:12 AM,ROUTER,Modificar familia de un conjunto de artículos y alta de familias,-,Modificar familia de un conjunto de artículos y alta de familias,Cerrado,26 Sep 2025,Chat,Consulta,-,Macarena Analía Ramirez Barzola,ABM Artículos
105848,26 Sep 2025 09:15 AM,E- Parts Franquicia Chajarí,Consulta por ticket #104883,-,,Cerrado,26 Sep 2025,Phone,Consulta,-,Micaela Gatti,Consulta por ticket
105849,26 Sep 2025 09:18 AM,Corralón Kalama,Consulta por ticket #103882,-,,Cerrado,26 Sep 2025,Phone,Consulta,-,Micaela Gatti,Consulta por ticket
105850,26 Sep 2025 09:23 AM,Ferretotal,Probando contra reembolso,-,,Cerrado,29 Sep 2025,Email,Consulta,-,Eliana Barreto,CPR Ventas
105851,26 Sep 2025 09:25 AM,MATERIALES CENTRO,Actualización masiva de límite de créditos,-,,Cerrado,26 Sep 2025,Phone,Consulta,-,Elizabeth Alvarez,Consultas y Herramientas
105852,26 Sep 2025 09:30 AM,TINAGRO,Solicita contacto con Eliana Barreto,-,Solicita contacto con Eliana Barreto,Cerrado,26 Sep 2025,Phone,Consulta,-,Micaela Gatti,Comunicarse con otra área
105853,26 Sep 2025 09:35 AM,EL SURCO,Asistencia para configuraciones en PC con Fa Elect.,-,,Cerrado,26 Sep 2025,Phone,Consulta,-,Elizabeth Alvarez,Factura electrónica
105854,26 Sep 2025 09:40 AM,EL REY DEL CABLE,Diferencia de precios con BtoB en aplicación de descuento,-,El precio final que da al aplicar un 18% de descuento en el artículo no es correcto,Cerrado,26 Sep 2025,Phone,Consulta,-,Agostina Lozano,BBJet BtoB
105855,26 Sep 2025 09:49 AM,TINAGRO,Apertura puerto 3011,-,Apertura puerto 3011,Cerrado,26 Sep 2025,Phone,Consulta,-,Eliana Barreto,Servidores
105856,26 Sep 2025 09:51 AM,Etsol,Envío de cv (para rrhh),-,,Cerrado,26 Sep 2025,Email,Consulta,-,Karen Varon,Otros temas
105857,26 Sep 2025 09:56 AM,MARTINEZ ESCALADA,"Visualizar conceptos de sistema, cuentas contables asociadas",-,,Cerrado,01 Oct 2025,Email,Consulta,-,Karen Varon,Sistema
105858,26 Sep 2025 09:59 AM,ZC HERRAMENTAL,Solicita contacto con Lautaro por ticket #96688,-,llamada entrante de (1130424965) Llama Federico Dejamos mensaje a Lautaro para cuando ingrese a las 12hs,Cerrado,26 Sep 2025,Phone,Consulta,-,Agostina Lozano,Comunicarse con Soporte
105859,26 Sep 2025 10:06 AM,CALZADOS BETER,"Error ""para poder solicitar un crédito, la persona que realiza la operación debe estar habilitada"" al seleccionar adherente en factura",-,,Cerrado,01 Oct 2025,Email,Consulta,-,Karen Varon,CPR Ventas
105860,26 Sep 2025 10:10 AM,LOGBELTS SRL,Comprobante pendiente de solicitar CAE en -1,-,Comprobante pendiente de solicitar CAE en -1,Cerrado,26 Sep 2025,Phone,Consulta,-,Micaela Gatti,CPR Ventas
105861,26 Sep 2025 10:12 AM,Etsol,Error al insertar reportes (en versión 9.0.7),-,Error al insertar reportes (en versión 9.0.7),En Analisis,-,Chat,Incidente,-,Jésica Leguiza,Reportes
105862,26 Sep 2025 10:24 AM,Valeant S.R.L.,Quitar control de stock en facturas,-,"llamada entrante de (1150201598) Llama Bruno Mostramos propiedades que controlan stock y disponibilidad , id 4 y 41 , ya que desea que no saque cartel de control",Cerrado,26 Sep 2025,Phone,Consulta,-,Agostina Lozano,CPR Ventas
105863,26 Sep 2025 10:39 AM,CERAMICA NORTE,Configuración de artículos con su venta en metros fraccionados,-,,En Tratamiento,-,Phone,Consulta,-,Elizabeth Alvarez,ABM Artículos
105864,26 Sep 2025 10:47 AM,E-Parts - Grupo Cervantes,Cargar comprobante ya fiscalizado,-,Cargar comprobante ya fiscalizado,Cerrado,26 Sep 2025,Phone,Consulta,-,Micaela Gatti,CPR Ventas
105865,26 Sep 2025 10:49 AM,KILOWATT,dar de alta articulo . Codigo ya existente,-,,Cerrado,26 Sep 2025,Chat,Consulta,-,Joaquina Villanueva,ABM Artículos
105866,26 Sep 2025 10:56 AM,NESTOR SIGOT S.A.,Problema asignación vendedor.,-,Problema asignación vendedor.,Espera del Cliente,26 Sep 2025,Email,Consulta,-,Macarena Analía Ramirez Barzola,Script
105867,26 Sep 2025 10:59 AM,E-Parts - Grupo Cervantes,Modificación de configuración pc - talonario,-,llamada entrante de (2615664475) Llama Nelson Indicamos pasos para asociar config pc talonario a usuario,Cerrado,26 Sep 2025,Phone,Consulta,-,Agostina Lozano,Talonario / Config. PC Talonarios
105868,26 Sep 2025 11:00 AM,RIGELEC,"Error ""no se puede imputar comprobantes de diferentes monedas""",-,llamada entrante de (3454219940),Cerrado,26 Sep 2025,Phone,Consulta,-,Karen Varon,CPR Ventas
105869,26 Sep 2025 11:01 AM,EL BOLSÓN MATERIALES,Solicita extender vencimiento de licencias,-,,Cerrado,26 Sep 2025,Chat,Consulta,-,Macarena Monetta,Licencia / Modulo
105870,26 Sep 2025 11:03 AM,Samaco,Contacto con Karen por ticket #105640,-,,Cerrado,26 Sep 2025,Phone,Consulta,-,Elizabeth Alvarez,Comunicarse con Soporte
105871,26 Sep 2025 11:04 AM,TOYO NQN,"Error ""Expression expected but nothing found"" al cargar cheque propio en orden de pago",-,"Error ""Expression expected but nothing found"" al cargar cheque propio en orden de pago",Cerrado,26 Sep 2025,Chat,Consulta,-,Macarena Analía Ramirez Barzola,CPR Compras
105872,26 Sep 2025 11:05 AM,El Ranquel,"error de cae, diferencias de iva",-,,Cerrado,26 Sep 2025,Chat,Consulta,-,Joaquina Villanueva,Factura electrónica
105873,26 Sep 2025 11:23 AM,Total Caño,"Sistema tildado, reinicio de servicios --",-,"llamada entrante de (3834546060) Llama Camila El sistema estaba tildado, cerramos todo, reiniciamos servicios y quedó en correcto funcionamiento nuevamente",Cerrado,26 Sep 2025,Phone,Consulta,-,Agostina Lozano,Servidores
105874,26 Sep 2025 11:26 AM,ROSTOCK,Consulta manera de configurar que domicilio del cliente sale en un comprobante,-,,Cerrado,26 Sep 2025,Chat,Consulta,-,Macarena Monetta,Sistema
105875,26 Sep 2025 11:27 AM,Gromax,Talonario para no fiscal de crédito proveedor,-,Talonario para no fiscal de crédito proveedor,Cerrado,26 Sep 2025,Phone,Consulta,-,Micaela Gatti,Talonario / Config. PC Talonarios
105876,26 Sep 2025 11:37 AM,RIGELEC,Control de moneda en la emisión de comprobantes.,-,Buen día Se podría establecer un control de circuitos de comprobante Me interesaria que el circuito: - Factura(estandar)->NC(por dev de mercaderia) se pueda realizar solo en la moneda Dolar Quedo a la espera Saludos,En Analisis,-,Web,Requerimiento,-,Elizabeth Alvarez,Script
105877,26 Sep 2025 11:40 AM,IOMAQ,Acomodar saldos de proveedor con no fiscales,-,Acomodar saldos de proveedor con no fiscales,Cerrado,26 Sep 2025,Chat,Consulta,-,Macarena Analía Ramirez Barzola,CPR Compras
105878,26 Sep 2025 11:43 AM,GUIDOLI FLORIO,Consulta por calculo de percepciones en clientes,-,llamada entrante de (3625247918),Cerrado,26 Sep 2025,Phone,Consulta,-,Karen Varon,Percepciones y retenciones
105879,26 Sep 2025 11:47 AM,BULONERIA BELGRANO,Modificar porcentaje de descuento límite permitido para lista L. EMPRESAS a -10%,-,,Cerrado,26 Sep 2025,Phone,Mejora,-,Micaela Gatti,Script
105880,26 Sep 2025 11:53 AM,TECNOMAQ,Error en solicitud de CAE - Consecutividad de fecha,-,llamada entrante de (3514773777) Llama Antonio Mostramos como corregir la numeración del comprobante electrónico para que sea correlativo con el último autorizado y así poder solicitar cae,Cerrado,26 Sep 2025,Phone,Consulta,-,Agostina Lozano,Factura electrónica
105881,26 Sep 2025 11:59 AM,DISTRIBUIDORA PARA MASCOTAS,leer codigos EAN con la camara del celular desde BBJet Pretium,-,,Cerrado,29 Sep 2025,Chat,Requerimiento,-,Joaquina Villanueva,BBJet Pretium
105882,26 Sep 2025 12:05 PM,FEMAT ACE,Discriminar percepciones según jurisdicción en reporte de impresión de Facturas,-,,En Analisis,-,Phone,Mejora,-,Maricel Oronoz,Reportes
105883,26 Sep 2025 12:09 PM,ARCOIRIS PINTURERIA,No puede solicitar CAE porque NC se hizo con situación ante IVA diferente de FA,-,,Cerrado,26 Sep 2025,Email,Consulta,-,Juan Acosta,Factura electrónica
105884,26 Sep 2025 12:17 PM,ARCOIRIS PINTURERIA,Agrandar tamaño de etiqueta de precios y montos para que salgan completos,-,,Cerrado,29 Sep 2025,Email,Mejora,-,Juan Acosta,Reportes
105885,26 Sep 2025 12:18 PM,ARCOIRIS PINTURERIA,Configurar que los precios salgan sin IVA en reporte,-,,Espera del Cliente,-,Email,Mejora,-,Juan Acosta,Reportes
105886,26 Sep 2025 12:22 PM,ARCOIRIS PINTURERIA,Desarrollo de reporte de remito de movimiento de mercadería,-,,Espera Aprobacion Presupuesto,-,Email,Mejora,-,Juan Acosta,Reportes
105887,26 Sep 2025 12:27 PM,LA LAGUNA MATERIALES,Solicita extensión de vencimiento de licencias,-,,Cerrado,26 Sep 2025,Chat,Consulta,-,Macarena Monetta,Licencia / Modulo
105888,26 Sep 2025 12:28 PM,El Ranquel,acomodar numeración en talonario,-,,Cerrado,26 Sep 2025,Chat,Consulta,-,Joaquina Villanueva,Herramientas
105889,26 Sep 2025 12:29 PM,FERRETEC,"Error ""no se encontró el artículo en la lista base"" al hacerle doble click",-,"Error ""no se encontró el artículo en la lista base"" al hacerle doble click",Cerrado,26 Sep 2025,Chat,Consulta,-,Macarena Analía Ramirez Barzola,ABM Artículos
105890,26 Sep 2025 12:42 PM,RODA SERVICE,Continuidad del ticket #105821 las notas de pedido b2b no bajan completas,-,Continuidad del ticket #105821 las notas de pedido b2b no bajan completas,En Tratamiento,-,Email,Consulta,-,Leila Bonacina,CPR Ventas
105891,26 Sep 2025 12:42 PM,TODO CAÑO,Consulta para realizar filtro peronalizado en la consulta de saldo de cliente- Chat sin continuidad del cliente,-,,Cerrado,26 Sep 2025,Chat,Consulta,-,Macarena Monetta,ABM Clientes
105892,26 Sep 2025 12:59 PM,REMAQH,Error de CAE  por falta de DNI en consumidor final y por factura con mas de 5 días,-,Error de CAE por falta de DNI en consumidor final y por factura con mas de 5 días,Cerrado,26 Sep 2025,Chat,Consulta,-,Macarena Analía Ramirez Barzola,Factura electrónica
105893,26 Sep 2025 01:00 PM,ANGACO MATERIALES,Como ingresar factura de proveedor sin que impacte al sistema,-,"Andrés nos indicó que, al realizar una compra a un proveedor, con o sin orden de compra, al recibir la factura (que puede emitirse hasta con dos semanas de antelación) ingresarla en el sistema sin que afecte el stock. Posteriormente, al recibir la mercadería, la intención es que, mediante un comprobante, se realice el ingreso de la mercadería al stock. Asimismo, señaló que no estaría funcionando correctamente el control de existencias de los artículos. Como ejemplo mencionó el artículo 15830, que sí controla el recorrido de existencias, mientras que el artículo Loma Negra Cemento no estaría realizando dicho control.",En Tratamiento,-,Phone,Consulta,-,Leila Bonacina,CPR Compras
105894,26 Sep 2025 01:06 PM,ARCOIRIS PINTURERIA,Consultas que muestren percepciones y retenciones de IVA soportadas,-,,Cerrado,29 Sep 2025,Email,Consulta,-,Juan Acosta,Impositivas
105895,26 Sep 2025 01:32 PM,Samaco,Visualizar existencias pantalla de presup ventas,-,,Cerrado,26 Sep 2025,Email,Consulta,-,Karen Varon,CPR Ventas
105896,26 Sep 2025 01:32 PM,Calabria Aceros,"Error ""no posee disponibilidad suficientes"" al realizar remito a partir de factura",-,llamada entrante de (CELINA),Cerrado,26 Sep 2025,Phone,Consulta,-,Karen Varon,CPR Ventas
105897,26 Sep 2025 01:38 PM,DISTRIBUIDORA SENCO,Comenta que no visualiza dos recibos que provienen de mobile para imputar en un a cuenta corriente- Los mismos estaban con condición Contado,-,Comenta que no visualiza dos recibos que provienen de mobile para imputar en un a cuenta corriente- Los mismos estaban con condición Contado,Cerrado,26 Sep 2025,Phone,Consulta,-,Macarena Monetta,BBJet Mobile
105898,26 Sep 2025 01:44 PM,FERRETERÍA ARGENTINA ESQUEL,Vinculación sistema logísticos de diferentes servidores,-,"Buenas tardes. Nosotros tenemos actualmente servidores físicos con módulos de logistica separados en cada sucursal, (Esquel y Trevelin). Hicimos un nuevo centro de distribución entre ambas ciudades, cuyo depósito se vinculo a ESquel. Ahora queremos contralizar los repartos de mercaderia tanto de esquel como de trevelin desde ese centro de distribución. ¿Existe alguna vinculación que pueda hacer para traer las solicitudes de despacho o remitos a Esquel?, imprimirlos en Esquel, no en Trevelin. Aguardo comentarios, Saludos, Gte. Nahuel MAteo Ferreteria Argentina SRL",Cerrado,26 Sep 2025,Web,Consulta,-,Macarena Analía Ramirez Barzola,Logística
105899,26 Sep 2025 02:16 PM,EL REY DEL CABLE,Solicita contacto con Agostina por ticket #105854,-,,Cerrado,26 Sep 2025,Phone,Consulta,-,Micaela Gatti,Comunicarse con otra área
105900,26 Sep 2025 02:49 PM,MERCONOR,Consulta por actualización de datos automática/manual en Mobiliza - Paljet,-,,En Analisis,29 Sep 2025,Phone,Requerimiento,-,Lautaro Bustos,Integraciones
105901,26 Sep 2025 03:01 PM,ZC HERRAMENTAL,Aporta info para ticket #105181,-,,Cerrado,26 Sep 2025,Phone,Consulta,-,Lautaro Bustos,Ticket Duplicado
105902,26 Sep 2025 03:27 PM,FERRARIS,Solicita instructivo para realizar instalación de nueva pc,-,,Cerrado,26 Sep 2025,Chat,Consulta,-,Macarena Monetta,Conexión PC/Infraestructura
105903,26 Sep 2025 03:36 PM,MATERIALES PARANA,Aviso de pedido de archivo CVS para Portal de IVA,-,,Cerrado,26 Sep 2025,Chat,Consulta,-,Joaquina Villanueva,Factura electrónica
105904,26 Sep 2025 03:50 PM,CALZADOS BETER,Venta en BtoC no tiene en cuenta costo de envío,-,,En Analisis,-,Chat,Incidente,-,Lautaro Bustos,Tienda BtoC
105905,26 Sep 2025 03:51 PM,MARCHAL,"Al cargar usuario en FA y abrirlo, abre informe de otro cliente",-,,Cerrado,26 Sep 2025,Chat,Consulta,-,Lautaro Bustos,Sin respuesta
105906,26 Sep 2025 04:03 PM,ROUTER,Configurar proxy inverso en nginx,-,,En Analisis,-,Email,Infraestructura,-,Germán Dachary,Servidores
105907,26 Sep 2025 04:14 PM,ANDERSEN MATERIALES,Eliminar comprobante de compra,-,"BUENAS TARDES, POR FAVOR ELIMINAR EL SIGUIENTE MOVIMIENTO GRACIAS",Cerrado,-,Web,Consulta,-,Agostina Lozano,CPR Compras
105908,26 Sep 2025 04:16 PM,DISTRIBUIDORA SUR,Consulta la diferencia entre la factura mostrador y alternativa,-,"Consulta la diferencia entre la factura mostrador y estándar, dado que emitio. tambien si es posible cargar comprobantes A en las facturas mostradores y si muestra las percepciones.",Cerrado,30 Sep 2025,Chat,Consulta,-,Leila Bonacina,CPR Ventas
105909,26 Sep 2025 04:18 PM,YAPUR,dudas sobre el ticket #105625,-,,Cerrado,26 Sep 2025,Chat,Consulta,-,Joaquina Villanueva,Consulta por ticket
105910,26 Sep 2025 04:19 PM,SIA,Error no databases are listed transaction component en orden de compra,-,Error no databases are listed transaction component en orden de compra. Se le pide que cierre el paljet y lo vuelva abrir indicando que el error se debe a que otro usuario puede estar editando el articulo. Confirma que queda solucionado.,Cerrado,26 Sep 2025,Phone,Consulta,-,Leila Bonacina,CPR Compras
105911,26 Sep 2025 04:26 PM,RODAMIENTOS CURUZÚ,Reporte de factura no muestra descripción actual de artículos,-,Reporte de factura no muestra descripción actual de artículos,Cerrado,26 Sep 2025,Phone,Consulta,-,Lautaro Bustos,Reportes
105912,26 Sep 2025 04:30 PM,NARCISI,"Requiere consulta que devuelva cprs de venta, cant. de items y vendedor",-,,Cerrado,30 Sep 2025,Chat,Requerimiento,-,Lautaro Bustos,Consultas y Herramientas
105913,26 Sep 2025 04:31 PM,MAXILIMP,Como puedo ver que usuario dio de alta un cliente,-,"Como puedo ver que usuario dio de alta un cliente, se le indicó que con la consulta 135, también consulta forma de que se asigne el vendedor por defecto.",Cerrado,26 Sep 2025,Chat,Consulta,-,Leila Bonacina,Consultas y Herramientas
105914,26 Sep 2025 04:50 PM,El Ranquel,Configuración pc-talonario,-,Pasamos instructivo con los pasos para el alta de la configuración,Cerrado,29 Sep 2025,Chat,Consulta,-,Agostina Lozano,Talonario / Config. PC Talonarios
105915,26 Sep 2025 05:04 PM,DISSER,Alejandro indica que no encuentra el backup,-,Alejandro indica que no encuentra el backup,Cerrado,26 Sep 2025,Phone,Consulta,-,Leila Bonacina,--Ninguna--
105916,26 Sep 2025 05:08 PM,Piragini Motorepuestos,"Habilitar menú ""Existencias"" a usuario FACUNDO",-,"Habilitar menú ""Existencias"" a usuario FACUNDO",Cerrado,26 Sep 2025,Phone,Consulta,-,Lautaro Bustos,Menú Empresa y formularios
105917,26 Sep 2025 05:48 PM,EL GURI,Solicita un reporte para imprimir los procesamientos de comprobantes,-,Solicita un reporte para imprimir los procesamientos de comprobantes,En Analisis,-,Chat,Requerimiento,-,Leila Bonacina,Reportes
105918,26 Sep 2025 06:04 PM,Ferretería del Norte,No le imprime por impresora fiscal error no existe servidor de impresión en la ip 192.168.0.64,-,No le imprime por impresora fiscal error no existe servidor de impresión en la ip 192.168.0.64,Cerrado,26 Sep 2025,Phone,Consulta,-,Leila Bonacina,Impresoras Fiscales
105919,26 Sep 2025 06:16 PM,YAPUR,Eliminar NC en esq. electrónico vía DB,-,,En Analisis,01 Oct 2025,Chat,Requerimiento,-,Lautaro Bustos,CPR Ventas
105920,26 Sep 2025 07:02 PM,ANPAU,Copiar y pegar textos de pie de grilla,-,Copiar y pegar textos de pie de grilla,Cerrado,26 Sep 2025,Phone,Consulta,-,Lautaro Bustos,Consultas y Herramientas
105921,26 Sep 2025 07:07 PM,BOURLOT,Error al generar dos partes de caja  comprobante en -1,-,Error al generar dos partes de caja comprobantes en -1. Se ingreso y se identificaron los movimientos para que puedan eliminarlos y reprocesarlos,Cerrado,26 Sep 2025,Phone,Consulta,-,Leila Bonacina,Caja
105922,26 Sep 2025 07:14 PM,Piragini Motorepuestos,Consulta de que forma puede visulzar los stock que posee en deposito,-,"Se le indica desde inventario>comprobantes> comprobantes, a realizar la consulta, también a exportar los datos a excell y poder realizar si lo requiere posteriormente el ajuste.",Cerrado,26 Sep 2025,Phone,Consulta,-,Leila Bonacina,Inventario
105923,27 Sep 2025 09:17 AM,Lubricentro Goya,chat sabado,-,,Cerrado,27 Sep 2025,Chat,Consulta,-,Joaquina Villanueva,Sábado
105924,27 Sep 2025 09:29 AM,Lubricentro Goya,No actualiza/sincroniza el stock desde Mercado LIBRE y Paljet,-,"El cliente manifiesta que debe corregir y sincronizar manualmente las publicaciones con e stock, ya que no lo realiza automáticamente. Esto le ha generado perder la reputación de publicaciones.",Espera del Cliente,-,Phone,Consulta,-,Joaquina Villanueva,BBJet ML
105925,27 Sep 2025 09:52 AM,LA BIANCA,Diferencia en los resultados que arroja la consulta ID:140,-,Lorena nos indica que presenta diferencias respecto a la consulta ID:140 con respecto a la consulta de saldos del cliente id:132 Conmora. Se le indica que es día lunes se le brindara el tratamiento y respectiva respuesta.,Cerrado,01 Oct 2025,Phone,Consulta,-,Leila Bonacina,Consultas y Herramientas
105926,27 Sep 2025 10:13 AM,EL MAGO,chat sabado,-,,Cerrado,27 Sep 2025,Chat,Consulta,-,Joaquina Villanueva,Sábado
105927,27 Sep 2025 10:37 AM,EL SURCO,"Error de CAE ""access violation"" relacionado a ticket #105762 y #105701",-,"Error de CAE ""access violation"" relacionado a ticket #105762 y #105701",Cerrado,27 Sep 2025,Phone,Consulta,-,Macarena Analía Ramirez Barzola,Factura electrónica
105928,27 Sep 2025 10:57 AM,EL SURCO,Creación de nuevos prestamos,-,,Open,29 Sep 2025,Email,Consulta,-,Eliana Barreto,Liquidaciones
105929,27 Sep 2025 11:21 AM,MOSAICOS CHAJARÍ,CONSULTA ERROR CARTEL REPARTOS,-,,Espera del Cliente,-,Email,Consulta,-,Joaquina Villanueva,Logística
105930,27 Sep 2025 11:43 AM,CASA CARLITOS,solicitar cae de comprobantes,-,,Cerrado,27 Sep 2025,Phone,Consulta,-,Joaquina Villanueva,Factura electrónica
105931,27 Sep 2025 12:07 PM,VEGA METALES,Connection rejected by remote interface --,-,,Cerrado,27 Sep 2025,Phone,Incidente,-,Lautaro Bustos,Servidores
105932,27 Sep 2025 12:20 PM,BULONERIA BELGRANO,Consulta como puede realizar un recargo en los cheques segun si se cobran a 30 60 90 dias,-,Se indico que podría crearse una condición de venta con esos nombre y el recargo correspondiente asignándolas al cliente,Espera del Cliente,29 Sep 2025,Phone,Requerimiento,-,Leila Bonacina,CPR Ventas
105933,27 Sep 2025 12:22 PM,BULONERIA BELGRANO,carga de interes al seleccionar forma de pago cheque,-,,Cerrado,29 Sep 2025,Phone,Consulta,-,Joaquina Villanueva,CPR Ventas
105934,27 Sep 2025 12:52 PM,ANDERSEN MATERIALES,Gestión de valores,-,"Buenas tardes, no estoy udiendo gestionar valores de banco porque me arroja el siguiente mensaje",Cerrado,29 Sep 2025,Web,Consulta,-,Joaquina Villanueva,Banco
105935,27 Sep 2025 01:04 PM,ANGACO MATERIALES,Consulta para descargar el paljet import en otra pc dado que no puede acceder al servidor.,-,Consulta para descargar el paljet import en otra pc dado que no puede acceder al servidor.,Cerrado,27 Sep 2025,Phone,Consulta,-,Leila Bonacina,Instalación de Cliente
105936,28 Sep 2025 12:07 PM,DRYMAX,Demo,-,"Estimados buen día. El motivo de mi contacto es que Drymax oportunamente adquirió licencias y estuvo haciendo uso de PalJet ERP, pero debimos alejarnos del rubro por diferentes razones. Actualmente nos encontramos en pleno proceso de relanzamiento de nuestro negocio de venta de materiales de construcción y pinturería por lo que estamos en la búsqueda nuevamente de un ERP que nos facilite el control y manejo del giro comercial de la empresa. Para tal fin quisiéramos retomar conversaciones con ustedes para tener la posibilidad de organizar una Demo y evaluar opciones y formas de contratación actual. Agradeciendo desde ya su tiempo, quedamos a la espera de una respuesta. Saludos cordiales, Marcelo Plana +54-9-264-5053043",Cerrado,29 Sep 2025,Web,-,-,Alejandro Silva,-
105937,29 Sep 2025 08:25 AM,SIA,"""Error alguna de las publicación que esta en Mercado Libre no se encuentra vinculado con bbjet_ml o bien alguna de sus variantes no fue encontrada""",-,Buenos días. Les habla Luciana por la empresa Servitools. Les detallo las ordenes con los errores encontrados. No hubo cambios en los artículos. Verifique que estén vinculados y está todo ok pero no me deja procesarlas. 26/09 Órden: 2000013177699028 - Información de ordenes pertenecientes al deposito: 1 (deposito por defecto) *Detalles: Error alguna de las publicación que esta en Mercado Libre no se encuentra vinculado con bbjet_ml o bien alguna de sus variantes no fue encontrada 26/09 Órden: 2000013178066772 - Información de ordenes pertenecientes al deposito: 1 (deposito por defecto) *Detalles: Error alguna de las publicación que esta en Mercado Libre no se encuentra vinculado con bbjet_ml o bien alguna de sus variantes no fue encontrada 26/09 Órden: 2000013178545480 - Información de ordenes pertenecientes al deposito: 6 (deposito por defecto) *Detalles: Error alguna de las publicación que esta en Mercado Libre no se encuentra vinculado con bbjet_ml o bien alguna de sus variantes no fue encontrada 26/09 Órden: 2000013181965942 - Información de ordenes pertenecientes al deposito: 1 (deposito por defecto) *Detalles: Error alguna de las publicación que esta en Mercado Libre no se encuentra vinculado con bbjet_ml o bien alguna de sus variantes no fue encontrada 26/09 Órden: 2000013183177580 - Información de ordenes pertenecientes al deposito: 1 (deposito por defecto) *Detalles: Error alguna de las publicación que esta en Mercado Libre no se encuentra vinculado con bbjet_ml o bien alguna de sus variantes no fue encontrada 26/09 Órden: 2000013183508290 - Información de ordenes pertenecientes al deposito: 1 (deposito por defecto) *Detalles: Error alguna de las publicación que esta en Mercado Libre no se encuentra vinculado con bbjet_ml o bien alguna de sus variantes no fue encontrada 26/09 Órden: 2000013183951696 - Información de ordenes pertenecientes al deposito: 1 (deposito por defecto) *Detalles: Error alguna de las publicación que esta en Mercado Libre no se encuentra vinculado con bbjet_ml o bien alguna de sus variantes no fue encontrada 26/09 Órden: 2000013183955522 - Información de ordenes pertenecientes al deposito: 1 (deposito por defecto) *Detalles: Error alguna de las publicación que esta en Mercado Libre no se encuentra vinculado con bbjet_ml o bien alguna de sus variantes no fue encontrada 26/09 Órden: 2000013183983830 - Información de ordenes pertenecientes al deposito: 1 (deposito por defecto) *Detalles: Error alguna de las publicación que esta en Mercado Libre no se encuentra vinculado con bbjet_ml o bien alguna de sus variantes no fue encontrada 26/09 Órden: 2000013184093592 - Información de ordenes pertenecientes al deposito: 1 (deposito por defecto) *Detalles: Error alguna de las publicación que esta en Mercado Libre no se encuentra vinculado con bbjet_ml o bien alguna de sus variantes no fue encontrada 26/09 Órden: 2000013184560414 - Información de ordenes pertenecientes al deposito: 1 (deposito por defecto) *Detalles: Error alguna de las publicación que esta en Mercado Libre no se encuentra vinculado con bbjet_ml o bien alguna de sus variantes no fue encontrada 26/09 Órden: 2000013185946366 - Información de ordenes pertenecientes al deposito: 1 (deposito por defecto) *Detalles: Error alguna de las publicación que esta en Mercado Libre no se encuentra vinculado con bbjet_ml o bien alguna de sus variantes no fue encontrada 27/09 Órden: 2000013188377380 - Información de ordenes pertenecientes al deposito: 6 (deposito por defecto) *Detalles: Error alguna de las publicación que esta en Mercado Libre no se encuentra vinculado con bbjet_ml o bien alguna de sus variantes no fue encontrada 27/09 Órden: 2000013188933196 - Información de ordenes pertenecientes al deposito: 6 (deposito por defecto) *Detalles: Error alguna de las publicación que esta en Mercado Libre no se encuentra vinculado con bbjet_ml o bien alguna de sus variantes no fue encontrada 27/09 Órden: 2000013189322014 - Información de ordenes pertenecientes al deposito: 1 (deposito por defecto) *Detalles: Error alguna de las publicación que esta en Mercado Libre no se encuentra vinculado con bbjet_ml o bien alguna de sus variantes no fue encontrada 27/09 Órden: 2000013190851626 - Información de ordenes pertenecientes al deposito: 6 (deposito por defecto) *Detalles: Error alguna de las publicación que esta en Mercado Libre no se encuentra vinculado con bbjet_ml o bien alguna de sus variantes no fue encontrada 27/09 Órden: 2000013191846394 - Información de ordenes pertenecientes al deposito: 1 (deposito por defecto) *Detalles: Error alguna de las publicación que esta en Mercado Libre no se encuentra vinculado con bbjet_ml o bien alguna de sus variantes no fue encontrada 27/09 Órden: 2000013195262030 - Información de ordenes pertenecientes al deposito: 6 (deposito por defecto) *Detalles: Error alguna de las publicación que esta en Mercado Libre no se encuentra vinculado con bbjet_ml o bien alguna de sus variantes no fue encontrada,En Tratamiento,30 Sep 2025,Web,Requerimiento,-,Eliana Barreto,BBJet ML
105938,29 Sep 2025 08:39 AM,ANDERSEN MATERIALES,Problemas para eliminar comprobante,-,Buenos dpias. NO estoy pudiendo eliminar un comprobante porque me arroja un mensaje de error en cuanto al período. Estimo que que tiene relación con otro ticket que tuve que cargar el sabado (ticket 105934),Cerrado,29 Sep 2025,Web,Consulta,-,Elizabeth Alvarez,Eliminación de CPR
105939,29 Sep 2025 08:39 AM,ANDERSEN MATERIALES,Informe de rentabilidad en período de tiempo,-,,Cerrado,29 Sep 2025,Chat,Consulta,-,Elizabeth Alvarez,Consultas y Herramientas
105940,29 Sep 2025 08:41 AM,ANDERSEN MATERIALES,Comunicación por tickets #105934 y #105938,-,,Cerrado,29 Sep 2025,Chat,Consulta,-,Karen Varon,Ticket Duplicado
105941,29 Sep 2025 09:25 AM,ANDERSEN MATERIALES,Eliminar movimiento financiero de egreso - Valor transferencia bancaria,-,Buenos días. Solicito la eliminación del siguiente comprobante. Gracias,Cerrado,29 Sep 2025,Web,Consulta,-,Micaela Gatti,Eliminación de CPR
105942,29 Sep 2025 09:54 AM,ANGACO MATERIALES,Nota de pedido mobile pendiente de procesar y búsqueda de comprobantes,-,Nota de pedido mobile pendiente de procesar y búsqueda de comprobantes,Cerrado,29 Sep 2025,Phone,Consulta,-,Macarena Analía Ramirez Barzola,BBJet Mobile
105943,29 Sep 2025 10:04 AM,MATERIALES CENTRO,Permitir carga de entidad en Remito (comprobante estándar),-,Permitir carga de entidad en Remito (comprobante estándar),Cerrado,29 Sep 2025,Phone,Consulta,-,Micaela Gatti,CPR Ventas
105944,29 Sep 2025 10:09 AM,DODVAL,Cómo anular un cheque que no se utilizó en una orden de pago.,-,Cómo anular un cheque que no se utilizó en una orden de pago. Se le indicó que generar un contra pago.,Cerrado,29 Sep 2025,Chat,Consulta,-,Leila Bonacina,Caja
105945,29 Sep 2025 10:16 AM,IMPRESORA DEL NEA SA,Eliminación de movimiento entre cuentas,-,"Llama Maira en nombre de empresa Polinea Informamos los usuarios administradores que tienen permisos para eliminar comprobantes de caja, ya que nosotros no podemos proceder con la tarea. También indicamos pasos para ejecutarlo",Cerrado,-,Phone,Consulta,-,Agostina Lozano,Caja
105946,29 Sep 2025 10:44 AM,Eykén,RV: Your scheduled refresh has been paused.,-,RV: Your scheduled refresh has been paused.,En Tratamiento,01 Oct 2025,Email,Consulta,-,Paula Saavedra,BI
105947,29 Sep 2025 10:47 AM,IMPRESORA DEL NEA SA,Consulta sobre eliminar movimiento entre cuentas,-,,Cerrado,29 Sep 2025,Chat,Consulta,-,Karen Varon,Eliminación de CPR
105948,29 Sep 2025 11:06 AM,Lubricentro Goya,Consulta por avances en ticket #105924,-,llamada entrante de (3777537126) Llama Sebastian Explicamos estado de ticket comentado y dejamos mensaje interno para comunicar avances,Cerrado,29 Sep 2025,Phone,Consulta,-,Agostina Lozano,Consulta por ticket
105949,29 Sep 2025 11:07 AM,Calabria Aceros,Consulta por avances de ticket #105896,-,Consulta por avances de ticket #105896,Cerrado,29 Sep 2025,Phone,Consulta,-,Micaela Gatti,Consulta por ticket
105950,29 Sep 2025 11:08 AM,Montajes y Construcciones Quequén,Inconveniente al realizar envío de mail,-,,Cerrado,29 Sep 2025,Chat,Consulta,-,Elizabeth Alvarez,E-mail
105951,29 Sep 2025 11:13 AM,El Super de los Filtros,Consulta por ticket #105747,-,Consulta por ticket #105747,Cerrado,29 Sep 2025,Phone,Consulta,-,Macarena Analía Ramirez Barzola,Consulta por ticket
105952,29 Sep 2025 11:23 AM,Credimisión,Capacitación - Módulo BI,-,Capacitación - Módulo BI,En planificacion,-,Chat,Capacitación,-,Paula Saavedra,BI
105953,29 Sep 2025 11:32 AM,MERCONOR,Visualización de observaciones en notas de pedido,-,llamada entrante de (3414530923) Llama Luisina Habilitamos el campo oculto,Cerrado,29 Sep 2025,Phone,Consulta,-,Agostina Lozano,Reportes
105954,29 Sep 2025 11:33 AM,Central Denaro,Consulta sobre nuevas normativas de ARBA para agentes de retención,-,,Cerrado,29 Sep 2025,Chat,Consulta,-,Karen Varon,Otros temas
105955,29 Sep 2025 12:00 PM,KALYDON TOOLS,Adaptación obligatoria al nuevo régimen de ARBA: ticket cliente #104574,-,,Cerrado,29 Sep 2025,Email,Consulta,-,Karen Varon,Impositivas
105957,29 Sep 2025 12:26 PM,Samaco,Adaptación obligatoria al nuevo régimen de ARBA: sistema digital para la emisión de comprobantes de retención,-,,En Tratamiento,-,Email,Consulta,-,Karen Varon,Percepciones y retenciones
105958,29 Sep 2025 12:37 PM,FORKRET,Adaptación obligatoria al nuevo régimen de ARBA: sistema digital para la emisión de comprobantes de retención,-,,En Analisis,-,Email,Mejora,-,Karen Varon,Percepciones y retenciones
105959,29 Sep 2025 01:45 PM,Lubricentro Goya,Actualizar BBJet ML por ticket #105423,-,,Cerrado,29 Sep 2025,Chat,Actualización,-,Germán Dachary,Actualización
105960,29 Sep 2025 02:12 PM,CORRALON VAQUEROS,Consulta por reinstalación de windows en el servidor,-,Consulta por reinstalación de windows en el servidor,Cerrado,29 Sep 2025,Chat,Consulta,-,Macarena Analía Ramirez Barzola,Servidores
105961,29 Sep 2025 02:20 PM,LOGBELTS SRL,Consulta como realizar devolución en orden de servicio y luego volver a facturar,-,Consulta como realizar devolución en orden de servicio y luego volver a facturar,Cerrado,29 Sep 2025,Phone,Consulta,-,Macarena Monetta,Orden de Servicio
105962,29 Sep 2025 03:22 PM,MARCHAL,Integración con Posnet,-,"Solicitan que se evalue la posibilidad de integrar posnet (de varias marcas como Mercado Pago) con Paljet ERP para poder leerlos y cargar automáticamente en base a los mismos la información de pago en las facturas. Tales como lecturas de tarjetas, QR, entre otros. Cargando en la forma de pago de la factura los datos indicados por el posnet, e enviar al posnet el monto a pagar para la retroalimentación entre los dispositivos, pudiendo completar el proceso de pago y la carga de la factura en menos pasos de los que se llevan a cabo actualmente al cargar la forma de pago manualmente en la factura reflejando de forma representativa la tarjeta o el QR y el monto indicado en el posnet que se pone a disposición del cliente",En Analisis,-,Email,Requerimiento,-,Jésica Leguiza,Integraciones
105963,29 Sep 2025 03:26 PM,AUTOPARTES,Cambios en portal IVA SIMPLE,-,Adaptación obligatoria al nuevo régimen de ARBA: sistema digital para la emisión de comprobantes de retención,En Analisis,-,Chat,Requerimiento,-,Leila Bonacina,Impositivas
105964,29 Sep 2025 03:36 PM,DE DIEGO,Agentes de recaudación - Modificación de formato de importación ARBA,-,,En Analisis,-,Chat,Mejora,-,Joaquina Villanueva,Percepciones y retenciones
105965,29 Sep 2025 03:38 PM,OSCAR PERUSIA,Acomodar saldo de cuenta corriente de cliente,-,Acomodar saldo de cuenta corriente de cliente,Cerrado,29 Sep 2025,Chat,Consulta,-,Macarena Analía Ramirez Barzola,CPR Ventas
105966,29 Sep 2025 03:49 PM,El Ranquel,Solicita apoyo para insertar conceptos para NC y ND proveedor,-,,Cerrado,29 Sep 2025,Chat,Consulta,-,Lautaro Bustos,CPR Compras
105967,29 Sep 2025 03:54 PM,REPUESTOS RAFAELA (FIA),Solicita formulario para adquirir dos licencias,-,,Cerrado,29 Sep 2025,Chat,Consulta,-,Macarena Monetta,Licencia / Modulo
105968,29 Sep 2025 04:05 PM,INTER PARTS,Solicita contacton con Eliana Barreto,-,,Cerrado,29 Sep 2025,Phone,Consulta,-,Lautaro Bustos,Comunicarse con otra área
105969,29 Sep 2025 04:07 PM,COMACO,Consulta de stock comprometido valorizado,-,Consulta de stock comprometido valorizado,Cerrado,29 Sep 2025,Chat,Consulta,-,Agostina Lozano,Consultas y Herramientas
105970,29 Sep 2025 04:16 PM,RTI / PBS - NICARAGUA,Agregar a control de solicitud aquiler personal externo- Configurar cambio de talonario para nuevo usuario,-,,Cerrado,29 Sep 2025,Chat,Consulta,-,Macarena Monetta,Script
105971,29 Sep 2025 04:21 PM,Lubricentro Goya,Error: Cannot read properties of undefined (Reading 'name') al ingresar a BtoB,-,,Cerrado,01 Oct 2025,Chat,Incidente,-,Lautaro Bustos,BBJet BtoB
105972,29 Sep 2025 04:25 PM,Direfil,Alta de talonario para facturas pre-impresas,-,Alta de talonario para facturas pre-impresas,Cerrado,30 Sep 2025,Chat,Consulta,-,Agostina Lozano,Talonario / Config. PC Talonarios
105973,29 Sep 2025 04:30 PM,FERRE TEROS,"eliminar ""retira acuerdo de precios""",-,,Espera del Cliente,-,Chat,Consulta,-,Joaquina Villanueva,Acuerdo de Precio
105974,29 Sep 2025 04:31 PM,COMACO,Consulta de comprometido valorizado,-,Indicamos consultas a ejecutar de comprometido valorizado que no discrimine por esquema,Cerrado,30 Sep 2025,Chat,Consulta,-,Agostina Lozano,Consultas y Herramientas
105975,29 Sep 2025 05:20 PM,DRUBICH Y CIA,Publicación activa con Precio erroneo - Ingreso una venta de un artículo el cual no tenia el precio actualizado,-,,En Analisis,-,Chat,Incidente,-,Macarena Monetta,BBJet ML
105976,29 Sep 2025 05:30 PM,COMACO,Consulta que arroje el costo del comprometido valorizado,-,,Cerrado,30 Sep 2025,Chat,Consulta,-,Joaquina Villanueva,Consultas y Herramientas
105977,29 Sep 2025 05:36 PM,CENTRO HIERRO,Filtros de búsqueda incorrectos,-,,Cerrado,29 Sep 2025,Chat,Consulta,-,Lautaro Bustos,CPR Ventas
105978,29 Sep 2025 05:41 PM,CASA CARLITOS,Error al solicitar cae- La factura no tenía identificado el consumidor final-Se actualizo el parametro al valor de hoy,-,Error al solicitar cae- La factura no tenía identificado el consumidor final-Se actualizo el parametro al valor de hoy,Cerrado,29 Sep 2025,Phone,Consulta,-,Macarena Monetta,Factura electrónica
105979,29 Sep 2025 05:49 PM,FERRE TEROS,Brinda información para  ticket #105973,-,,Cerrado,29 Sep 2025,Chat,Consulta,-,Macarena Monetta,Ticket Duplicado
105980,29 Sep 2025 05:55 PM,SIA,Reporta que publicación vinculada no aparece activa en ML,-,,Cerrado,29 Sep 2025,Phone,Consulta,-,Lautaro Bustos,BBJet ML
105981,30 Sep 2025 08:16 AM,FERRETERÍA ARGENTINA RAWSON,Adaptar scripts activos de la empresa id 1 a los nuevos esquemas de la empresa id 2,-,Adaptar scripts activos de la empresa id 1 a los nuevos esquemas de la empresa id 2,En Analisis,-,Chat,Requerimiento,-,Eliana Barreto,Script
105982,30 Sep 2025 08:19 AM,ROUTER,Inconvenientes al solicitar CAE: cortes de ARCA,-,,Cerrado,30 Sep 2025,Chat,Consulta,-,Elizabeth Alvarez,Factura electrónica
105983,30 Sep 2025 08:23 AM,COMSA,Bbjet expedición no carga,-,,Cerrado,30 Sep 2025,Chat,Consulta,-,Joaquina Villanueva,BBJet Expedición
105984,30 Sep 2025 08:23 AM,DISTRIBUIDORA LA T,Chat sin respuesta del cliente,-,,Cerrado,30 Sep 2025,Chat,Consulta,-,Macarena Monetta,Sin respuesta
105985,30 Sep 2025 08:28 AM,INTER PARTS,Solicita contacto con Eliana Barreto,-,,Cerrado,30 Sep 2025,Phone,Consulta,-,Lautaro Bustos,Comunicarse con otra área
105986,30 Sep 2025 08:45 AM,YAPUR,Consultas varias sobre Ordenes de compra- reportes-impresión de etiquetas,-,,Cerrado,30 Sep 2025,Chat,Consulta,-,Macarena Monetta,Reportes
105987,30 Sep 2025 08:51 AM,LEOFILM,Carga envío gratis cuando no corresponde,-,Originalmente el cliente habia configurado para que se realicen envíos gratis a partir de los 60.000 y si o si debe ser en nuestras zonas de reparto https://leofilm.ar/content/8-zona-de-reparto Hoy esta apareciendo con cualquier monto el envio gratis,Open,-,Chat,Incidente,-,Eliana Barreto,Tienda BtoC
105988,30 Sep 2025 08:53 AM,DIPORÁ,asociar articulos a proveedor,-,,Cerrado,30 Sep 2025,Chat,Consulta,-,Joaquina Villanueva,ABM Artículos
105989,30 Sep 2025 09:00 AM,COMACO,"multiples consultas:  inventario valorizado, saldos clientes e pendiente de entrega",-,,Cerrado,30 Sep 2025,Chat,Consulta,-,Joaquina Villanueva,Consultas y Herramientas
105990,30 Sep 2025 09:03 AM,EL AROMITO SA,Capacitación en módulo ventas y compras para nuevo personal,-,Capacitación en módulo ventas y compras para nuevo personal,Espera del Cliente,-,Phone,Capacitación,-,Agostina Lozano,CPR Ventas
105991,30 Sep 2025 09:04 AM,E-Parts - Grupo Cervantes,Adaptación obligatoria al nuevo régimen de ARBA: sistema digital para la emisión de comprobantes de retención,-,,En Analisis,-,Email,Requerimiento,-,Lautaro Bustos,Impositivas
105992,30 Sep 2025 09:13 AM,E-Parts - JL Repuestos,Error de asignación de licencia al acceder al sistema,-,,Cerrado,30 Sep 2025,Phone,Incidente,-,Lautaro Bustos,Licencia / Modulo
105993,30 Sep 2025 09:17 AM,TOYOTA DEL SUR,Actualización de sistema,-,"Actualización de sistema a última versión, para poder trabajar la búsqueda de artículos a través de aplicaciones en los comprobantes. Coordinar con el cliente.",Open,-,Chat,Actualización,-,Agustina Acosta,Actualización
105994,30 Sep 2025 09:18 AM,LA BIANCA,Consulta por avances de ticket #105925,-,Consulta por avances de ticket #105925,Cerrado,30 Sep 2025,Phone,Consulta,-,Macarena Analía Ramirez Barzola,Consulta por ticket
105995,30 Sep 2025 09:21 AM,EL MAGO,Consulta por error al pasar pedidos de su tienda hacia el sistema,-,,Cerrado,30 Sep 2025,Chat,Consulta,-,Elizabeth Alvarez,Integraciones
105996,30 Sep 2025 09:25 AM,ROUTER,Comenta que posee inconvenientes al solicitar cae- Se presentaron microcortes en ARCA,-,,Cerrado,30 Sep 2025,Chat,Consulta,-,Macarena Monetta,Factura electrónica
105997,30 Sep 2025 09:26 AM,FERRETERÍA BARCELLONA,Consulta por asignación de listas de precios,-,,Cerrado,30 Sep 2025,Chat,Consulta,-,Elizabeth Alvarez,ABM Clientes
105998,30 Sep 2025 09:31 AM,CALZADOS BETER,Deja mensaje para Sergio Montero,-,,Cerrado,30 Sep 2025,Phone,Consulta,-,Lautaro Bustos,Comunicarse con otra área
105999,30 Sep 2025 09:37 AM,CABLE A TIERRA,Consulta como poder imprimir lista de precios,-,,Cerrado,30 Sep 2025,Chat,Consulta,-,Macarena Monetta,Lista de Precios
106000,30 Sep 2025 09:40 AM,La Mendocina,Inconvenientes al ingresar al sistema en todas las PC --,-,"Se había iniciado de manera doble PalJet ERP Application Server. Se finalizaron los servicios desde el administrador de tareas, y se volvieron a iniciar, lo que solucionó el inconveniente",Cerrado,30 Sep 2025,Phone,Consulta,-,Micaela Gatti,Servidores
106001,30 Sep 2025 09:41 AM,MARTINEZ ESCALADA,Agentes de recaudación - Modificación de formato de importación ARBA,-,,En Analisis,-,Chat,Mejora,-,Joaquina Villanueva,Percepciones y retenciones
106002,30 Sep 2025 09:44 AM,E- Parts Franquicia Chajarí,Consultas sobre facturación,-,,Cerrado,30 Sep 2025,Chat,Consulta,-,Elizabeth Alvarez,CPR Ventas
106003,30 Sep 2025 09:48 AM,SANTA RITA,Modificar reporte de impresión de etiquetas de artículos,-,,Cerrado,30 Sep 2025,Phone,Mejora,-,Micaela Gatti,Reportes
106004,30 Sep 2025 09:54 AM,TOYOTA LAS HERAS,hacer factura E,-,,Cerrado,30 Sep 2025,Chat,Consulta,-,Joaquina Villanueva,CPR Ventas
106005,30 Sep 2025 09:56 AM,SUMIAGRO,"""No se encontraron los datos del artículo en la lista base""",-,,Cerrado,30 Sep 2025,Chat,Consulta,-,Lautaro Bustos,ABM Artículos
106006,30 Sep 2025 09:56 AM,MAYOR,Consulta por reinstalación de PC servidor por rotura,-,Consulta por reinstalación de PC servidor por rotura Indicamos que deben tener si o si el back up del sistema y hablarnos cuando lo tengan con acceso a la PC que será la servidor para que se comiencen con los pasos,Cerrado,30 Sep 2025,Phone,Consulta,-,Macarena Analía Ramirez Barzola,Servidores
106007,30 Sep 2025 09:58 AM,DIPORÁ,Agregado de IVA a artículos,-,,Cerrado,30 Sep 2025,Chat,Consulta,-,Lautaro Bustos,ABM Artículos
106008,30 Sep 2025 09:58 AM,DISTRIBUIDORA PARA MASCOTAS,Adaptación obligatoria al nuevo régimen de ARBA: sistema digital para la emisión de comprobantes de retención,-,,En Analisis,-,Chat,Requerimiento,-,Lautaro Bustos,Impositivas
106009,30 Sep 2025 10:00 AM,RODAMIENTOS CURUZÚ,Dudas sobre correo recibido sobre modificaciones de ARBA,-,,Cerrado,30 Sep 2025,Phone,Consulta,-,Micaela Gatti,Impositivas
106010,30 Sep 2025 10:01 AM,BOGGIO REPUESTOS,Notas de pedido no pasan a BBJet Expedición,-,Notas de pedido no pasan a BBJet Expedición,Cerrado,30 Sep 2025,Chat,Consulta,-,Micaela Gatti,BBJet Expedición
106011,30 Sep 2025 10:03 AM,ANDERSEN MATERIALES,Emitir NC asociando a mas de una orden de devolución,-,Emitir NC asociando a mas de una orden de devolución,Cerrado,30 Sep 2025,Phone,Consulta,-,Macarena Analía Ramirez Barzola,CPR Ventas
106012,30 Sep 2025 10:03 AM,CALZADOS BETER,Consulta para Sergio o Jesica,-,,Open,-,Email,-,-,Jésica Leguiza,-
106013,30 Sep 2025 10:03 AM,EC SAPEM,"Error ""List index out of bounds (-1)"" al buscar artículo para cargar en comprobante",-,"Error ""List index out of bounds (-1)"" al buscar artículo para cargar en comprobante",Cerrado,30 Sep 2025,Chat,Consulta,-,Micaela Gatti,CPR Ventas
106014,30 Sep 2025 10:06 AM,EL GURI,Inconvenientes al solicitar cae de manera automatica- Microcortes de ARCA,-,,Cerrado,30 Sep 2025,Chat,Consulta,-,Macarena Monetta,Factura electrónica
106015,30 Sep 2025 10:08 AM,BULONERIA BELGRANO,Solicita contacto con Paula,-,,Cerrado,30 Sep 2025,Phone,Consulta,-,Lautaro Bustos,Comunicarse con otra área
106016,30 Sep 2025 10:11 AM,BIANCOSINO,Adaptación obligatoria al nuevo régimen de ARBA: sistema digital para la emisión de comprobantes de retención,-,"Estimados espero esten muy bien!; queria consultarles sobre esta actualización, como será implementada, que necesitan de nuestro lado, si se podrá o no hacer alguna prueba antes, etc, dado que se consultó con el esstudio contable y este regimen entra en vigencia a partir de diciembre. Desde ya muchas gracias y aguardamos comentarios. Saludos! pablo.",En Analisis,-,Web,Requerimiento,-,Elizabeth Alvarez,Impositivas
106017,30 Sep 2025 10:18 AM,LOISA,dar de alta cuenta banco,-,,Cerrado,30 Sep 2025,Chat,Consulta,-,Joaquina Villanueva,Cuentas
106018,30 Sep 2025 10:22 AM,EL MAGO,Comenta que fiscalizo una Factura con un punto distinto al de la fiscal- Cuando se busco el cpr estaba con el punto correcto,-,,Cerrado,30 Sep 2025,Chat,Consulta,-,Macarena Monetta,CPR Ventas
106019,30 Sep 2025 10:25 AM,LARE SA,Transferencias interbancarias no aparecen en Libro de Banco,-,,Cerrado,30 Sep 2025,Phone,Consulta,-,Micaela Gatti,Banco
106020,30 Sep 2025 10:26 AM,Ferretería Comercial Colón,agregar conceptos e impuestos,-,,Cerrado,30 Sep 2025,Chat,Consulta,-,Joaquina Villanueva,Sistema
106021,30 Sep 2025 10:28 AM,CASTRO,Factura de esquema secundario en -1,-,Factura de esquema secundario en -1 Ayudamos con pasos de eliminación para que la puedan volver a realizar,Cerrado,30 Sep 2025,Phone,Consulta,-,Macarena Analía Ramirez Barzola,CPR Ventas
106022,30 Sep 2025 10:37 AM,Bulonera del Sur,Adaptación obligatoria al nuevo régimen de ARBA: sistema digital para la emisión de comprobantes de retención,-,,En Analisis,-,Email,Requerimiento,-,Elizabeth Alvarez,Impositivas
106023,30 Sep 2025 10:48 AM,COMSA,Controlar imputación órdenes de pago / consultas sobre seguimientos de comprobantes proveedor,-,,Open,01 Oct 2025,Chat,Consulta,-,Elizabeth Alvarez,CPR Compras
106024,30 Sep 2025 10:49 AM,FERRETERÍA ARGENTINA ESQUEL,Unificación de módulos de logística de diferentes sucursales,-,"Buenos día. El nuevo circuito que deseo tener, como bien explique, es consolidar la logistica en nuestro nuevo centro logistico, logrando visualizar en el mismo solicitudes de despacho de diferentes puntos de ventas. Aguardo comentarios y coordinación de raunión. Saludos, Estimados, buenas tardes. Debido a que hoy en día lo tiene por separado y lo quieren comenzar a llevar todo junto, recomendamos que puedan armar otro ticket y enviarlo a soporte con el nuevo circuito que desean llevar. Para que alguno de los chicos del área de implantación y capacitación se puede poner en contacto con ustedes y quizás mediante una reunión dejar el nuevo circuito a punto. Ya que si se comienzan a tocar configuraciones por separado, puede quedar algo mal y comenzar a dar errores. Mejor plantear como desean llevarlo de ahora en mas y en una reunión dejar todo andando. Ante cualquier duda o consulta quedamos a disposición. Saludos cordiales. ---- en Vie, 26 Sep 2025 13:44:02 -0300 Nahuel<namateo@ferreteriaargentina.com.ar> escribió ---- Buenas tardes. Nosotros tenemos actualmente servidores físicos con módulos de logistica separados en cada sucursal, (Esquel y Trevelin). Hicimos un nuevo centro de distribución entre ambas ciudades, cuyo depósito se vinculo a ESquel. Ahora queremos contralizar los repartos de mercaderia tanto de esquel como de trevelin desde ese centro de distribución. ¿Existe alguna vinculación que pueda hacer para traer las solicitudes de despacho o remitos a Esquel?, imprimirlos en Esquel, no en Trevelin. Aguardo comentarios, Saludos, Gte. Nahuel MAteo Ferreteria Argentina SRL",En Tratamiento,30 Sep 2025,Web,Consulta,-,Lautaro Bustos,Ticket Duplicado
106025,30 Sep 2025 10:52 AM,Lubricentro Goya,Consulta por avances de ticket #105971,-,Consulta por avances de ticket #105971,Cerrado,30 Sep 2025,Phone,Consulta,-,Macarena Analía Ramirez Barzola,Consulta por ticket
106026,30 Sep 2025 10:58 AM,IOMAQ,Consulta sobre descuentos al detalle en orden de compra,-,,Cerrado,30 Sep 2025,Chat,Consulta,-,Macarena Monetta,CPR Compras
106027,30 Sep 2025 11:00 AM,DISTRIBUIDORA LA T,Reporta tableros de BI desactualizados,-,,Cerrado,30 Sep 2025,Chat,Incidente,-,Lautaro Bustos,BI
106028,30 Sep 2025 11:11 AM,Samaco,Indica que no recibió el mail del ticket #105957,-,,Cerrado,30 Sep 2025,Phone,Consulta,-,Lautaro Bustos,Ticket Duplicado
106029,30 Sep 2025 11:34 AM,MATERIALES PARANA,Cambios en portal IVA SIMPLE,-,Cambios en portal IVA SIMPLE,En Analisis,-,Chat,Requerimiento,-,Macarena Monetta,Impositivas
106030,30 Sep 2025 11:41 AM,FERRETERÍA ARGENTINA TRELEW,Factura en -1,-,Factura en -1 Ayudamos con pasos para eliminar la misma así la pueden volver a cargar y que tome la numeración correspondiente,Cerrado,30 Sep 2025,Phone,Consulta,-,Macarena Analía Ramirez Barzola,CPR Ventas
106031,30 Sep 2025 11:43 AM,AUTOPARTES,realizar publicacion en ML con nuevos articulos,-,,Cerrado,30 Sep 2025,Chat,Consulta,-,Joaquina Villanueva,BBJet ML
106032,30 Sep 2025 11:43 AM,ZC HERRAMENTAL,Dudas sobre cotización por transacción,-,,Cerrado,30 Sep 2025,Phone,Consulta,-,Micaela Gatti,Multimoneda
106033,30 Sep 2025 12:08 PM,CALZADOS BETER,Re: Etsol SRL - Chat con Beter Store #105904,-,Re: Etsol SRL - Chat con Beter Store #105904,Cerrado,30 Sep 2025,Email,Consulta,-,Macarena Analía Ramirez Barzola,Ticket Duplicado
106034,30 Sep 2025 12:08 PM,CALZADOS BETER,"consulta por ticket #105904, marcan la importancia dado que están absorbiendo los gastos de envió",-,"consulta por ticket #105904, marcan la importancia dado que están absorbiendo los gastos de envió",Cerrado,30 Sep 2025,Chat,Consulta,-,Leila Bonacina,Consulta por ticket
106035,30 Sep 2025 12:12 PM,IOMAQ,Solicita link para agendar capacitación por ticket #101526,-,,Cerrado,30 Sep 2025,Chat,Consulta,-,Macarena Monetta,Comunicarse con otra área
106036,30 Sep 2025 12:18 PM,TOYOTA LAS HERAS,Consulta sobre factura E,-,Consulta sobre factura E,Cerrado,30 Sep 2025,Chat,Consulta,-,Leila Bonacina,Factura electrónica
106037,30 Sep 2025 12:27 PM,LOGBELTS SRL,Aplicar masivamente utilidad a nueva lista de precios,-,,Cerrado,30 Sep 2025,Phone,Consulta,-,Lautaro Bustos,Lista de Precios
106038,30 Sep 2025 12:27 PM,Eykén,Descargar mobile en teléfono,-,"Descargar mobile en teléfono Indicamos que los pasos para instalar mobile en el teléfono deben hacerlo ellos, una vez lo tengan si podemos ayudar a configurar el usuario.",Cerrado,30 Sep 2025,Phone,Consulta,-,Macarena Analía Ramirez Barzola,BBJet Mobile
106039,30 Sep 2025 12:39 PM,TOYOTA DEL SUR,Error al solicitar cae- La fecha o numero del ultimo autorizado no se corresponde con el próximo a autorizar,-,,Cerrado,30 Sep 2025,Chat,Consulta,-,Macarena Monetta,Factura electrónica
106040,30 Sep 2025 12:41 PM,Direfil,Consulta por QR en órdenes de servicio,-,,Cerrado,30 Sep 2025,Chat,Consulta,-,Elizabeth Alvarez,Reportes
106041,30 Sep 2025 12:41 PM,MERCONOR,Nota de comprobante y comentarios para ticket #105217,-,Nota de comprobante y comentarios para ticket #105217,Cerrado,30 Sep 2025,Phone,Consulta,-,Micaela Gatti,CPR Ventas
106042,30 Sep 2025 12:45 PM,FEMAT ACE,Solicita instalacion del paljetNetwork ace / import para Femat y Ferremat,-,Solicita instalacion del paljetNetwork ace / import para Femat y Ferremat,Cerrado,30 Sep 2025,Chat,Consulta,-,Leila Bonacina,Instalación de Cliente
106043,30 Sep 2025 12:51 PM,BOGGIO REPUESTOS,Brinda acceso para ticket #106010,-,,Cerrado,30 Sep 2025,Chat,Consulta,-,Macarena Monetta,Ticket Duplicado
106044,30 Sep 2025 12:59 PM,SURI,Inconveniente para ingresar a Paljet en pc que apuntan al capa 2,-,llamada entrante de (2616563158),Cerrado,30 Sep 2025,Phone,Consulta,-,Karen Varon,Conexión
106045,30 Sep 2025 01:12 PM,EL MAGO,Error al enviar un pedido a través de webservice:org.hibernate.exception.SQLGrammarException: could not insert: [ar.etsol.pjeterp.restserver.domain.CprDetalle],-,,Pendiente de Actualizar,-,Chat,Incidente,-,Macarena Monetta,BBJet Webservice
106046,30 Sep 2025 01:19 PM,EL CORRALON,Consulta sobre exportación de txt para libro iva digital,-,llamada entrante de (3434659444),Cerrado,30 Sep 2025,Phone,Consulta,-,Karen Varon,Consultas y Herramientas
106047,30 Sep 2025 01:20 PM,Greca,Cambios en portal IVA SIMPLE,-,,En Analisis,-,Email,Requerimiento,-,Karen Varon,Impositivas
106048,30 Sep 2025 01:27 PM,El Ranquel,Configuración de talonarios para imprimir retenciones,-,,Cerrado,30 Sep 2025,Chat,Consulta,-,Elizabeth Alvarez,CPR Compras
106049,30 Sep 2025 01:45 PM,SJG MONTAJES INDUSTRIALES,Consulta sobre mov. de ctas entre esquemas y mov de bancos,-,,Cerrado,30 Sep 2025,Phone,Consulta,-,Lautaro Bustos,Cuentas
106050,30 Sep 2025 01:47 PM,VEGA METALES,Caida de servicios,-,,Cerrado,30 Sep 2025,Chat,Consulta,-,Joaquina Villanueva,Servidores
106051,30 Sep 2025 01:50 PM,LOGBELTS SRL,Asistencia para configurar conexión remota en nueva pc,-,llamada entrante de (2374297248),Cerrado,30 Sep 2025,Phone,Consulta,-,Karen Varon,Conexión
106052,30 Sep 2025 02:13 PM,DISTRIBUIDORA LA T,"Rentabilidad real, y rentabilidad en power bi",-,"Rentabilidad real, y rentabilidad en power bi",Cerrado,30 Sep 2025,Chat,Consulta,-,Leila Bonacina,BI
106059,30 Sep 2025 02:28 PM,FERRETERÍA ARGENTINA RAWSON,Corregir logo de reporte erróneo,-,"Se asignó el logo de FERRETERIA ARGENTINA al reporte Remito A5 PREFAR, a pedido de Christian.",Cerrado,30 Sep 2025,Phone,Consulta,-,Lautaro Bustos,Reportes
106064,30 Sep 2025 02:43 PM,GARAY,"""Error - fallo el comando reimpresion de duplicado: sub estado invalido"" al reimprimir factura por IF EPSON",-,llamada entrante de (3435322297),Cerrado,30 Sep 2025,Phone,Consulta,-,Karen Varon,Impresoras Fiscales
106065,30 Sep 2025 02:51 PM,Credimisión,cuentas corrientes clientes,-,,Cerrado,01 Oct 2025,Chat,Consulta,-,Joaquina Villanueva,ABM Clientes
106066,30 Sep 2025 02:57 PM,Samaco,Agregar columna de horario en consulta id 331,-,,En Prueba,-,Email,Requerimiento,-,Agostina Lozano,Consultas y Herramientas
106067,30 Sep 2025 02:57 PM,CCS,Asistencia para guardar retenciones en pdf,-,llamada entrante de (3425644020),Cerrado,30 Sep 2025,Phone,Consulta,-,Karen Varon,CPR Compras
106068,30 Sep 2025 03:04 PM,SJG MONTAJES INDUSTRIALES,Consulta por generación de vale a través de NC,-,llamada entrante de (Julián Rodriguez),Cerrado,30 Sep 2025,Phone,Consulta,-,Karen Varon,CPR Ventas
106069,30 Sep 2025 03:07 PM,FERRETERÍA ARGENTINA RAWSON,Solicita corrección de logos a Factura y Presupuesto PREFAR,-,Debe aparecer también el logo de Ferreteria Argentina.,Cerrado,30 Sep 2025,Phone,Consulta,-,Lautaro Bustos,Ticket Duplicado
106070,30 Sep 2025 03:08 PM,Agrobarbero,Solicita link de capacitación con Juan Pablo,-,Solicita link de capacitación con Juan Pablo,Cerrado,30 Sep 2025,Chat,Consulta,-,Macarena Analía Ramirez Barzola,Comunicarse con otra área
106071,30 Sep 2025 03:21 PM,IOMAQ,Asistencia para eliminación y emisión de comprobante proveedor,-,,Cerrado,01 Oct 2025,Chat,Consulta,-,Elizabeth Alvarez,CPR Compras
106072,30 Sep 2025 03:21 PM,SJG MONTAJES INDUSTRIALES,Solicita contacto con Karen por ticket #106068,-,,Cerrado,30 Sep 2025,Phone,Consulta,-,Micaela Gatti,Comunicarse con Soporte
106073,30 Sep 2025 03:30 PM,COMACO,ticket que continua #105989,-,,Cerrado,30 Sep 2025,Chat,Consulta,-,Joaquina Villanueva,Ticket Duplicado
106074,30 Sep 2025 03:31 PM,FERROMUNDO,Consulta para registrar multa y poder imputarla en un recibo,-,llamada entrante de (2994872879),Cerrado,30 Sep 2025,Phone,Consulta,-,Karen Varon,CPR Ventas
106075,30 Sep 2025 03:43 PM,BOGGIO REPUESTOS,Avances de ticket #106010 - Resolución de inconveniente,-,Avances de ticket #106010 - Resolución de inconveniente,Cerrado,30 Sep 2025,Chat,Consulta,-,Micaela Gatti,Ticket Duplicado
106076,30 Sep 2025 03:46 PM,EL REY DEL CABLE,Consulta por avances de ticket #88992,-,llamada entrante de (1134332445) Llama Pablo Informamos estado de ticket y dejamos comentario,Cerrado,30 Sep 2025,Phone,Consulta,-,Agostina Lozano,Consulta por ticket
106077,30 Sep 2025 03:49 PM,Calabria Aceros,"Error ""El reporte no pudo ser cargado desde la base de datos"" en PC",-,,Cerrado,30 Sep 2025,Phone,Consulta,-,Micaela Gatti,CPR Ventas
106078,30 Sep 2025 03:52 PM,CALZADOS BETER,Pedidos con descuento que ingresan por tienda BtoC no se reflejan correctamente en Paljet,-,,En Tratamiento,02 Oct 2025,Chat,Consulta,-,Karen Varon,Tienda BtoC
106079,30 Sep 2025 03:54 PM,ROUTER,Script que permita realizar facturas a un determinado conjunto de articulos,-,,Espera Aprobacion Presupuesto,-,Email,Requerimiento,-,Karen Varon,Script
106080,30 Sep 2025 03:55 PM,ZC HERRAMENTAL,Agregar nota de cotización en facturas de venta,-,Agregar nota de cotización en facturas de venta,En Prueba,-,Chat,Mejora,-,Agostina Lozano,Reportes
106081,30 Sep 2025 03:59 PM,FEMAT ACE,Continuidad ticket #106042,-,Continuidad ticket #106042 llamada entrante de (1161771525),Cerrado,30 Sep 2025,Phone,Consulta,-,Karen Varon,Ticket Duplicado
106082,30 Sep 2025 04:09 PM,COMACO,Consulta por visualización de saldos de clientes y valorizado de stock,-,Consulta por visualización de saldos de clientes y valorizado de stock,Cerrado,30 Sep 2025,Chat,Consulta,-,Leila Bonacina,CPR Ventas
106083,30 Sep 2025 04:10 PM,BOURLOT,Pedidos no pasaron desde BBJet ML a Paljet ERP,-,Pedidos no pasaron desde BBJet ML a Paljet ERP,Cerrado,30 Sep 2025,Chat,Consulta,-,Micaela Gatti,BBJet ML
106084,30 Sep 2025 04:21 PM,AUTOPARTES,"Errores ""body.required_fileds"" al publicar en mercado libre",-,,Cerrado,01 Oct 2025,Chat,Consulta,-,Karen Varon,BBJet ML
106085,30 Sep 2025 04:28 PM,FERRETERIA 24,Consulta por lista de precios,-,"llamada entrante de (3816440591) Llama Valeria Cortamos llamada porque no escuchaban bien, nosotros sí escuchabamos correctamente",Cerrado,30 Sep 2025,Phone,Consulta,-,Agostina Lozano,Lista de Precios
106086,30 Sep 2025 04:35 PM,Lubricentro Goya,consulta por novedades respecto al ticket 105971,-,consulta por novedades respecto al ticket 105971,Cerrado,30 Sep 2025,Chat,Consulta,-,Leila Bonacina,Consulta por ticket
106087,30 Sep 2025 04:48 PM,FERRETERIA 24,Los costos en dólares poseen diferencias  en la lista de precio base,-,Los costos en dólares poseen diferencias en la lista de precio base,En Tratamiento,-,Phone,Consulta,-,Leila Bonacina,Lista de Precios
106088,30 Sep 2025 04:51 PM,SJG MONTAJES INDUSTRIALES,Consulta por movimiento entre cuentas que no visualiza con usuario JUTRA,-,llamada entrante de (Julián Rodriguez),Cerrado,30 Sep 2025,Phone,Consulta,-,Karen Varon,Cuentas
106089,30 Sep 2025 04:54 PM,CALZADOS BETER,Funcionamiento de BeterStore,-,,Cerrado,01 Oct 2025,Email,Consulta,-,Agostina Lozano,Tienda BtoC
106090,30 Sep 2025 05:19 PM,E- Parts Franquicia Chajarí,Copiar detalle de factura en nueva factura,-,Indicamos pasos para copiar el detalle de una factura a otra con //IDCPR,Cerrado,01 Oct 2025,Chat,Consulta,-,Agostina Lozano,CPR Ventas
106091,30 Sep 2025 05:33 PM,Credimisión,Visualizar comprobante eliminado con auditoria de pc,-,,Cerrado,30 Sep 2025,Chat,Consulta,-,Karen Varon,Eliminación de CPR
106092,30 Sep 2025 05:48 PM,BRM REPUESTOS SAS,Apertura de puerto 3011 en servidor,-,llamada entrante de (3514221881),Cerrado,30 Sep 2025,Phone,Consulta,-,Karen Varon,Servidores
106093,30 Sep 2025 06:01 PM,ANPAU,Cantidad de facturas y alta de conjuntos de artículos,-,Llama Cristian Indicamos consultas para ver cantidades de facturas generadas y pasos para alta de conjunto de artículo,Cerrado,30 Sep 2025,Phone,Consulta,-,Agostina Lozano,Consultas y Herramientas
106094,30 Sep 2025 06:02 PM,COMSA,Cambio en colores de esquemas,-,Cambio en colores de esquemas,Cerrado,01 Oct 2025,Chat,Consulta,-,Agostina Lozano,Esquemas
106095,30 Sep 2025 06:19 PM,COMACO,Solicita una herramienta que multiplique la existencia con el costo  del articulo,-,Solicita una herramienta que multiplique la existencia con el costo del articulo,Cerrado,01 Oct 2025,Chat,Consulta,-,Leila Bonacina,Consultas y Herramientas
106096,30 Sep 2025 06:20 PM,RTI / PBS - NICARAGUA,"Error ""no puede generar orden de servicio. La serie indicada tiene un movimiento (remito) sin confirmar""",-,,Espera del Cliente,-,Chat,Consulta,-,Karen Varon,Script
106097,30 Sep 2025 06:40 PM,MARCHAL,Consulta de modificación de precios y disponible de artículo,-,Indicamos consulta con la cual auditar las modificaciones de precios y sección para ver disponible de artículo,Cerrado,01 Oct 2025,Chat,Consulta,-,Agostina Lozano,Consultas y Herramientas
106098,30 Sep 2025 06:40 PM,Ferretería Comercial Colón,Cargar impuesto no gravado en pie de factura proveedor,-,,Cerrado,30 Sep 2025,Chat,Consulta,-,Karen Varon,CPR Compras
106099,30 Sep 2025 07:40 PM,Ferretería Comercial Colón,Carga de conceptos como artículos en factura proveedor,-,Carga de conceptos como artículos en factura proveedor,Cerrado,01 Oct 2025,Chat,Consulta,-,Agostina Lozano,CPR Compras
106100,30 Sep 2025 08:28 PM,CALZADOS BETER,Reporta que BBJet GI funciona con lentitud y recibos de cta cte que no impactan,-,,Cerrado,01 Oct 2025,Email,Incidente,-,Lautaro Bustos,BBJet Gestión de Inventario
106101,30 Sep 2025 09:18 PM,INTER PARTS,Chat fuera de horario.,-,Chat fuera de horario.,Cerrado,01 Oct 2025,Chat,Consulta,-,Macarena Analía Ramirez Barzola,Fuera de Horario de Atención
Registros totales en esta página :1959 Registros,,,,,,,,,,,,
